{"version": {"json_export": "202", "page_segmentation": "5", "schema": "1.1.0", "structure": "1.1090.0", "table_structure": "5"}, "extended_metadata": {"ID_instance": "97 78 CB 2D E6 B9 B2 11 0A 00 67 45 8B 6B C6 23 ", "ID_permanent": "42 37 20 43 38 20 43 37 20 32 44 20 45 36 20 42 39 20 42 32 20 31 31 20 30 41 20 30 30 20 36 37 20 34 35 20 38 42 20 36 42 20 43 36 20 32 33 20 ", "has_acroform": false, "has_embedded_files": false, "is_XFA": false, "is_certified": false, "is_encrypted": false, "is_digitally_signed": false, "language": "en-US", "page_count": 8, "pdf_version": "1.6", "pdfa_compliance_level": "", "pdfua_compliance_level": ""}, "elements": [{"Bounds": [42.51969909667969, 597.1663055419922, 568.1984710693359, 778.102294921875], "Font": {"alt_family_name": "Raleway", "embedded": true, "encoding": "WinAnsiEncoding", "family_name": "Raleway", "font_type": "TrueType", "italic": false, "monospaced": false, "name": "FAMEXT+Raleway-Medium", "subset": true, "weight": 500}, "HasClip": false, "Lang": "en", "ObjectID": 338, "Page": 0, "Path": "//Document/P", "Text": "Tackling climate change ", "TextSize": 72.0, "attributes": {"LineHeight": 82.125, "SpaceAfter": 18}}, {"Bounds": [42.51960754394531, 460.21270751953125, 555.195556640625, 565.6927032470703], "Font": {"alt_family_name": "Raleway", "embedded": true, "encoding": "WinAnsiEncoding", "family_name": "Raleway", "font_type": "TrueType", "italic": false, "monospaced": false, "name": "FAMEXT+Raleway-Medium", "subset": true, "weight": 500}, "HasClip": false, "Lang": "en", "ObjectID": 339, "Page": 0, "Path": "//Document/P[2]", "Text": "Contributing to a more decarbonized and sustainable world by reducing and offsetting our carbon emissions and promoting digital solutions that support our clients in their decarbonized journeys ", "TextSize": 20.0, "attributes": {"LineHeight": 26, "SpaceAfter": 18}}, {"Bounds": [422.2998046875, 42.26960754394531, 553.0055999755859, 85.28909301757812], "ObjectID": 340, "Page": 0, "Path": "//Document/Figure", "attributes": {"BBox": [422.502999999997, 42.482499999998254, 552.8179999999993, 85.08079999999973], "BackgroundColor": [0.0235290999999993, 0.0235290999999993, 0.0235290999999993], "Placement": "Block"}}, {"Bounds": [42.51969909667969, 705.43310546875, 534.3736572265625, 780.9131011962891], "Font": {"alt_family_name": "Raleway", "embedded": true, "encoding": "WinAnsiEncoding", "family_name": "Raleway", "font_type": "TrueType", "italic": false, "monospaced": false, "name": "YVYJDH+Raleway-SemiBold", "subset": true, "weight": 600}, "HasClip": false, "Lang": "en", "ObjectID": 385, "Page": 1, "Path": "//Document/H1", "Text": "Atos commits to net-zero carbon emissions by 2039 at latest, setting one of the highest decarbonization standards for its industry. ", "TextSize": 20.0, "attributes": {"LineHeight": 24, "SpaceAfter": 18, "TextAlign": "Justify"}}, {"Bounds": [42.51969909667969, 583.8079071044922, 549.6325531005859, 675.2958984375], "Font": {"alt_family_name": "Raleway", "embedded": true, "encoding": "WinAnsiEncoding", "family_name": "Raleway", "font_type": "TrueType", "italic": false, "monospaced": false, "name": "FAMEXT+Raleway-Medium", "subset": true, "weight": 500}, "HasClip": false, "Lang": "en", "ObjectID": 386, "Page": 1, "Path": "//Document/P[3]", "Text": "Global climate change is something for which we are all responsible. Conscious of the role we can play, Atos initiated a pioneering and ambitious environmental program more than a decade ago. We remain committed to working to manage the challenges which climate change brings, now and in the future. As stated in our \u201craison d\u2019\u00eatre\u201d, the ambition of Atos is to enable its customers, employees and members of society to live, work and develop sustainably, in a safe and secure information space. ", "TextSize": 12.0, "attributes": {"LineHeight": 15, "SpaceAfter": 15}}, {"Bounds": [42.51969909667969, 448.8079071044922, 548.7444458007812, 570.2958984375], "Font": {"alt_family_name": "Raleway", "embedded": true, "encoding": "WinAnsiEncoding", "family_name": "Raleway", "font_type": "TrueType", "italic": false, "monospaced": false, "name": "FAMEXT+Raleway-Medium", "subset": true, "weight": 500}, "HasClip": false, "Lang": "en", "ObjectID": 387, "Page": 1, "Path": "//Document/P[4]", "Text": "Atos has now committed to achieve net-zero carbon emissions by 2039 at latest, a date which is 11 years ahead of the ambitious aim of the UN Paris Agreement on Climate Change to limit the global warming of the planet to 1.5\u00b0C compared to pre-industrial levels (net-zero by 2050). This decision expands our ambitions on decarbonization even further, positioning decarbonization as a core element of our growth strategy and as the decarbonization leader in our industry. With the targets aligned with the newest standards shared by Science-Based Target initiative, we confirm our commitment towards the fight against climate change. ", "TextSize": 12.0, "attributes": {"LineHeight": 15, "SpaceAfter": 18}}, {"Bounds": [42.01887512207031, 321.1802520751953, 143.0204620361328, 422.1818389892578], "ClipBounds": [42.01887512207031, 321.1802520751953, 143.0204620361328, 422.1818389892578], "ObjectID": 388, "Page": 1, "Path": "//Document/Figure[2]", "attributes": {"BBox": [42.95829999999842, 322.0709999999963, 142.07399999999325, 421.1869999999908], "Placement": "Block"}}, {"Bounds": [42.51969909667969, 301.8428955078125, 113.79222106933594, 313.5218963623047], "Font": {"alt_family_name": "Raleway", "embedded": true, "encoding": "WinAnsiEncoding", "family_name": "Raleway", "font_type": "TrueType", "italic": false, "monospaced": false, "name": "YVYJDH+Raleway-SemiBold", "subset": true, "weight": 600}, "HasClip": false, "ObjectID": 389, "Page": 1, "Path": "//Document/P[5]/Sub", "Text": "Alexandra Knupe ", "TextSize": 8.5, "attributes": {"Placement": "Block"}}, {"Bounds": [42.51969909667969, 291.6428985595703, 246.56298828125, 303.3218994140625], "Font": {"alt_family_name": "Raleway", "embedded": true, "encoding": "WinAnsiEncoding", "family_name": "Raleway", "font_type": "TrueType", "italic": false, "monospaced": false, "name": "KSCIPJ+Raleway-Regular", "subset": true, "weight": 400}, "HasClip": false, "ObjectID": 390, "Page": 1, "Path": "//Document/P[5]/Sub[2]", "Text": "Head of Group Corporate Social Responsibility, Atos ", "TextSize": 8.5, "attributes": {"Placement": "Block"}}, {"Bounds": [42.51969909667969, 130.6623992919922, 289.8493194580078, 282.15040588378906], "Font": {"alt_family_name": "Raleway", "embedded": true, "encoding": "WinAnsiEncoding", "family_name": "Raleway", "font_type": "TrueType", "italic": false, "monospaced": false, "name": "FAMEXT+Raleway-Medium", "subset": true, "weight": 500}, "HasClip": false, "Lang": "en", "ObjectID": 391, "Page": 1, "Path": "//Document/P[6]", "Text": "\u201cOur decision to achieve net-zero emissions by 2039 at the latest marks a new step forward. It shows our strong commitment with the fight against climate change. We believe that working together with our stakeholders, we can accelerate the reduction of GHG emissions in the whole value chain. This is what we urgently need to limit the increase of temperature to 1.5\u00b0C as by the Paris Agreement.\u201d ", "TextSize": 12.0, "attributes": {"LineHeight": 15, "SpaceAfter": 18}}, {"Bounds": [302.9158172607422, 321.14715576171875, 403.96287536621094, 422.1942138671875], "ClipBounds": [302.9158172607422, 321.14715576171875, 403.96287536621094, 422.1942138671875], "ObjectID": 392, "Page": 1, "Path": "//Document/Figure[3]", "attributes": {"BBox": [303.9479999999894, 322.0709999999963, 403.0639999999985, 421.1869999999908], "Placement": "Block"}}, {"Bounds": [303.4394073486328, 301.8428955078125, 354.55836486816406, 313.5218963623047], "Font": {"alt_family_name": "Raleway", "embedded": true, "encoding": "WinAnsiEncoding", "family_name": "Raleway", "font_type": "TrueType", "italic": false, "monospaced": false, "name": "YVYJDH+Raleway-SemiBold", "subset": true, "weight": 600}, "HasClip": false, "ObjectID": 393, "Page": 1, "Path": "//Document/P[7]/Sub", "Text": "Diane Galbe ", "TextSize": 8.5, "attributes": {"Placement": "Block"}}, {"Bounds": [303.4394073486328, 291.6428985595703, 554.529541015625, 303.3218994140625], "Font": {"alt_family_name": "Raleway", "embedded": true, "encoding": "Identity-H", "family_name": "Raleway", "font_type": "CIDFontType2", "italic": false, "monospaced": false, "name": "TDNKLR+Raleway-Regular", "subset": true, "weight": 400}, "HasClip": false, "ObjectID": 394, "Page": 1, "Path": "//Document/P[7]/Sub[2]", "Text": "Chief Strategy & Sustainability Officer and General Secretary, Atos ", "TextSize": 8.5, "attributes": {"Placement": "Block"}}, {"Bounds": [303.4394073486328, 85.66239929199219, 556.0696105957031, 282.15040588378906], "Font": {"alt_family_name": "Raleway", "embedded": true, "encoding": "WinAnsiEncoding", "family_name": "Raleway", "font_type": "TrueType", "italic": false, "monospaced": false, "name": "FAMEXT+Raleway-Medium", "subset": true, "weight": 500}, "HasClip": false, "Lang": "en", "ObjectID": 395, "Page": 1, "Path": "//Document/P[8]", "Text": "\u201cDigital makes a valuable contribution to decarbonization.  Atos aims to pioneer decarbonization for the benefit of its clients, all its stakeholders and society at large, by transforming the way digital technologies are designed, developed and used. The acquisition of EcoAct was a major step towards our decarbonization ambition. The combination of Atos\u2019s success in consistently reducing our own carbon footprint with EcoAct\u2019s environmental expertise creates a unique position to support our clients in their net-zero goals.\u201d ", "TextSize": 12.0, "attributes": {"LineHeight": 15}}, {"Bounds": [42.51960754394531, 753.43310546875, 218.4975128173828, 780.9131011962891], "Font": {"alt_family_name": "Raleway", "embedded": true, "encoding": "WinAnsiEncoding", "family_name": "Raleway", "font_type": "TrueType", "italic": false, "monospaced": false, "name": "YVYJDH+Raleway-SemiBold", "subset": true, "weight": 600}, "HasClip": false, "Lang": "en", "ObjectID": 426, "Page": 2, "Path": "//Document/H1[2]", "Text": "Our commitments ", "TextSize": 20.0, "attributes": {"LineHeight": 24, "SpaceAfter": 18}}, {"Bounds": [40.5198974609375, 666.5345001220703, 101.19090270996094, 727.2044982910156], "ObjectID": 427, "Page": 2, "Path": "//Document/H2/Figure", "attributes": {"BBox": [42.95829999999842, 668.9769999999844, 98.75599999999758, 724.6549999999988], "Placement": "Block"}}, {"Bounds": [40.5198974609375, 666.2489013671875, 288.94932556152344, 727.7368927001953], "Font": {"alt_family_name": "Raleway", "embedded": true, "encoding": "WinAnsiEncoding", "family_name": "Raleway", "font_type": "TrueType", "italic": false, "monospaced": false, "name": "FAMEXT+Raleway-Medium", "subset": true, "weight": 500}, "HasClip": false, "Lang": "en", "ObjectID": 428, "Page": 2, "Path": "//Document/H2", "Text": "Pursue Science-Based Targets for Greenhouse Gas (GHG) emission reduction to keep global warming below 1.5\u00b0C ", "TextSize": 12.0, "attributes": {"LineHeight": 15, "SpaceAfter": 18}}, {"Bounds": [42.51969909667969, 622.4293975830078, 267.3787536621094, 644.3083953857422], "Font": {"alt_family_name": "Raleway", "embedded": true, "encoding": "WinAnsiEncoding", "family_name": "Raleway", "font_type": "TrueType", "italic": false, "monospaced": false, "name": "YVYJDH+Raleway-SemiBold", "subset": true, "weight": 600}, "HasClip": false, "Lang": "en", "ObjectID": 429, "Page": 2, "Path": "//Document/P[9]", "Text": "As a result of this decision, Atos commits to reducing its emissions by 50% by 2025 from a 2019 baseline ", "TextSize": 8.5, "attributes": {"LineHeight": 10.25, "SpaceAfter": 14.375}}, {"Bounds": [42.51969909667969, 597.7794036865234, 47.67073059082031, 609.4584045410156], "Font": {"alt_family_name": "Raleway", "embedded": true, "encoding": "Identity-H", "family_name": "Raleway", "font_type": "CIDFontType2", "italic": false, "monospaced": false, "name": "TDNKLR+Raleway-Regular", "subset": true, "weight": 400}, "HasClip": false, "ObjectID": 430, "Page": 2, "Path": "//Document/L/LI/Lbl", "Text": "\u2022 ", "TextSize": 8.5}, {"Bounds": [47.407196044921875, 577.37939453125, 290.38731384277344, 609.4584045410156], "Font": {"alt_family_name": "Raleway", "embedded": true, "encoding": "Identity-H", "family_name": "Raleway", "font_type": "CIDFontType2", "italic": false, "monospaced": false, "name": "TDNKLR+Raleway-Regular", "subset": true, "weight": 400}, "HasClip": false, "ObjectID": 431, "Page": 2, "Path": "//Document/L/LI/LBody", "Text": "All Atos\u2019s GHG emissions to be halved by 2025, five years ahead of expectations by the Science-Based Targets initiative (SBTi). ", "TextSize": 8.5}, {"Bounds": [42.51969909667969, 562.9293975830078, 47.67073059082031, 574.6083984375], "Font": {"alt_family_name": "Raleway", "embedded": true, "encoding": "WinAnsiEncoding", "family_name": "Raleway", "font_type": "TrueType", "italic": false, "monospaced": false, "name": "KSCIPJ+Raleway-Regular", "subset": true, "weight": 400}, "HasClip": false, "ObjectID": 432, "Page": 2, "Path": "//Document/L/LI[2]/Lbl", "Text": "\u2022 ", "TextSize": 8.5}, {"Bounds": [47.4241943359375, 552.7294006347656, 288.7136688232422, 574.6083984375], "Font": {"alt_family_name": "Raleway", "embedded": true, "encoding": "WinAnsiEncoding", "family_name": "Raleway", "font_type": "TrueType", "italic": false, "monospaced": false, "name": "KSCIPJ+Raleway-Regular", "subset": true, "weight": 400}, "HasClip": false, "ObjectID": 433, "Page": 2, "Path": "//Document/L/LI[2]/LBody", "Text": "This will materialize in a reduction of Atos\u2019s GHG emissions by around 11% for scopes 1, 2 and 3 each year. ", "TextSize": 8.5}, {"Bounds": [51.18310546875, 373.7626953125, 284.81927490234375, 525.2507019042969], "Font": {"alt_family_name": "Raleway", "embedded": true, "encoding": "WinAnsiEncoding", "family_name": "Raleway", "font_type": "TrueType", "italic": false, "monospaced": false, "name": "FAMEXT+Raleway-Medium", "subset": true, "weight": 500}, "HasClip": false, "Lang": "en", "ObjectID": 434, "Page": 2, "Path": "//Document/P[10]", "Text": "Progress on achieving the targets is publicly available in our website and in our official publications. Our Executive Board, the Group Management Committee and the Board of Directors are regularly informed of the progress made towards these targets and furthermore, Atos also operates incentive schemes for top managers to encourage them to work towards those targets. ", "TextSize": 12.0, "attributes": {"LineHeight": 15, "SpaceAfter": 15}}, {"Bounds": [51.18310546875, 313.7626953125, 272.3767852783203, 360.2507019042969], "Font": {"alt_family_name": "Raleway", "embedded": true, "encoding": "WinAnsiEncoding", "family_name": "Raleway", "font_type": "TrueType", "italic": false, "monospaced": false, "name": "FAMEXT+Raleway-Medium", "subset": true, "weight": 500}, "HasClip": false, "Lang": "en", "ObjectID": 435, "Page": 2, "Path": "//Document/H2[2]", "Text": "As a result, Atos\u2019s global environmental program is fully embedded into Atos strategy. ", "TextSize": 12.0, "attributes": {"LineHeight": 15, "SpaceAfter": 18}}, {"Bounds": [303.2241973876953, 667.0131988525391, 362.9172058105469, 726.7041931152344], "ObjectID": 436, "Page": 2, "Path": "//Document/Figure[4]", "attributes": {"BBox": [305.02799999999115, 668.7369999999937, 361.1849999999977, 724.7749999999942], "Placement": "Block"}}, {"Bounds": [376.7243957519531, 651.2489013671875, 533.6712341308594, 727.7368927001953], "Font": {"alt_family_name": "Raleway", "embedded": true, "encoding": "WinAnsiEncoding", "family_name": "Raleway", "font_type": "TrueType", "italic": false, "monospaced": false, "name": "FAMEXT+Raleway-Medium", "subset": true, "weight": 500}, "HasClip": false, "Lang": "en", "ObjectID": 437, "Page": 2, "Path": "//Document/H2[3]", "Text": "Achieve net-zero emissions by 2039 at the latest thanks to the various initiatives set under the environmental program ", "TextSize": 12.0, "attributes": {"LineHeight": 15, "SpaceAfter": 10.25}}, {"Bounds": [304.7243957519531, 550.029296875, 553.9613800048828, 643.3083038330078], "Font": {"alt_family_name": "Raleway", "embedded": true, "encoding": "WinAnsiEncoding", "family_name": "Raleway", "font_type": "TrueType", "italic": false, "monospaced": false, "name": "KSCIPJ+Raleway-Regular", "subset": true, "weight": 400}, "HasClip": false, "Lang": "en", "ObjectID": 438, "Page": 2, "Path": "//Document/P[11]", "Text": "The Atos Environmental Program supports these new climate change-related targets and goals through a variety of initiatives and action plans to achieve ISO 140001 certification at major offices and datacenters, improve the average power usage efficiency of Atos\u2019s datacenters, decrease energy intensity across the Group, reduce business travel impacts as well as offering sustainable carbon-compensated services and new solutions and technologies to help Atos\u2019s clients in improving their decarbonization practices. ", "TextSize": 8.5, "attributes": {"LineHeight": 10.25, "SpaceAfter": 10.25}}, {"Bounds": [304.7243957519531, 417.42930603027344, 550.6803741455078, 541.3083038330078], "Font": {"alt_family_name": "Raleway", "embedded": true, "encoding": "WinAnsiEncoding", "family_name": "Raleway", "font_type": "TrueType", "italic": false, "monospaced": false, "name": "KSCIPJ+Raleway-Regular", "subset": true, "weight": 400}, "HasClip": false, "Lang": "en", "ObjectID": 439, "Page": 2, "Path": "//Document/P[12]", "Text": "The Program is embedded across the activities of the organization, including R&D and procurement. To support the global fight against climate change, Atos has further reduced the energy consumption and carbon footprint of its digital solutions and technologies (eco-efficient digital technologies). This includes green IT best practices, life cycle assessments, eco-design, eco-label guidelines, dedicated R&D investments on energy and carbon, selection of low-energy subcomponents and adoption of the Circular Economy principles. Working with suppliers to decarbonize the value chain is also an objective of the Group. Emission reduction activities within or linked to Atos\u2019s supply chain include: ", "TextSize": 8.5, "attributes": {"LineHeight": 10.25, "SpaceAfter": 10.25}}, {"Bounds": [304.7243957519531, 397.029296875, 309.87542724609375, 408.7082977294922], "Font": {"alt_family_name": "Raleway", "embedded": true, "encoding": "WinAnsiEncoding", "family_name": "Raleway", "font_type": "TrueType", "italic": false, "monospaced": false, "name": "KSCIPJ+Raleway-Regular", "subset": true, "weight": 400}, "HasClip": false, "ObjectID": 440, "Page": 2, "Path": "//Document/L[2]/LI/Lbl", "Text": "\u2022 ", "TextSize": 8.5}, {"Bounds": [310.39390563964844, 386.8292999267578, 529.5239562988281, 408.7082977294922], "Font": {"alt_family_name": "Raleway", "embedded": true, "encoding": "WinAnsiEncoding", "family_name": "Raleway", "font_type": "TrueType", "italic": false, "monospaced": false, "name": "KSCIPJ+Raleway-Regular", "subset": true, "weight": 400}, "HasClip": false, "ObjectID": 441, "Page": 2, "Path": "//Document/L[2]/LI/LBody", "Text": "Ongoing work with existing suppliers and negotiation of specific progress plans; ", "TextSize": 8.5}, {"Bounds": [304.7243957519531, 372.3793029785156, 309.87542724609375, 384.0583038330078], "Font": {"alt_family_name": "Raleway", "embedded": true, "encoding": "WinAnsiEncoding", "family_name": "Raleway", "font_type": "TrueType", "italic": false, "monospaced": false, "name": "KSCIPJ+Raleway-Regular", "subset": true, "weight": 400}, "HasClip": false, "ObjectID": 442, "Page": 2, "Path": "//Document/L[2]/LI[2]/Lbl", "Text": "\u2022 ", "TextSize": 8.5}, {"Bounds": [310.39390563964844, 351.9792938232422, 553.2219543457031, 384.0583038330078], "Font": {"alt_family_name": "Raleway", "embedded": true, "encoding": "WinAnsiEncoding", "family_name": "Raleway", "font_type": "TrueType", "italic": false, "monospaced": false, "name": "KSCIPJ+Raleway-Regular", "subset": true, "weight": 400}, "HasClip": false, "ObjectID": 443, "Page": 2, "Path": "//Document/L[2]/LI[2]/LBody", "Text": "New supplier selection criteria include an increased weight of CSR risk and environmental topics and objectives (including well-below 2\u00b0C and 1.5\u00b0C Science-Based Targets); ", "TextSize": 8.5}, {"Bounds": [304.7243957519531, 337.529296875, 309.87542724609375, 349.2082977294922], "Font": {"alt_family_name": "Raleway", "embedded": true, "encoding": "WinAnsiEncoding", "family_name": "Raleway", "font_type": "TrueType", "italic": false, "monospaced": false, "name": "KSCIPJ+Raleway-Regular", "subset": true, "weight": 400}, "HasClip": false, "ObjectID": 444, "Page": 2, "Path": "//Document/L[2]/LI[3]/Lbl", "Text": "\u2022 ", "TextSize": 8.5}, {"Bounds": [310.39390563964844, 327.3292999267578, 545.3585357666016, 349.2082977294922], "Font": {"alt_family_name": "Raleway", "embedded": true, "encoding": "WinAnsiEncoding", "family_name": "Raleway", "font_type": "TrueType", "italic": false, "monospaced": false, "name": "KSCIPJ+Raleway-Regular", "subset": true, "weight": 400}, "HasClip": false, "ObjectID": 445, "Page": 2, "Path": "//Document/L[2]/LI[3]/LBody", "Text": "A reinforcement of the energy consumption and CO2e emissions as key purchasing criteria for goods and services; ", "TextSize": 8.5}, {"Bounds": [304.7243957519531, 312.8793029785156, 309.87542724609375, 324.5583038330078], "Font": {"alt_family_name": "Raleway", "embedded": true, "encoding": "WinAnsiEncoding", "family_name": "Raleway", "font_type": "TrueType", "italic": false, "monospaced": false, "name": "KSCIPJ+Raleway-Regular", "subset": true, "weight": 400}, "HasClip": false, "ObjectID": 446, "Page": 2, "Path": "//Document/L[2]/LI[4]/Lbl", "Text": "\u2022 ", "TextSize": 8.5}, {"Bounds": [310.39390563964844, 292.4792938232422, 550.3565521240234, 324.5583038330078], "Font": {"alt_family_name": "Raleway", "embedded": true, "encoding": "WinAnsiEncoding", "family_name": "Raleway", "font_type": "TrueType", "italic": false, "monospaced": false, "name": "KSCIPJ+Raleway-Regular", "subset": true, "weight": 400}, "HasClip": false, "ObjectID": 447, "Page": 2, "Path": "//Document/L[2]/LI[4]/LBody", "Text": "The inclusion of the cost of energy and of the internal carbon price into business cases and Total Cost of Ownership (TCO) calculations. ", "TextSize": 8.5}, {"Bounds": [42.27000427246094, 81.27482604980469, 553.7704162597656, 275.8908386230469], "ObjectID": 448, "Page": 2, "Path": "//Document/Figure[5]", "attributes": {"BBox": [33.47859999999855, 81.36099999999715, 561.6969999999856, 281.8729999999923], "Placement": "Block"}}, {"Bounds": [42.27000427246094, 81.27482604980469, 553.7704162597656, 275.8908386230469], "ObjectID": 448, "Page": 2, "Path": "//Document/Figure[5]", "attributes": {"BBox": [33.47859999999855, 81.36099999999715, 561.6969999999856, 281.8729999999923], "Placement": "Block"}}, {"Bounds": [42.51969909667969, 753.43310546875, 276.55970764160156, 780.9131011962891], "Font": {"alt_family_name": "Raleway", "embedded": true, "encoding": "WinAnsiEncoding", "family_name": "Raleway", "font_type": "TrueType", "italic": false, "monospaced": false, "name": "YVYJDH+Raleway-SemiBold", "subset": true, "weight": 600}, "HasClip": false, "Lang": "en", "ObjectID": 508, "Page": 3, "Path": "//Document/H1[3]", "Text": "Transformation in action ", "TextSize": 20.0, "attributes": {"LineHeight": 24, "SpaceAfter": 18}}, {"Bounds": [42.51969909667969, 666.2489013671875, 543.8496704101562, 727.7368927001953], "Font": {"alt_family_name": "Raleway", "embedded": true, "encoding": "WinAnsiEncoding", "family_name": "Raleway", "font_type": "TrueType", "italic": false, "monospaced": false, "name": "FAMEXT+Raleway-Medium", "subset": true, "weight": 500}, "HasClip": false, "Lang": "en", "ObjectID": 509, "Page": 3, "Path": "//Document/H2[4]", "Text": "At Atos, we have an ambitious environmental program in place to reduce our greenhouse gas emissions. We have been measuring, reducing and offsetting our emissions for more than a decade and now we are ready to reach the next step of decarbonization for all our stakeholders. ", "TextSize": 12.0, "attributes": {"LineHeight": 15, "SpaceAfter": 18}}, {"Bounds": [40.5198974609375, 588.402099609375, 98.37789916992188, 646.2581024169922], "ObjectID": 510, "Page": 3, "Path": "//Document/Figure[6]", "attributes": {"BBox": [42.95829999999842, 590.7399999999907, 95.99609999999666, 643.7779999999912], "Placement": "Block"}}, {"Bounds": [42.51969909667969, 537.4649047851562, 183.3025360107422, 582.7528991699219], "Font": {"alt_family_name": "Raleway", "embedded": true, "encoding": "WinAnsiEncoding", "family_name": "Raleway", "font_type": "TrueType", "italic": false, "monospaced": false, "name": "FAMEXT+Raleway-Medium", "subset": true, "weight": 500}, "HasClip": false, "Lang": "en", "ObjectID": 511, "Page": 3, "Path": "//Document/H2[5]", "Text": "Reduce Greenhouse gas (GHG) emissions to help tackle climate change ", "TextSize": 12.0, "attributes": {"LineHeight": 14.375, "SpaceAfter": 10.25, "TextAlign": "Justify"}}, {"Bounds": [42.51969909667969, 487.24119567871094, 199.1669921875, 529.5202026367188], "Font": {"alt_family_name": "Raleway", "embedded": true, "encoding": "WinAnsiEncoding", "family_name": "Raleway", "font_type": "TrueType", "italic": false, "monospaced": false, "name": "KSCIPJ+Raleway-Regular", "subset": true, "weight": 400}, "HasClip": false, "Lang": "en", "ObjectID": 512, "Page": 3, "Path": "//Document/P[13]", "Text": "Climate-related action plans have been in place since 2008, covering energy efficiency, business travel impacts and CO2 emissions. ", "TextSize": 8.5, "attributes": {"LineHeight": 10.25, "SpaceAfter": 18}}, {"Bounds": [40.5198974609375, 391.85150146484375, 98.37789916992188, 449.70849609375], "ObjectID": 513, "Page": 3, "Path": "//Document/Figure[7]", "attributes": {"BBox": [42.95829999999842, 394.30799999999, 95.99609999999666, 447.2259999999951], "Placement": "Block"}}, {"Bounds": [42.51969909667969, 369.71080017089844, 167.48760986328125, 386.1988067626953], "Font": {"alt_family_name": "Raleway", "embedded": true, "encoding": "WinAnsiEncoding", "family_name": "Raleway", "font_type": "TrueType", "italic": false, "monospaced": false, "name": "FAMEXT+Raleway-Medium", "subset": true, "weight": 500}, "HasClip": false, "Lang": "en", "ObjectID": 514, "Page": 3, "Path": "//Document/H2[6]", "Text": "Renewable electricity ", "TextSize": 12.0, "attributes": {"LineHeight": 14.375, "SpaceAfter": 10.25}}, {"Bounds": [42.51969909667969, 278.69129943847656, 195.1627197265625, 361.7702941894531], "Font": {"alt_family_name": "Raleway", "embedded": true, "encoding": "WinAnsiEncoding", "family_name": "Raleway", "font_type": "TrueType", "italic": false, "monospaced": false, "name": "KSCIPJ+Raleway-Regular", "subset": true, "weight": 400}, "HasClip": false, "Lang": "en", "ObjectID": 515, "Page": 3, "Path": "//Document/P[14]", "Text": "In terms of renewable electricity, and to support its 1.5\u00b0C Near-Term Science-Based Target, Atos aims at being at 85% by 2025 in % of total electricity consumption. Currently, 67% of the electricity used by Atos\u2019s premises comes from renewable electricity sources. ", "TextSize": 8.5, "attributes": {"LineHeight": 10.25, "SpaceAfter": 18}}, {"Bounds": [214.68060302734375, 588.4013061523438, 272.5386047363281, 646.25830078125], "ObjectID": 516, "Page": 3, "Path": "//Document/Figure[8]", "attributes": {"BBox": [217.1909999999989, 590.7399999999907, 270.10899999999674, 643.7779999999912], "Placement": "Block"}}, {"Bounds": [216.6802978515625, 566.2606964111328, 377.983154296875, 582.7487030029297], "Font": {"alt_family_name": "Raleway", "embedded": true, "encoding": "WinAnsiEncoding", "family_name": "Raleway", "font_type": "TrueType", "italic": false, "monospaced": false, "name": "FAMEXT+Raleway-Medium", "subset": true, "weight": 500}, "HasClip": false, "Lang": "en", "ObjectID": 517, "Page": 3, "Path": "//Document/H2[7]", "Text": "Strong Environmental Policy ", "TextSize": 12.0, "attributes": {"LineHeight": 14.375, "SpaceAfter": 10.25}}, {"Bounds": [216.6802978515625, 485.4411926269531, 379.0983428955078, 558.3202056884766], "Font": {"alt_family_name": "Raleway", "embedded": true, "encoding": "WinAnsiEncoding", "family_name": "Raleway", "font_type": "TrueType", "italic": false, "monospaced": false, "name": "KSCIPJ+Raleway-Regular", "subset": true, "weight": 400}, "HasClip": false, "Lang": "en", "ObjectID": 518, "Page": 3, "Path": "//Document/P[15]", "Text": "A global Environmental Policy strongly encourages a \u201cdo more with less\u201d approach: reduce energy intensity and consumption, reduce travel impact, and consider other environmental challenges (biodiversity, water, circular economy, waste, plastics). ", "TextSize": 8.5, "attributes": {"LineHeight": 10.25, "SpaceAfter": 18}}, {"Bounds": [214.68060302734375, 391.8520050048828, 272.5386047363281, 449.70899963378906], "ObjectID": 519, "Page": 3, "Path": "//Document/Figure[9]", "attributes": {"BBox": [217.1909999999989, 394.30799999999, 270.10899999999674, 447.2259999999951], "Placement": "Block"}}, {"Bounds": [216.6802978515625, 326.51080322265625, 360.03233337402344, 386.1988067626953], "Font": {"alt_family_name": "Raleway", "embedded": true, "encoding": "WinAnsiEncoding", "family_name": "Raleway", "font_type": "TrueType", "italic": false, "monospaced": false, "name": "FAMEXT+Raleway-Medium", "subset": true, "weight": 500}, "HasClip": false, "Lang": "en", "ObjectID": 520, "Page": 3, "Path": "//Document/H2[8]", "Text": "Energy consumption and self-generation, energy efficiency, carbon free energy ", "TextSize": 12.0, "attributes": {"LineHeight": 14.375, "SpaceAfter": 10.25}}, {"Bounds": [216.6802978515625, 133.49130249023438, 380.76434326171875, 318.57029724121094], "Font": {"alt_family_name": "Raleway", "embedded": true, "encoding": "Identity-H", "family_name": "Raleway", "font_type": "CIDFontType2", "italic": false, "monospaced": false, "name": "TDNKLR+Raleway-Regular", "subset": true, "weight": 400}, "HasClip": false, "Lang": "en", "ObjectID": 521, "Page": 3, "Path": "//Document/P[16]", "Text": "To improve the energy efficiency of datacenters, one of the key indicators is the Power Usage Effectiveness \u201cPUE\u201d and many ongoing action plans are in place to reduce it. In the offices, a smart and optimized Group Real Estate program is rolled out worldwide. In 2021, Atos pursued its rapid transition to low-carbon or renewable energy and achieved new milestones in reducing its energy consumption and self-generation, both for datacenters and offices worldwide. For instance, several of our main sites in India, where the biggest portion of Atos\u2019s employees are located, have already shifted to renewable electricity sources and or have installed solar panels to generate green electricity. ", "TextSize": 8.5, "attributes": {"LineHeight": 10.25, "SpaceAfter": 18}}, {"Bounds": [388.84120178222656, 588.4013061523438, 446.69920349121094, 646.25830078125], "ObjectID": 522, "Page": 3, "Path": "//Document/Figure[10]", "attributes": {"BBox": [391.3039999999892, 590.7399999999907, 444.34199999998964, 643.7779999999912], "Placement": "Block"}}, {"Bounds": [390.84100341796875, 551.8607025146484, 552.7197418212891, 582.7487030029297], "Font": {"alt_family_name": "Raleway", "embedded": true, "encoding": "WinAnsiEncoding", "family_name": "Raleway", "font_type": "TrueType", "italic": false, "monospaced": false, "name": "FAMEXT+Raleway-Medium", "subset": true, "weight": 500}, "HasClip": false, "Lang": "en", "ObjectID": 523, "Page": 3, "Path": "//Document/H2[9]", "Text": "Environmental Management System certification ", "TextSize": 12.0, "attributes": {"LineHeight": 14.375, "SpaceAfter": 10.25}}, {"Bounds": [390.84100341796875, 460.84120178222656, 554.8910064697266, 543.9201965332031], "Font": {"alt_family_name": "Raleway", "embedded": true, "encoding": "Identity-H", "family_name": "Raleway", "font_type": "CIDFontType2", "italic": false, "monospaced": false, "name": "TDNKLR+Raleway-Regular", "subset": true, "weight": 400}, "HasClip": false, "Lang": "en", "ObjectID": 524, "Page": 3, "Path": "//Document/P[17]", "Text": "Atos\u2019s current objective is to have at the end of each year, at least 80% of its main sites (core datacenters operated by Atos and office sites with more than 500 internal employees) ISO 14001 certified or in the process of certification. Currently, 90% of our main sites are ISO 14001 certified. ", "TextSize": 8.5, "attributes": {"LineHeight": 10.25, "SpaceAfter": 17.75}}, {"Bounds": [388.84120178222656, 390.8520050048828, 447.69920349121094, 449.70899963378906], "ObjectID": 525, "Page": 3, "Path": "//Document/Figure[11]", "attributes": {"BBox": [391.3039999999892, 393.22799999998824, 445.30199999999604, 447.2259999999951], "Placement": "Block"}}, {"Bounds": [390.84100341796875, 369.71080017089844, 476.4250183105469, 386.1988067626953], "Font": {"alt_family_name": "Raleway", "embedded": true, "encoding": "WinAnsiEncoding", "family_name": "Raleway", "font_type": "TrueType", "italic": false, "monospaced": false, "name": "FAMEXT+Raleway-Medium", "subset": true, "weight": 500}, "HasClip": false, "Lang": "en", "ObjectID": 526, "Page": 3, "Path": "//Document/H2[10]", "Text": "Green mobility ", "TextSize": 12.0, "attributes": {"LineHeight": 14.375, "SpaceAfter": 10.25}}, {"Bounds": [390.84100341796875, 309.2913055419922, 554.8229217529297, 361.7702941894531], "Font": {"alt_family_name": "Raleway", "embedded": true, "encoding": "WinAnsiEncoding", "family_name": "Raleway", "font_type": "TrueType", "italic": false, "monospaced": false, "name": "KSCIPJ+Raleway-Regular", "subset": true, "weight": 400}, "HasClip": false, "Lang": "en", "ObjectID": 527, "Page": 3, "Path": "//Document/P[18]", "Text": "Atos has boosted its green mobility program to develop remote collaboration tools, better enforce travel discipline and shift to an electric Atos car fleet by the end of 2024. ", "TextSize": 8.5, "attributes": {"LineHeight": 10.25}}, {"Bounds": [41.50799560546875, 479.4429016113281, 553.8743743896484, 777.7991180419922], "ObjectID": 555, "Page": 4, "Path": "//Document/Figure[12]", "attributes": {"BBox": [33.47859999999855, 478.6649999999936, 561.6969999999856, 783.6919999999809], "Placement": "Block"}}, {"Bounds": [41.50799560546875, 479.4429016113281, 553.8743743896484, 777.7991180419922], "ObjectID": 555, "Page": 4, "Path": "//Document/Figure[12]", "attributes": {"BBox": [33.47859999999855, 478.6649999999936, 561.6969999999856, 783.6919999999809], "Placement": "Block"}}, {"Bounds": [40.5198974609375, 391.852294921875, 98.37789916992188, 449.7082977294922], "ObjectID": 556, "Page": 4, "Path": "//Document/Figure[13]", "attributes": {"BBox": [42.95829999999842, 394.30799999999, 95.99609999999666, 447.2259999999951], "Placement": "Block"}}, {"Bounds": [42.51969909667969, 355.31080627441406, 194.55853271484375, 386.1988067626953], "Font": {"alt_family_name": "Raleway", "embedded": true, "encoding": "WinAnsiEncoding", "family_name": "Raleway", "font_type": "TrueType", "italic": false, "monospaced": false, "name": "FAMEXT+Raleway-Medium", "subset": true, "weight": 500}, "HasClip": false, "Lang": "en", "ObjectID": 557, "Page": 4, "Path": "//Document/H2[11]", "Text": "IT footprint reduction/Eco-design (green IT) ", "TextSize": 12.0, "attributes": {"LineHeight": 14.375, "SpaceAfter": 10.25}}, {"Bounds": [42.51969909667969, 233.69140625, 204.70814514160156, 347.3704071044922], "Font": {"alt_family_name": "Raleway", "embedded": true, "encoding": "WinAnsiEncoding", "family_name": "Raleway", "font_type": "TrueType", "italic": false, "monospaced": false, "name": "KSCIPJ+Raleway-Regular", "subset": true, "weight": 400}, "HasClip": false, "Lang": "en", "ObjectID": 558, "Page": 4, "Path": "//Document/P[19]", "Text": "Atos has reduced the energy consumption and carbon footprint of its digital solutions and technologies (eco-efficient digital technologies) that sells to its clients applying green IT best practices, green life cycle assessments, eco-design, eco-label guidelines, dedicated R&D investments on energy and carbon, selection of low-energy subcomponents, adoption of the Circular Economy principles. ", "TextSize": 8.5, "attributes": {"LineHeight": 10.25, "SpaceAfter": 18}}, {"Bounds": [214.6804962158203, 391.8522033691406, 272.5384979248047, 449.7082061767578], "ObjectID": 559, "Page": 4, "Path": "//Document/Figure[14]", "attributes": {"BBox": [217.1909999999989, 394.30799999999, 270.10899999999674, 447.2259999999951], "Placement": "Block"}}, {"Bounds": [216.6802978515625, 355.31080627441406, 374.28831481933594, 386.1988067626953], "Font": {"alt_family_name": "Raleway", "embedded": true, "encoding": "WinAnsiEncoding", "family_name": "Raleway", "font_type": "TrueType", "italic": false, "monospaced": false, "name": "FAMEXT+Raleway-Medium", "subset": true, "weight": 500}, "HasClip": false, "Lang": "en", "ObjectID": 560, "Page": 4, "Path": "//Document/H2[12]", "Text": "IT contribution/Sustainable Solutions (IT for Green) ", "TextSize": 12.0, "attributes": {"LineHeight": 14.375, "SpaceAfter": 10.25}}, {"Bounds": [216.6802978515625, 172.49130249023438, 378.12083435058594, 347.37030029296875], "Font": {"alt_family_name": "Raleway", "embedded": true, "encoding": "WinAnsiEncoding", "family_name": "Raleway", "font_type": "TrueType", "italic": false, "monospaced": false, "name": "KSCIPJ+Raleway-Regular", "subset": true, "weight": 400}, "HasClip": false, "Lang": "en", "ObjectID": 561, "Page": 4, "Path": "//Document/P[20]", "Text": "Atos further supports its clients to meet their own sustainability challenges, decarbonize their activities and achieve carbon neutrality (thanks to decarbonization solutions). Atos has already introduced binding contractual Decarbonization Level Agreements for its clients and with EcoAct (an Atos company) created a global Decarbonization Center of Excellence with comprehensive delivery capabilities to help organizations achieve their climate ambitions. Atos reinforced its decarbonization expertise through cooperation with specialized startups (Tier One, GreenSpector, Circular Computing) in its Scaler program. ", "TextSize": 8.5, "attributes": {"LineHeight": 10.25, "SpaceAfter": 18}}, {"Bounds": [389.34120178222656, 391.852294921875, 447.19920349121094, 449.7082977294922], "ObjectID": 562, "Page": 4, "Path": "//Document/Figure[15]", "attributes": {"BBox": [391.78399999999965, 394.30799999999, 444.82199999998556, 447.2259999999951], "Placement": "Block"}}, {"Bounds": [390.8408966064453, 369.71080017089844, 466.0209197998047, 386.1988067626953], "Font": {"alt_family_name": "Raleway", "embedded": true, "encoding": "WinAnsiEncoding", "family_name": "Raleway", "font_type": "TrueType", "italic": false, "monospaced": false, "name": "FAMEXT+Raleway-Medium", "subset": true, "weight": 500}, "HasClip": false, "Lang": "en", "ObjectID": 563, "Page": 4, "Path": "//Document/H2[13]", "Text": "Supply chain ", "TextSize": 12.0, "attributes": {"LineHeight": 14.375, "SpaceAfter": 10.25}}, {"Bounds": [390.8408966064453, 299.09129333496094, 543.6623992919922, 361.7702941894531], "Font": {"alt_family_name": "Raleway", "embedded": true, "encoding": "WinAnsiEncoding", "family_name": "Raleway", "font_type": "TrueType", "italic": false, "monospaced": false, "name": "KSCIPJ+Raleway-Regular", "subset": true, "weight": 400}, "HasClip": false, "Lang": "en", "ObjectID": 564, "Page": 4, "Path": "//Document/P[21]", "Text": "Atos has engaged its suppliers to decarbonize their upstream emissions. Specific contractual clauses regarding environmental performance, energy management and decarbonization are implemented in supplier contracts. ", "TextSize": 8.5, "attributes": {"LineHeight": 10.25, "SpaceAfter": 18}}, {"Bounds": [388.8410949707031, 209.4676055908203, 446.6990966796875, 267.32359313964844], "ObjectID": 565, "Page": 4, "Path": "//Document/Figure[16]", "attributes": {"BBox": [391.3039999999892, 211.91599999999744, 444.34199999998964, 264.8329999999987], "Placement": "Block"}}, {"Bounds": [390.8408966064453, 187.3262939453125, 492.6596984863281, 203.81430053710938], "Font": {"alt_family_name": "Raleway", "embedded": true, "encoding": "Identity-H", "family_name": "Raleway", "font_type": "CIDFontType2", "italic": false, "monospaced": false, "name": "PPMMHZ+Raleway-Medium", "subset": true, "weight": 500}, "HasClip": false, "Lang": "en", "ObjectID": 566, "Page": 4, "Path": "//Document/H2[14]", "Text": "Carbon Offsetting ", "TextSize": 12.0, "attributes": {"LineHeight": 14.375, "SpaceAfter": 10.25}}, {"Bounds": [390.8408966064453, 96.30679321289062, 547.4618988037109, 179.38580322265625], "Font": {"alt_family_name": "Raleway", "embedded": true, "encoding": "Identity-H", "family_name": "Raleway", "font_type": "CIDFontType2", "italic": false, "monospaced": false, "name": "TDNKLR+Raleway-Regular", "subset": true, "weight": 400}, "HasClip": false, "Lang": "en", "ObjectID": 567, "Page": 4, "Path": "//Document/P[22]", "Text": "Atos offsets each year, since 2018, 100% of its carbon operational perimeter (emissions under control or direct influence from datacenters, offices and travel) through dedicated offsetting programs (50% wind-farm projects to generate clean energy and 50% forest protection projects). ", "TextSize": 8.5, "attributes": {"LineHeight": 10.25}}, {"Bounds": [42.51969909667969, 729.43310546875, 489.4937744140625, 780.9131011962891], "Font": {"alt_family_name": "Raleway", "embedded": true, "encoding": "WinAnsiEncoding", "family_name": "Raleway", "font_type": "TrueType", "italic": false, "monospaced": false, "name": "YVYJDH+Raleway-SemiBold", "subset": true, "weight": 600}, "HasClip": false, "Lang": "en", "ObjectID": 568, "Page": 5, "Path": "//Document/H1[4]", "Text": "Spur innovative technologies to contribute to a low-carbon economy ", "TextSize": 20.0, "attributes": {"LineHeight": 24, "SpaceAfter": 18}}, {"Bounds": [42.51969909667969, 642.9418029785156, 550.3885192871094, 704.4297943115234], "Font": {"alt_family_name": "Raleway", "embedded": true, "encoding": "WinAnsiEncoding", "family_name": "Raleway", "font_type": "TrueType", "italic": false, "monospaced": false, "name": "FAMEXT+Raleway-Medium", "subset": true, "weight": 500}, "HasClip": false, "Lang": "en", "ObjectID": 569, "Page": 5, "Path": "//Document/P[23]", "Text": "Atos welcomes the recommendations from the Financial Stability Board\u2019s Task Force on Climate-related Financial Disclosures to assess and anticipate the consequences of climate change (risks, opportunities) whether in terms of prevention, mitigation, adaptation or transformation. ", "TextSize": 12.0, "attributes": {"LineHeight": 15, "SpaceAfter": 18}}, {"Bounds": [61.724395751953125, 520.0442047119141, 537.1104888916016, 596.5321960449219], "Font": {"alt_family_name": "Raleway", "embedded": true, "encoding": "WinAnsiEncoding", "family_name": "Raleway", "font_type": "TrueType", "italic": false, "monospaced": false, "name": "FAMEXT+Raleway-Medium", "subset": true, "weight": 500}, "HasClip": false, "Lang": "en", "ObjectID": 570, "Page": 5, "Path": "//Document/P[24]", "Text": "Thanks to its business and smart digital solutions Atos is in a unique position to help its clients address their own environmental challenges with smart grid solutions that save energy and maximize the use of renewable sources; smart travel and logistics solutions to reduce CO2 emissions; smart city solutions to reduce traffic and pollution and smart farming solutions to save water and increase crops. ", "TextSize": 12.0, "attributes": {"LineHeight": 15, "SpaceAfter": 18}}, {"Bounds": [61.724395751953125, 377.460205078125, 535.8756866455078, 468.9481964111328], "Font": {"alt_family_name": "Raleway", "embedded": true, "encoding": "WinAnsiEncoding", "family_name": "Raleway", "font_type": "TrueType", "italic": false, "monospaced": false, "name": "FAMEXT+Raleway-Medium", "subset": true, "weight": 500}, "HasClip": false, "Lang": "en", "ObjectID": 571, "Page": 5, "Path": "//Document/P[25]", "Text": "Atos is also focused on minimizing energy consumption in each new generation of supercomputers. In 2021, Atos had 18 supercomputers within the Top 100 most energy efficient supercomputers worldwide. These energy-efficient supercomputers are helping organizations around the world to carry out cutting-edge research into climate change. In 2021, JUWELS, the fastest supercomputing system in Europe was ranked #7 on the GREEN500 List. ", "TextSize": 12.0, "attributes": {"LineHeight": 15, "SpaceAfter": 18}}, {"Bounds": [61.724395751953125, 287.52020263671875, 537.3371887207031, 332.0162048339844], "Font": {"alt_family_name": "Raleway", "embedded": true, "encoding": "WinAnsiEncoding", "family_name": "Raleway", "font_type": "TrueType", "italic": false, "monospaced": false, "name": "FAMEXT+Raleway-Medium", "subset": true, "weight": 500}, "HasClip": false, "Lang": "en", "ObjectID": 572, "Page": 5, "Path": "//Document/P[26]", "Text": "Green IT breakthroughs from Atos, such as our decarbonized datacenters, enable our clients to deliver carbon-neutral digital services (carbon neutrality under the PAS 2060 standard) ", "TextSize": 12.0, "attributes": {"LineHeight": 14, "SpaceAfter": 5.625}}, {"Bounds": [61.724395751953125, 239.8441925048828, 539.0231628417969, 284.34019470214844], "Font": {"alt_family_name": "Raleway", "embedded": true, "encoding": "WinAnsiEncoding", "family_name": "Raleway", "font_type": "TrueType", "italic": false, "monospaced": false, "name": "FAMEXT+Raleway-Medium", "subset": true, "weight": 500}, "HasClip": false, "Lang": "en", "ObjectID": 573, "Page": 5, "Path": "//Document/P[27]", "Text": "Atos helps its clients accelerate on their own decarbonization journeys with our IT for Green solutions, ranging from precision farming to energy-efficient smartphone apps to Earth observation services. ", "TextSize": 12.0, "attributes": {"LineHeight": 14, "SpaceAfter": 18, "TextAlign": "Justify"}}, {"Bounds": [61.724395751953125, 128.8441925048828, 505.3475036621094, 175.3321990966797], "Font": {"alt_family_name": "Raleway", "embedded": true, "encoding": "WinAnsiEncoding", "family_name": "Raleway", "font_type": "TrueType", "italic": false, "monospaced": false, "name": "FAMEXT+Raleway-Medium", "subset": true, "weight": 500}, "HasClip": false, "Lang": "en", "ObjectID": 574, "Page": 5, "Path": "//Document/P[28]", "Text": "Atos is committed to delivering solutions aligned and contributing to achieving the United Nations Sustainable Development Goals as detailed in our official publications. ", "TextSize": 12.0, "attributes": {"LineHeight": 15, "SpaceAfter": 18}}, {"Bounds": [42.51969909667969, 753.43310546875, 367.8177947998047, 780.9131011962891], "Font": {"alt_family_name": "Raleway", "embedded": true, "encoding": "WinAnsiEncoding", "family_name": "Raleway", "font_type": "TrueType", "italic": false, "monospaced": false, "name": "YVYJDH+Raleway-SemiBold", "subset": true, "weight": 600}, "HasClip": false, "Lang": "en", "ObjectID": 575, "Page": 6, "Path": "//Document/H1[5]", "Text": "Transparency and climate change ", "TextSize": 20.0, "attributes": {"LineHeight": 24, "SpaceAfter": 18}}, {"Bounds": [42.51969909667969, 681.2489013671875, 554.2285919189453, 727.7368927001953], "Font": {"alt_family_name": "Raleway", "embedded": true, "encoding": "WinAnsiEncoding", "family_name": "Raleway", "font_type": "TrueType", "italic": false, "monospaced": false, "name": "FAMEXT+Raleway-Medium", "subset": true, "weight": 500}, "HasClip": false, "Lang": "en", "ObjectID": 576, "Page": 6, "Path": "//Document/H2[15]", "Text": "Atos is recognized by key players as a global leader for the quality and comprehensiveness of its extra-financial reporting. This level of recognition underlines the commitment of our organization and the hard work and dedication of all our employees at all levels. ", "TextSize": 12.0, "attributes": {"LineHeight": 15, "SpaceAfter": 18}}, {"Bounds": [42.51969909667969, 630.3027038574219, 283.7304229736328, 646.7906951904297], "Font": {"alt_family_name": "Raleway", "embedded": true, "encoding": "WinAnsiEncoding", "family_name": "Raleway", "font_type": "TrueType", "italic": false, "monospaced": false, "name": "FAMEXT+Raleway-Medium", "subset": true, "weight": 500}, "HasClip": false, "Lang": "en", "ObjectID": 577, "Page": 6, "Path": "//Document/H2[16]", "Text": "Maintaining our leadership in sustainability ", "TextSize": 12.0, "attributes": {"LineHeight": 14.375, "SpaceAfter": 18}}, {"Bounds": [40.779296875, 464.7998962402344, 297.7126007080078, 612.5368957519531], "ObjectID": 578, "Page": 6, "Path": "//Document/Figure[17]", "attributes": {"BBox": [42.838299999999435, 466.78499999998894, 295.7879999999859, 610.4189999999944], "Placement": "Block"}}, {"Bounds": [40.779296875, 464.7998962402344, 297.7126007080078, 612.5368957519531], "Font": {"alt_family_name": "Raleway", "embedded": true, "encoding": "WinAnsiEncoding", "family_name": "Raleway", "font_type": "TrueType", "italic": false, "monospaced": false, "name": "KSCIPJ+Raleway-Regular", "subset": true, "weight": 400}, "HasClip": false, "ObjectID": 578, "Page": 6, "Path": "//Document/Figure[17]", "Text": "83/100 Top 4%* AA Top 21%* 1st on the environmental dimension in the IT sector Sustainalytics Among 151 Software & Services companies (2021) ", "TextSize": 0.9217071533203125, "attributes": {"BBox": [42.838299999999435, 466.78499999998894, 295.7879999999859, 610.4189999999944], "Placement": "Block"}}, {"Bounds": [340.9903869628906, 556.2613372802734, 384.3647155761719, 600.0658264160156], "ObjectID": 579, "Page": 6, "Path": "//Document/Figure[18]", "attributes": {"BBox": [341.025999999998, 556.301999999996, 384.3439999999973, 600.0999999999767], "Placement": "Block"}}, {"Bounds": [357.74107360839844, 532.2056121826172, 371.9713592529297, 553.2298736572266], "ObjectID": 580, "Page": 6, "Path": "//Document/Figure[19]", "attributes": {"BBox": [357.7049999999872, 535.6619999999821, 368.1449999999895, 547.5419999999867], "Placement": "Block"}}, {"Bounds": [357.74107360839844, 532.2056121826172, 371.9713592529297, 553.2298736572266], "Font": {"alt_family_name": "Raleway", "embedded": true, "encoding": "WinAnsiEncoding", "family_name": "Raleway", "font_type": "TrueType", "italic": false, "monospaced": false, "name": "FAMEXT+Raleway-Medium", "subset": true, "weight": 500}, "HasClip": false, "ObjectID": 580, "Page": 6, "Path": "//Document/Figure[19]", "Text": "A ", "TextSize": 15.301498413085938, "attributes": {"BBox": [357.7049999999872, 535.6619999999821, 368.1449999999895, 547.5419999999867], "Placement": "Block"}}, {"Bounds": [309.501708984375, 473.41749572753906, 418.0774383544922, 528.3343353271484], "ObjectID": 581, "Page": 6, "Path": "//Document/Figure[20]", "attributes": {"BBox": [309.46699999998964, 473.5049999999901, 415.90299999999115, 522.5829999999842], "Placement": "Block"}}, {"Bounds": [309.501708984375, 473.41749572753906, 418.0774383544922, 528.3343353271484], "Font": {"alt_family_name": "Raleway", "embedded": true, "encoding": "WinAnsiEncoding", "family_name": "Raleway", "font_type": "TrueType", "italic": false, "monospaced": false, "name": "KSCIPJ+Raleway-Regular", "subset": true, "weight": 400}, "HasClip": false, "ObjectID": 581, "Page": 6, "Path": "//Document/Figure[20]", "Text": "Top 2%* Among the Top 200 world leaders on climate change (on 13000) ", "TextSize": 8.670806884765625, "attributes": {"BBox": [309.46699999998964, 473.5049999999901, 415.90299999999115, 522.5829999999842], "Placement": "Block"}}, {"Bounds": [427.6423034667969, 464.7998962402344, 555.6212921142578, 612.5368957519531], "ObjectID": 582, "Page": 6, "Path": "//Document/Figure[21]", "attributes": {"BBox": [429.70299999999406, 466.78499999998894, 553.6569999999774, 610.4189999999944], "Placement": "Block"}}, {"Bounds": [427.6423034667969, 464.7998962402344, 555.6212921142578, 612.5368957519531], "Font": {"alt_family_name": "Raleway", "embedded": true, "encoding": "WinAnsiEncoding", "family_name": "Raleway", "font_type": "TrueType", "italic": false, "monospaced": false, "name": "KSCIPJ+Raleway-Regular", "subset": true, "weight": 400}, "HasClip": false, "ObjectID": 582, "Page": 6, "Path": "//Document/Figure[21]", "Text": "C+ Top 20%* 2021 ", "TextSize": 8.670806884765625, "attributes": {"BBox": [429.70299999999406, 466.78499999998894, 553.6569999999774, 610.4189999999944], "Placement": "Block"}}, {"Bounds": [40.779296875, 316.0885925292969, 168.75830078125, 463.82659912109375], "ObjectID": 583, "Page": 6, "Path": "//Document/Figure[22]", "attributes": {"BBox": [42.838299999999435, 318.1109999999899, 166.79299999999785, 461.74499999999534], "Placement": "Block"}}, {"Bounds": [40.779296875, 316.0885925292969, 168.75830078125, 463.82659912109375], "Font": {"alt_family_name": "Raleway", "embedded": true, "encoding": "WinAnsiEncoding", "family_name": "Raleway", "font_type": "TrueType", "italic": false, "monospaced": false, "name": "KSCIPJ+Raleway-Regular", "subset": true, "weight": 400}, "HasClip": false, "ObjectID": 583, "Page": 6, "Path": "//Document/Figure[22]", "Text": "4,1/5 Top 9%* Among 91 IT companies (2021) ", "TextSize": 8.670806884765625, "attributes": {"BBox": [42.838299999999435, 318.1109999999899, 166.79299999999785, 461.74499999999534], "Placement": "Block"}}, {"Bounds": [169.7335968017578, 316.0885925292969, 297.7126007080078, 463.82659912109375], "ObjectID": 584, "Page": 6, "Path": "//Document/Figure[23]", "attributes": {"BBox": [171.83299999999872, 318.1109999999899, 295.7879999999859, 461.74499999999534], "Placement": "Block"}}, {"Bounds": [169.7335968017578, 316.0885925292969, 297.7126007080078, 463.82659912109375], "Font": {"alt_family_name": "Raleway", "embedded": true, "encoding": "WinAnsiEncoding", "family_name": "Raleway", "font_type": "TrueType", "italic": false, "monospaced": false, "name": "KSCIPJ+Raleway-Regular", "subset": true, "weight": 400}, "HasClip": false, "ObjectID": 584, "Page": 6, "Path": "//Document/Figure[23]", "Text": "67/100 Top 1%* Among 83 Software & IT services (2021) ", "TextSize": 8.670806884765625, "attributes": {"BBox": [171.83299999999872, 318.1109999999899, 295.7879999999859, 461.74499999999534], "Placement": "Block"}}, {"Bounds": [298.6878967285156, 316.0885925292969, 426.6669006347656, 463.82659912109375], "ObjectID": 585, "Page": 6, "Path": "//Document/Figure[24]", "attributes": {"BBox": [300.7079999999987, 318.1109999999899, 424.6629999999859, 461.74499999999534], "Placement": "Block"}}, {"Bounds": [298.6878967285156, 316.0885925292969, 426.6669006347656, 463.82659912109375], "Font": {"alt_family_name": "Raleway", "embedded": true, "encoding": "WinAnsiEncoding", "family_name": "Raleway", "font_type": "TrueType", "italic": false, "monospaced": false, "name": "KSCIPJ+Raleway-Regular", "subset": true, "weight": 400}, "HasClip": false, "ObjectID": 585, "Page": 6, "Path": "//Document/Figure[24]", "Text": "80/100 Top 1%* On the environment, labour & human rights, responsible procurement and ethics ", "TextSize": 8.670806884765625, "attributes": {"BBox": [300.7079999999987, 318.1109999999899, 424.6629999999859, 461.74499999999534], "Placement": "Block"}}, {"Bounds": [427.6423034667969, 316.0885925292969, 555.6212921142578, 463.82659912109375], "ObjectID": 586, "Page": 6, "Path": "//Document/Figure[25]", "attributes": {"BBox": [429.70299999999406, 318.1109999999899, 553.6569999999774, 461.74499999999534], "Placement": "Block"}}, {"Bounds": [427.6423034667969, 316.0885925292969, 555.6212921142578, 463.82659912109375], "Font": {"alt_family_name": "Raleway", "embedded": true, "encoding": "WinAnsiEncoding", "family_name": "Raleway", "font_type": "TrueType", "italic": false, "monospaced": false, "name": "KSCIPJ+Raleway-Regular", "subset": true, "weight": 400}, "HasClip": false, "ObjectID": 586, "Page": 6, "Path": "//Document/Figure[25]", "Text": "Atos 2021 inaugural 800 million sustainability-linked bond Second-Party Opnion on the Sustainability Performance Targets Strength of the KPI Ambitiousness of SPT Very Strong Highly Ambitious ", "TextSize": 8.160797119140625, "attributes": {"BBox": [429.70299999999406, 318.1109999999899, 553.6569999999774, 461.74499999999534], "Placement": "Block"}}, {"Bounds": [78.74407958984375, 255.9665985107422, 130.7932891845703, 306.90489196777344], "ObjectID": 619, "Page": 6, "Path": "//Document/Aside/Figure", "attributes": {"BBox": [78.71679999999833, 255.9539999999979, 130.79499999999825, 306.9519999999902], "Placement": "Block", "SpaceAfter": 7.375, "StartIndent": 29.5}}, {"Bounds": [49.243316650390625, 175.5957489013672, 162.11599731445312, 251.07498168945312], "Font": {"alt_family_name": "Raleway", "embedded": true, "encoding": "WinAnsiEncoding", "family_name": "Raleway", "font_type": "TrueType", "italic": false, "monospaced": false, "name": "KSCIPJ+Raleway-Regular", "subset": true, "weight": 400}, "HasClip": false, "Lang": "en", "ObjectID": 620, "Page": 6, "Path": "//Document/Aside/P", "Text": "Atos ranked in Top 50 Most Sustainable Companies in the World with SEAL 2021 Business Sustainability Award (BSA) for its leadership, transparency, and commitment to sustainable business practices. ", "TextSize": 8.160797119140625, "attributes": {"LineHeight": 9.125, "SpaceAfter": 17.125, "TextAlign": "Center"}}, {"Bounds": [172.60430908203125, 81.95460510253906, 553.8444519042969, 311.96971130371094], "ObjectID": 588, "Page": 6, "Path": "//Document/Figure[26]", "attributes": {"BBox": [164.63299999999435, 81.24099999999817, 561.6969999999856, 317.8709999999992], "Placement": "Block"}}, {"Bounds": [172.60430908203125, 81.95460510253906, 553.8444519042969, 311.96971130371094], "ObjectID": 588, "Page": 6, "Path": "//Document/Figure[26]", "attributes": {"BBox": [164.63299999999435, 81.24099999999817, 561.6969999999856, 317.8709999999992], "Placement": "Block"}}, {"Bounds": [43.228302001953125, 767.3733978271484, 194.84786987304688, 805.8453979492188], "Font": {"alt_family_name": "Raleway", "embedded": true, "encoding": "WinAnsiEncoding", "family_name": "Raleway", "font_type": "TrueType", "italic": false, "monospaced": false, "name": "YVYJDH+Raleway-SemiBold", "subset": true, "weight": 600}, "HasClip": false, "Lang": "en", "ObjectID": 589, "Page": 7, "Path": "//Document/H1[6]", "Text": "About Atos ", "TextSize": 28.0, "attributes": {"LineHeight": 33.625, "SpaceAfter": 18}}, {"Bounds": [43.228302001953125, 599.4875946044922, 204.31263732910156, 754.1535949707031], "Font": {"alt_family_name": "Raleway", "embedded": true, "encoding": "WinAnsiEncoding", "family_name": "Raleway", "font_type": "TrueType", "italic": false, "monospaced": false, "name": "KSCIPJ+Raleway-Regular", "subset": true, "weight": 400}, "HasClip": false, "Lang": "en", "ObjectID": 590, "Page": 7, "Path": "//Document/P[29]", "Text": "Atos is a global leader in digital transformation with 109,000 employees and annual revenue of c. \u20ac 11 billion. European number one in cybersecurity, cloud and high performance computing, the Group provides tailored end-to-end solutions for all industries in 71 countries. A pioneer in decarbonization services and products, Atos is committed to a secure and decarbonized digital for its clients. Atos is a SE (Societas Europaea), listed on Euronext Paris and included in the CAC 40 ESG and Next 20 Paris Stock indexes. ", "TextSize": 8.5, "attributes": {"LineHeight": 11, "SpaceAfter": 11.125}}, {"Bounds": [60.52549743652344, 577.4750061035156, 122.37171936035156, 589.1685943603516], "Font": {"alt_family_name": "Raleway", "embedded": true, "encoding": "WinAnsiEncoding", "family_name": "Raleway", "font_type": "TrueType", "italic": false, "monospaced": false, "name": "KSCIPJ+Raleway-Regular", "subset": true, "weight": 400}, "HasClip": false, "ObjectID": 551, "Page": 7, "Path": "//Document/P[30]/StyleSpan/Reference", "Text": "purpose of Atos", "TextSize": 8.5}, {"Bounds": [43.228302001953125, 456.50059509277344, 203.31724548339844, 589.1685943603516], "Font": {"alt_family_name": "Raleway", "embedded": true, "encoding": "WinAnsiEncoding", "family_name": "Raleway", "font_type": "TrueType", "italic": false, "monospaced": false, "name": "KSCIPJ+Raleway-Regular", "subset": true, "weight": 400}, "HasClip": false, "Lang": "en", "ObjectID": 591, "Page": 7, "Path": "//Document/P[30]", "Text": "The  is to help design the future of the information space. Its expertise and services support the development of knowledge, education and research in a multicultural approach and contribute to the development of scientific and technological excellence. Across the world, the Group enables its customers and employees, and members of societies at large to live, work and develop sustainably, in a safe and secure information space. ", "TextSize": 8.5, "attributes": {"LineHeight": 11, "SpaceAfter": 11}}, {"Bounds": [43.228302001953125, 434.5025939941406, 137.8502960205078, 446.1815948486328], "Font": {"alt_family_name": "Raleway", "embedded": true, "encoding": "WinAnsiEncoding", "family_name": "Raleway", "font_type": "TrueType", "italic": false, "monospaced": false, "name": "FAMEXT+Raleway-Medium", "subset": true, "weight": 500}, "HasClip": false, "ObjectID": 607, "Page": 7, "Path": "//Document/P[31]/Sub", "Text": "Find out more about us ", "TextSize": 8.5, "attributes": {"Placement": "Block"}}, {"Bounds": [43.228302001953125, 423.4750061035156, 76.28477478027344, 435.18260192871094], "Font": {"alt_family_name": "Raleway", "embedded": true, "encoding": "WinAnsiEncoding", "family_name": "Raleway", "font_type": "TrueType", "italic": false, "monospaced": false, "name": "KSCIPJ+Raleway-Regular", "subset": true, "weight": 400}, "HasClip": false, "ObjectID": 552, "Page": 7, "Path": "//Document/P[31]/Sub[2]/Reference", "Text": "atos.net ", "TextSize": 8.5}, {"Bounds": [43.228302001953125, 412.4750061035156, 106.13594055175781, 424.18359375], "Font": {"alt_family_name": "Raleway", "embedded": true, "encoding": "WinAnsiEncoding", "family_name": "Raleway", "font_type": "TrueType", "italic": false, "monospaced": false, "name": "KSCIPJ+Raleway-Regular", "subset": true, "weight": 400}, "HasClip": false, "ObjectID": 553, "Page": 7, "Path": "//Document/P[31]/Sub[3]/Reference", "Text": "atos.net/career ", "TextSize": 8.5}, {"Bounds": [43.228302001953125, 390.50660705566406, 168.40773010253906, 402.1855926513672], "Font": {"alt_family_name": "Raleway", "embedded": true, "encoding": "WinAnsiEncoding", "family_name": "Raleway", "font_type": "TrueType", "italic": false, "monospaced": false, "name": "KSCIPJ+Raleway-Regular", "subset": true, "weight": 400}, "HasClip": false, "Lang": "en", "ObjectID": 593, "Page": 7, "Path": "//Document/P[32]", "Text": "Let\u2019s start a discussion together ", "TextSize": 8.5, "attributes": {"LineHeight": 10.25, "SpaceAfter": 18}}, {"Bounds": [42.97850036621094, 354.1582946777344, 138.1551971435547, 374.7308044433594], "ObjectID": 656, "Page": 7, "Path": "//Document/Reference/Figure", "attributes": {"BBox": [43.198199999998906, 354.34999999999127, 137.99399999999878, 374.5089999999909], "Placement": "Block", "SpaceAfter": 18}}, {"Bounds": [43.228302001953125, 43.670501708984375, 200.8704833984375, 87.91450500488281], "Font": {"alt_family_name": "Raleway", "embedded": true, "encoding": "WinAnsiEncoding", "family_name": "Raleway", "font_type": "TrueType", "italic": false, "monospaced": false, "name": "KSCIPJ+Raleway-Regular", "subset": true, "weight": 400}, "HasClip": false, "Lang": "en", "ObjectID": 594, "Page": 7, "Path": "//Document/P[33]", "Text": "Atos is a registered trademark of Atos SE. June 2022. \u00a9 Copyright 2022, Atos SE. Confidential Information owned by Atos group, to be used by the recipient only. This document, or any part of it, may not be reproduced, copied, circulated and/or distributed nor quoted without prior written approval of Atos. ", "TextSize": 6.0, "attributes": {"LineHeight": 7.25, "SpaceAfter": 16.125}}], "pages": [{"boxes": {"CropBox": [0.0, 0.0, 595.2760009765625, 841.8900146484375], "MediaBox": [0.0, 0.0, 595.2760009765625, 841.8900146484375]}, "height": 841.8900146484375, "is_scanned": false, "page_number": 0, "rotation": 0, "width": 595.2760009765625}, {"boxes": {"CropBox": [0.0, 0.0, 595.2760009765625, 841.8900146484375], "MediaBox": [0.0, 0.0, 595.2760009765625, 841.8900146484375]}, "height": 841.8900146484375, "is_scanned": false, "page_number": 1, "rotation": 0, "width": 595.2760009765625}, {"boxes": {"CropBox": [0.0, 0.0, 595.2760009765625, 841.8900146484375], "MediaBox": [0.0, 0.0, 595.2760009765625, 841.8900146484375]}, "height": 841.8900146484375, "is_scanned": false, "page_number": 2, "rotation": 0, "width": 595.2760009765625}, {"boxes": {"CropBox": [0.0, 0.0, 595.2760009765625, 841.8900146484375], "MediaBox": [0.0, 0.0, 595.2760009765625, 841.8900146484375]}, "height": 841.8900146484375, "is_scanned": false, "page_number": 3, "rotation": 0, "width": 595.2760009765625}, {"boxes": {"CropBox": [0.0, 0.0, 595.2760009765625, 841.8900146484375], "MediaBox": [0.0, 0.0, 595.2760009765625, 841.8900146484375]}, "height": 841.8900146484375, "is_scanned": false, "page_number": 4, "rotation": 0, "width": 595.2760009765625}, {"boxes": {"CropBox": [0.0, 0.0, 595.2760009765625, 841.8900146484375], "MediaBox": [0.0, 0.0, 595.2760009765625, 841.8900146484375]}, "height": 841.8900146484375, "is_scanned": false, "page_number": 5, "rotation": 0, "width": 595.2760009765625}, {"boxes": {"CropBox": [0.0, 0.0, 595.2760009765625, 841.8900146484375], "MediaBox": [0.0, 0.0, 595.2760009765625, 841.8900146484375]}, "height": 841.8900146484375, "is_scanned": false, "page_number": 6, "rotation": 0, "width": 595.2760009765625}, {"boxes": {"CropBox": [0.0, 0.0, 595.2760009765625, 841.8900146484375], "MediaBox": [0.0, 0.0, 595.2760009765625, 841.8900146484375]}, "height": 841.8900146484375, "is_scanned": false, "page_number": 7, "rotation": 0, "width": 595.2760009765625}]}