{"version": {"json_export": "203", "page_segmentation": "5", "schema": "1.1.0", "structure": "1.1099.0", "table_structure": "5"}, "extended_metadata": {"ID_instance": "D7 EA 8A 16 6A BA B2 11 0A 00 67 45 8B 6B C6 23 ", "ID_permanent": "39 39 20 31 34 20 38 36 20 31 36 20 36 41 20 42 41 20 42 32 20 31 31 20 30 41 20 30 30 20 36 37 20 34 35 20 38 42 20 36 42 20 43 36 20 32 33 20 ", "has_acroform": false, "has_embedded_files": false, "is_XFA": false, "is_certified": false, "is_encrypted": false, "is_digitally_signed": false, "language": "en-US", "page_count": 9, "pdf_version": "1.6", "pdfa_compliance_level": "", "pdfua_compliance_level": ""}, "elements": [{"Bounds": [52.19999694824219, 298.11500549316406, 329.25340270996094, 388.9665985107422], "Font": {"alt_family_name": "Mprint", "embedded": true, "encoding": "WinAnsiEncoding", "family_name": "European Mprint", "font_type": "TrueType", "italic": false, "monospaced": false, "name": "PAJTMD+EMprint-Regular", "subset": true, "weight": 400}, "HasClip": false, "Lang": "en", "ObjectID": 276, "Page": 0, "Path": "//Document/Title", "Text": "ExxonMobil Global Outlook Executive Summary Our view to 2050 ", "TextSize": 23.0, "attributes": {"LineHeight": 31, "SpaceAfter": 18}}, {"Bounds": [55.34919738769531, 31.645599365234375, 225.6649932861328, 64.14729309082031], "ObjectID": 277, "Page": 0, "Path": "//Document/Figure", "attributes": {"BBox": [55.557699999999386, 31.823599999999715, 225.47099999999773, 63.86229999999887], "Placement": "Block"}}, {"Bounds": [388.9721221923828, 0.0, 793.0433502197266, 612.0], "ObjectID": 278, "Page": 0, "Path": "//Document/Figure[2]", "attributes": {"BBox": [389.98399999999674, 0.0249022999999999, 791.9679999999935, 612.0], "Placement": "Block"}}, {"Bounds": [53.69999694824219, 514.9806060791016, 244.55813598632812, 563.2805938720703], "Font": {"alt_family_name": "Mprint", "embedded": true, "encoding": "WinAnsiEncoding", "family_name": "European Mprint", "font_type": "TrueType", "italic": false, "monospaced": false, "name": "PAJTMD+EMprint-Semibold", "subset": true, "weight": 600}, "HasClip": false, "Lang": "en", "ObjectID": 330, "Page": 1, "Path": "//Document/H1", "Text": "The world in 2050 will be different ", "TextSize": 20.0, "attributes": {"LineHeight": 24, "SpaceAfter": 7.25}}, {"Bounds": [53.69999694824219, 426.5910949707031, 250.08673095703125, 509.4990997314453], "Font": {"alt_family_name": "Mprint", "embedded": true, "encoding": "WinAnsiEncoding", "family_name": "European Mprint", "font_type": "TrueType", "italic": false, "monospaced": false, "name": "PAJTMD+EMprint-Regular", "subset": true, "weight": 400}, "HasClip": false, "Lang": "en", "ObjectID": 331, "Page": 1, "Path": "//Document/P", "Text": "There will be billions more people, more prosperity, and more energy. Emissions will decline as a variety of low-carbon solutions advance, but achieving net-zero emissions will require the adoption of constructive policies, the emergence of new technologies, and the establishment of market-driven mechanisms. ", "TextSize": 9.0, "attributes": {"LineHeight": 12}}, {"Bounds": [53.69999694824219, 321.61509704589844, 246.92738342285156, 416.5200958251953], "Font": {"alt_family_name": "Mprint", "embedded": true, "encoding": "WinAnsiEncoding", "family_name": "European Mprint", "font_type": "TrueType", "italic": false, "monospaced": false, "name": "PAJTMD+EMprint-Regular", "subset": true, "weight": 400}, "HasClip": false, "Lang": "en", "ObjectID": 332, "Page": 1, "Path": "//Document/P[2]", "Text": "The world may be different then, but the need to provide the reliable, affordable energy that drives economic prosperity and better living standards, while reducing greenhouse gas emissions, will remain just as critical as it is today. This will include oil and natural gas, which will still be required to drive critically needed economic growth in the developing world. ", "TextSize": 9.0, "attributes": {"LineHeight": 12}}, {"Bounds": [309.75, 462.5550994873047, 750.8807983398438, 509.47210693359375], "Font": {"alt_family_name": "Mprint", "embedded": true, "encoding": "WinAnsiEncoding", "family_name": "European Mprint", "font_type": "TrueType", "italic": false, "monospaced": false, "name": "PAJTMD+EMprint-Regular", "subset": true, "weight": 400}, "HasClip": false, "Lang": "en", "ObjectID": 333, "Page": 1, "Path": "//Document/P[3]", "Text": "Every day, billions of people around the world benefit from the ability to heat and cool their homes, cook their food, access medical equipment and modern medicine, and travel for work and pleasure. Affordable and reliable energy is at the core of every key measure of human development \u2013 elevating living standards, life expectancy, education, and income per person. Yet for billions of more people, modern living conditions are still far out of reach. ", "TextSize": 9.0, "attributes": {"LineHeight": 12, "SpaceAfter": 9, "TextAlign": "Justify"}}, {"Bounds": [309.75, 393.5700988769531, 757.9939880371094, 452.4841003417969], "Font": {"alt_family_name": "Mprint", "embedded": true, "encoding": "WinAnsiEncoding", "family_name": "European Mprint", "font_type": "TrueType", "italic": false, "monospaced": false, "name": "PAJTMD+EMprint-Regular", "subset": true, "weight": 400}, "HasClip": false, "Lang": "en", "ObjectID": 334, "Page": 1, "Path": "//Document/P[4]", "Text": "In developing countries, such as India, gross domestic product (GDP) per person is only about $2,000 per year\u00b9, and many people earn far less and lack access to basic necessities, including clean drinking water, heat, and cooking fuel. This challenge will only grow as the world\u2019s population increases from about 8 billion people today to nearly 10 billion in 2050 \u2013 a rate of about 1 million people every six days. And just as human progress has been fueled by higher energy use, further expansion of economic prosperity will depend on increased access to abundant, affordable energy. ", "TextSize": 9.0, "attributes": {"LineHeight": 12, "SpaceAfter": 9}}, {"Bounds": [309.75, 360.5760955810547, 753.7987670898438, 383.53509521484375], "Font": {"alt_family_name": "Mprint", "embedded": true, "encoding": "WinAnsiEncoding", "family_name": "European Mprint", "font_type": "TrueType", "italic": false, "monospaced": false, "name": "PAJTMD+EMprint-Semibold", "subset": true, "weight": 600}, "HasClip": false, "Lang": "en", "ObjectID": 335, "Page": 1, "Path": "//Document/P[5]", "Text": "Energy use and economic development are inseparable. Where there is energy poverty, there is poverty. And where energy availability rises, living standards rise as well. ", "TextSize": 9.0, "attributes": {"LineHeight": 12, "SpaceAfter": 18}}, {"Bounds": [0.0, 25.110031127929688, 791.9999694824219, 306.9064483642578], "ClipBounds": [0.0, 25.110031127929688, 791.9999694824219, 306.9064483642578], "ObjectID": 336, "Page": 1, "Path": "//Document/Figure[3]", "attributes": {"BBox": [0.0, 26.183799999999792, 791.9679999999935, 305.89199999999255], "Placement": "Block"}}, {"Bounds": [0.0, 25.110031127929688, 791.9999694824219, 306.9064483642578], "ClipBounds": [0.0, 25.110031127929688, 791.9999694824219, 306.9064483642578], "Font": {"alt_family_name": "Mprint", "embedded": true, "encoding": "WinAnsiEncoding", "family_name": "European Mprint", "font_type": "TrueType", "italic": false, "monospaced": false, "name": "PAJTMD+EMprint-Regular", "subset": true, "weight": 400}, "HasClip": false, "ObjectID": 336, "Page": 1, "Path": "//Document/Figure[3]", "Text": "Access to affordable and reliable energy is at the core of every key measure of human development and quality of life. ", "TextSize": 16.0, "attributes": {"BBox": [0.0, 26.183799999999792, 791.9679999999935, 305.89199999999255], "Placement": "Block"}}, {"Bounds": [24.240005493164062, 310.1549835205078, 269.75999450683594, 586.1549682617188], "ObjectID": 368, "Page": 2, "Path": "//Document/Figure[4]", "attributes": {"BBox": [25.318999999999505, 311.1719999999914, 268.6689999999944, 585.1209999999846], "Placement": "Block"}}, {"Bounds": [24.345779418945312, 25.140457153320312, 269.65423583984375, 301.1414794921875], "ObjectID": 369, "Page": 2, "Path": "//Document/Figure[5]", "attributes": {"BBox": [25.318999999999505, 26.183799999999792, 268.6689999999944, 300.1329999999871], "Placement": "Block"}}, {"Bounds": [310.8000030517578, 451.0718994140625, 752.4524993896484, 497.98890686035156], "Font": {"alt_family_name": "Mprint", "embedded": true, "encoding": "WinAnsiEncoding", "family_name": "European Mprint", "font_type": "TrueType", "italic": false, "monospaced": false, "name": "PAJTMD+EMprint-Regular", "subset": true, "weight": 400}, "HasClip": false, "Lang": "en", "ObjectID": 370, "Page": 2, "Path": "//Document/P[6]", "Text": "China provides a great illustration. Over the past two decades, China\u2019s GDP per capita surged from around $2,000 to more than $11,000 and drove the elevated living standards that accompany this growth. At the beginning of this period, the basic energy needs of China\u2019s people weren\u2019t being met \u2013 the definition of \u201cenergy poverty.\u201d But 20 years later, China\u2019s energy use per person had nearly tripled, fueling massive economic expansion. ", "TextSize": 9.0, "attributes": {"LineHeight": 12, "SpaceAfter": 12}}, {"Bounds": [310.8000030517578, 391.07789611816406, 746.314453125, 437.9949035644531], "Font": {"alt_family_name": "Mprint", "embedded": true, "encoding": "WinAnsiEncoding", "family_name": "European Mprint", "font_type": "TrueType", "italic": false, "monospaced": false, "name": "PAJTMD+EMprint-Regular", "subset": true, "weight": 400}, "HasClip": false, "Lang": "en", "ObjectID": 371, "Page": 2, "Path": "//Document/P[7]", "Text": "Between now and 2050, developing countries will see GDP per capita more than double, driving higher demand for energy. Meeting that demand with lower-emission energy options is vital to making progress toward society\u2019s environmental goals. At the same time, failing to meet demand would prevent developing nations from achieving their economic goals and their citizens from living longer, more fulfilling lives. ", "TextSize": 9.0, "attributes": {"LineHeight": 12, "SpaceAfter": 12}}, {"Bounds": [310.8000030517578, 247.1049041748047, 508.07066345214844, 378.0009002685547], "Font": {"alt_family_name": "Mprint", "embedded": true, "encoding": "WinAnsiEncoding", "family_name": "European Mprint", "font_type": "TrueType", "italic": false, "monospaced": false, "name": "PAJTMD+EMprint-Regular", "subset": true, "weight": 400}, "HasClip": false, "Lang": "en", "ObjectID": 372, "Page": 2, "Path": "//Document/P[8]", "Text": "The critical question is how that growing energy demand will be met. Renewable energy continues to hold great promise, and we see wind and solar providing 11% of the world\u2019s energy supply in 2050, five times today\u2019s contribution. Other lower-emission options, such as biofuels, carbon capture and storage, hydrogen, and nuclear, will also play important roles. And even with this unprecedented rise in lower-emission options, oil and natural gas are still projected to meet more than half (54%) of the world\u2019s energy needs in 2050. ", "TextSize": 9.0, "attributes": {"LineHeight": 12}}, {"Bounds": [524.0, 280.6278076171875, 756.5936889648438, 357.6417999267578], "Font": {"alt_family_name": "Mprint", "embedded": true, "encoding": "WinAnsiEncoding", "family_name": "European Mprint", "font_type": "TrueType", "italic": false, "monospaced": false, "name": "PAJTMD+EMprint-Regular", "subset": true, "weight": 400}, "HasClip": false, "Lang": "en", "ObjectID": 373, "Page": 2, "Path": "//Document/P[9]", "Text": "As lower-emission energy options grow, we project the world's energy-related CO\u2082 emissions will decline by 25% by 2050. ", "TextSize": 14.0, "attributes": {"LineHeight": 20, "SpaceAfter": 18}}, {"Bounds": [310.8000030517578, 187.11090087890625, 744.7133483886719, 234.02789306640625], "Font": {"alt_family_name": "Mprint", "embedded": true, "encoding": "WinAnsiEncoding", "family_name": "European Mprint", "font_type": "TrueType", "italic": false, "monospaced": false, "name": "PAJTMD+EMprint-Regular", "subset": true, "weight": 400}, "HasClip": false, "Lang": "en", "ObjectID": 374, "Page": 2, "Path": "//Document/P[10]", "Text": "As lower-emission options grow, we project the world\u2019s energy-related CO2 emissions will decline 25% by 2050. That\u2019s a major change as these emissions rose by 10% over the past decade. While the progress is substantial, larger reductions are needed to keep global warming from exceeding 2\u00b0 Celsius, according to the United Nations Intergovernmental Panel on Climate Change (IPCC). ", "TextSize": 9.0, "attributes": {"LineHeight": 12, "SpaceAfter": 12}}, {"Bounds": [310.8000030517578, 127.11689758300781, 749.2395324707031, 174.03390502929688], "Font": {"alt_family_name": "Mprint", "embedded": true, "encoding": "WinAnsiEncoding", "family_name": "European Mprint", "font_type": "TrueType", "italic": false, "monospaced": false, "name": "PAJTMD+EMprint-Regular", "subset": true, "weight": 400}, "HasClip": false, "Lang": "en", "ObjectID": 375, "Page": 2, "Path": "//Document/P[11]", "Text": "The world will need to dramatically scale up lower-emission solutions \u2013 beyond the current trajectory \u2013 that preserve the advantages of today\u2019s energy system while significantly and efficiently reducing emissions. Doing this will require policy support from governments, significant advances in technology to reduce costs, and ultimately, market-driven solutions to incentivize emission reductions.  ", "TextSize": 9.0, "attributes": {"LineHeight": 12}}, {"Bounds": [53.69999694824219, 543.9161987304688, 226.2203826904297, 560.9122009277344], "Font": {"alt_family_name": "Mprint", "embedded": true, "encoding": "WinAnsiEncoding", "family_name": "European Mprint", "font_type": "TrueType", "italic": false, "monospaced": false, "name": "PAJTMD+EMprint-Regular", "subset": true, "weight": 400}, "HasClip": false, "Lang": "en", "ObjectID": 432, "Page": 3, "Path": "//Document/Aside/P", "Text": "How we develop the Outlook ", "TextSize": 14.0, "attributes": {"LineHeight": 16.75, "SpaceAfter": 9}}, {"Bounds": [53.69999694824219, 428.2301940917969, 248.99789428710938, 535.1322021484375], "Font": {"alt_family_name": "Mprint", "embedded": true, "encoding": "WinAnsiEncoding", "family_name": "European Mprint", "font_type": "TrueType", "italic": false, "monospaced": false, "name": "PAJTMD+EMprint-Regular", "subset": true, "weight": 400}, "HasClip": false, "Lang": "en", "ObjectID": 433, "Page": 3, "Path": "//Document/Aside/P[2]", "Text": "ExxonMobil\u2019s Global Outlook is our latest view of demand and supply dynamics through 2050. It forms the basis for the company\u2019s business planning and is underpinned by a deep understanding of long-term market fundamentals. In addition to assessing trends in economic development, technology advances, and consumer behavior, the Outlook seeks to identify potential impacts of climate-related government policies. ", "TextSize": 9.0, "attributes": {"LineHeight": 12, "SpaceAfter": 9}}, {"Bounds": [53.69999694824219, 263.2691955566406, 246.48681640625, 418.15919494628906], "Font": {"alt_family_name": "Mprint", "embedded": true, "encoding": "WinAnsiEncoding", "family_name": "European Mprint", "font_type": "TrueType", "italic": false, "monospaced": false, "name": "PAJTMD+EMprint-Regular", "subset": true, "weight": 400}, "HasClip": false, "Lang": "en", "ObjectID": 434, "Page": 3, "Path": "//Document/Aside/P[3]", "Text": "ExxonMobil considers a range of scenarios \u2013 including those we view as remote \u2013 to help inform strategic thinking. No single pathway can be reasonably predicted, given the wide range of uncertainties. Key unknowns include yet-to-be-developed government policies and advances in technology that may influence the cost, pace, and potential availability of certain pathways. What also remains uncertain is how quickly and to what extent businesses and consumers will be willing to pay for deeper carbon reductions in the products and services they use, thereby creating a market that incentivizes an accelerated path to net zero. ", "TextSize": 9.0, "attributes": {"LineHeight": 12, "SpaceAfter": 9}}, {"Bounds": [53.69999694824219, 110.30520629882812, 249.99676513671875, 253.1981964111328], "Font": {"alt_family_name": "Mprint", "embedded": true, "encoding": "WinAnsiEncoding", "family_name": "European Mprint", "font_type": "TrueType", "italic": false, "monospaced": false, "name": "PAJTMD+EMprint-Regular", "subset": true, "weight": 400}, "HasClip": false, "Lang": "en", "ObjectID": 435, "Page": 3, "Path": "//Document/Aside/P[4]", "Text": "Unlike the company\u2019s Outlook, which is a projection, many scenarios, such as International Energy Agency\u2019s Net Zero Emissions (IEA NZE) by 2050, work backward from a hypothetical outcome to identify the factors needed to achieve that outcome. It is important to note that the IEA acknowledges that society is not on a net-zero pathway, and that the NZE scenario assumes unprecedented energy efficiency gains, innovation and technology transfer, lower-emission investments, and globally coordinated greenhouse-gas reduction policy by governments. ", "TextSize": 9.0, "attributes": {"LineHeight": 12}}, {"Bounds": [312.0, 538.9806060791016, 710.2142181396484, 563.2805938720703], "Font": {"alt_family_name": "Mprint", "embedded": true, "encoding": "WinAnsiEncoding", "family_name": "European Mprint", "font_type": "TrueType", "italic": false, "monospaced": false, "name": "PAJTMD+EMprint-Semibold", "subset": true, "weight": 600}, "HasClip": false, "Lang": "en", "ObjectID": 436, "Page": 3, "Path": "//Document/H1[2]", "Text": "A world with more people and more prosperity ", "TextSize": 20.0, "attributes": {"LineHeight": 24, "SpaceAfter": 14.5}}, {"Bounds": [312.0, 503.2451934814453, 635.842529296875, 526.1681976318359], "Font": {"alt_family_name": "Mprint", "embedded": true, "encoding": "WinAnsiEncoding", "family_name": "European Mprint", "font_type": "TrueType", "italic": false, "monospaced": false, "name": "PAJTMD+EMprint-Regular", "subset": true, "weight": 400}, "HasClip": false, "Lang": "en", "ObjectID": 437, "Page": 3, "Path": "//Document/P[12]", "Text": "The starting place for any assessment of global energy and product needs in 2050 is how many people there will be on the planet and how prosperous they will be. ", "TextSize": 9.0, "attributes": {"LineHeight": 12, "SpaceAfter": 12}}, {"Bounds": [312.0, 455.2481994628906, 633.5016021728516, 490.16819763183594], "Font": {"alt_family_name": "Mprint", "embedded": true, "encoding": "WinAnsiEncoding", "family_name": "European Mprint", "font_type": "TrueType", "italic": false, "monospaced": false, "name": "PAJTMD+EMprint-Regular", "subset": true, "weight": 400}, "HasClip": false, "Lang": "en", "ObjectID": 438, "Page": 3, "Path": "//Document/P[13]", "Text": "The global population is projected to rise by 2 billion people, a 25% increase. It took thousands of years for the world to reach the first 2 billion people, which happened around 1930\u00b2 \u2013 the next 2 billion is predicted to take around 30 years. ", "TextSize": 9.0, "attributes": {"LineHeight": 12, "SpaceAfter": 12, "TextAlign": "Justify"}}, {"Bounds": [312.0, 407.25120544433594, 630.7305297851562, 442.17120361328125], "Font": {"alt_family_name": "Mprint", "embedded": true, "encoding": "WinAnsiEncoding", "family_name": "European Mprint", "font_type": "TrueType", "italic": false, "monospaced": false, "name": "PAJTMD+EMprint-Regular", "subset": true, "weight": 400}, "HasClip": false, "Lang": "en", "ObjectID": 439, "Page": 3, "Path": "//Document/P[14]", "Text": "Not only will there be more people, but they will have greater opportunity and prosperity. Global GDP per capita \u2013 measured as purchasing power per person \u2013 is expected to rise by roughly 85% by 2050. ", "TextSize": 9.0, "attributes": {"LineHeight": 12, "SpaceAfter": 12}}, {"Bounds": [312.0, 323.2541961669922, 633.8986358642578, 394.1741943359375], "Font": {"alt_family_name": "Mprint", "embedded": true, "encoding": "WinAnsiEncoding", "family_name": "European Mprint", "font_type": "TrueType", "italic": false, "monospaced": false, "name": "PAJTMD+EMprint-Regular", "subset": true, "weight": 400}, "HasClip": false, "Lang": "en", "ObjectID": 440, "Page": 3, "Path": "//Document/P[15]", "Text": "Those who live in developed countries are projected to see purchasing power rise roughly 50% to around $70,000. Most of the world's people live in developing countries (non-OECD) and are projected to see purchasing power more than double to $25,000. While this growth projection is impressive, people in the developing world would still have far less purchasing power in 2050 than people in developed nations have today. ", "TextSize": 9.0, "attributes": {"LineHeight": 12, "SpaceAfter": 11.875}}, {"Bounds": [653.7124938964844, 495.4205017089844, 685.1464385986328, 531.8404998779297], "ObjectID": 441, "Page": 3, "Path": "//Document/Figure[6]", "attributes": {"BBox": [653.7329999999783, 503.16399999998976, 680.8519999999844, 525.3639999999723], "Placement": "Block"}}, {"Bounds": [653.7124938964844, 495.4205017089844, 685.1464385986328, 531.8404998779297], "Font": {"alt_family_name": "Mprint", "embedded": true, "encoding": "WinAnsiEncoding", "family_name": "European Mprint", "font_type": "TrueType", "italic": false, "monospaced": false, "name": "PAJTMD+EMprint-Regular", "subset": true, "weight": 400}, "HasClip": false, "ObjectID": 441, "Page": 3, "Path": "//Document/Figure[6]", "Text": "2B ", "TextSize": 30.0, "attributes": {"BBox": [653.7329999999783, 503.16399999998976, 680.8519999999844, 525.3639999999723], "Placement": "Block"}}, {"Bounds": [653.7120056152344, 475.5473937988281, 730.7601928710938, 497.2734069824219], "Font": {"alt_family_name": "Mprint", "embedded": true, "encoding": "WinAnsiEncoding", "family_name": "European Mprint", "font_type": "TrueType", "italic": false, "monospaced": false, "name": "PAJTMD+EMprint-Regular", "subset": true, "weight": 400}, "HasClip": false, "Lang": "en", "ObjectID": 442, "Page": 3, "Path": "//Document/P[16]", "Text": "more people on the planet in 2050 ", "TextSize": 9.0, "attributes": {"LineHeight": 10.75}}, {"Bounds": [312.0, 266.8283996582031, 455.7559814453125, 291.7104034423828], "Font": {"alt_family_name": "Mprint", "embedded": true, "encoding": "WinAnsiEncoding", "family_name": "European Mprint", "font_type": "TrueType", "italic": false, "monospaced": false, "name": "PAJTMD+EMprint-Semibold", "subset": true, "weight": 600}, "HasClip": false, "Lang": "en", "ObjectID": 443, "Page": 3, "Path": "//Document/H2", "Text": "Purchasing power per person Thousand PPP 2017$ ", "TextSize": 11.0, "attributes": {"LineHeight": 12, "SpaceAfter": 12.5}}, {"Bounds": [311.75, 82.93099975585938, 629.8099975585938, 259.22900390625], "ObjectID": 444, "Page": 3, "Path": "//Document/Figure[7]", "attributes": {"BBox": [311.9869999999937, 82.94149999999718, 629.7339999999967, 258.9739999999874], "Placement": "Block"}}, {"Bounds": [311.75, 82.93099975585938, 629.8099975585938, 259.22900390625], "Font": {"alt_family_name": "Mprint", "embedded": true, "encoding": "WinAnsiEncoding", "family_name": "European Mprint", "font_type": "TrueType", "italic": false, "monospaced": false, "name": "PAJTMD+EMprint-Regular", "subset": true, "weight": 400}, "HasClip": false, "ObjectID": 444, "Page": 3, "Path": "//Document/Figure[7]", "Text": "0 20 40 60 80 2000 2010 2020 2030 2040 2050 OECD Non-OECD ", "TextSize": 8.591705322265625, "attributes": {"BBox": [311.9869999999937, 82.94149999999718, 629.7339999999967, 258.9739999999874], "Placement": "Block"}}, {"Bounds": [312.0, 58.76409912109375, 628.5626220703125, 73.24809265136719], "Font": {"alt_family_name": "Mprint", "embedded": true, "encoding": "WinAnsiEncoding", "family_name": "European Mprint", "font_type": "TrueType", "italic": false, "monospaced": false, "name": "PAJTMD+EMprint-Regular", "subset": true, "weight": 400}, "HasClip": false, "Lang": "en", "ObjectID": 445, "Page": 3, "Path": "//Document/P[17]", "Text": "OECD: Organization for Economic Cooperation and Development, a group of more affluent democracies with market-based economies that promotes economic growth ", "TextSize": 6.0, "attributes": {"LineHeight": 7.25}}, {"Bounds": [653.7124938964844, 259.19859313964844, 704.5025634765625, 295.6186065673828], "Font": {"alt_family_name": "Mprint", "embedded": true, "encoding": "WinAnsiEncoding", "family_name": "European Mprint", "font_type": "TrueType", "italic": false, "monospaced": false, "name": "PAJTMD+EMprint-Regular", "subset": true, "weight": 400}, "HasClip": false, "Lang": "en", "ObjectID": 447, "Page": 3, "Path": "//Document/P[18]", "Text": "85% ", "TextSize": 18.0, "attributes": {"LineHeight": 36, "SpaceAfter": 3.875}}, {"Bounds": [653.7120056152344, 228.32640075683594, 739.9391326904297, 260.85240173339844], "Font": {"alt_family_name": "Mprint", "embedded": true, "encoding": "WinAnsiEncoding", "family_name": "European Mprint", "font_type": "TrueType", "italic": false, "monospaced": false, "name": "PAJTMD+EMprint-Regular", "subset": true, "weight": 400}, "HasClip": false, "Lang": "en", "ObjectID": 448, "Page": 3, "Path": "//Document/P[19]", "Text": "increase in purchasing power per person out to 2050 ", "TextSize": 9.0, "attributes": {"LineHeight": 10.75, "TextAlign": "Justify"}}, {"Bounds": [36.0, 538.9806060791016, 261.93983459472656, 563.2805938720703], "Font": {"alt_family_name": "Mprint", "embedded": true, "encoding": "WinAnsiEncoding", "family_name": "European Mprint", "font_type": "TrueType", "italic": false, "monospaced": false, "name": "PAJTMD+EMprint-Semibold", "subset": true, "weight": 600}, "HasClip": false, "Lang": "en", "ObjectID": 487, "Page": 4, "Path": "//Document/H1[3]", "Text": "Powering human progress ", "TextSize": 20.0, "attributes": {"LineHeight": 24, "SpaceAfter": 14.625}}, {"Bounds": [36.0, 503.1490936279297, 261.06048583984375, 526.0720977783203], "Font": {"alt_family_name": "Mprint", "embedded": true, "encoding": "WinAnsiEncoding", "family_name": "European Mprint", "font_type": "TrueType", "italic": false, "monospaced": false, "name": "PAJTMD+EMprint-Regular", "subset": true, "weight": 400}, "HasClip": false, "Lang": "en", "ObjectID": 488, "Page": 4, "Path": "//Document/P[20]", "Text": "Energy use and improved living standards go hand in hand. You can\u2019t have one without the other. ", "TextSize": 9.0, "attributes": {"LineHeight": 12, "SpaceAfter": 9}}, {"Bounds": [36.0, 458.15809631347656, 269.7183380126953, 493.0780944824219], "Font": {"alt_family_name": "Mprint", "embedded": true, "encoding": "WinAnsiEncoding", "family_name": "European Mprint", "font_type": "TrueType", "italic": false, "monospaced": false, "name": "PAJTMD+EMprint-Regular", "subset": true, "weight": 400}, "HasClip": false, "Lang": "en", "ObjectID": 489, "Page": 4, "Path": "//Document/P[21]", "Text": "When China\u2019s per capita GDP was around $2,000, its energy use was low \u2013 about 36 million British thermal units (MMBtu) per person per year, deep in the realm of energy poverty. ", "TextSize": 9.0, "attributes": {"LineHeight": 12, "SpaceAfter": 9, "TextAlign": "Justify"}}, {"Bounds": [36.0, 413.16709899902344, 262.23048400878906, 448.08709716796875], "Font": {"alt_family_name": "Mprint", "embedded": true, "encoding": "WinAnsiEncoding", "family_name": "European Mprint", "font_type": "TrueType", "italic": false, "monospaced": false, "name": "PAJTMD+EMprint-Regular", "subset": true, "weight": 400}, "HasClip": false, "Lang": "en", "ObjectID": 490, "Page": 4, "Path": "//Document/P[22]", "Text": "By 2021, when per capita GDP passed $11,000, China\u2019s energy use had risen to 101 MMBtu per person, well above the global average. ", "TextSize": 9.0, "attributes": {"LineHeight": 12, "SpaceAfter": 9}}, {"Bounds": [36.0, 344.1820983886719, 264.0297393798828, 403.0960998535156], "Font": {"alt_family_name": "Mprint", "embedded": true, "encoding": "WinAnsiEncoding", "family_name": "European Mprint", "font_type": "TrueType", "italic": false, "monospaced": false, "name": "PAJTMD+EMprint-Regular", "subset": true, "weight": 400}, "HasClip": false, "Lang": "en", "ObjectID": 491, "Page": 4, "Path": "//Document/P[23]", "Text": "In contrast with China, Africa\u2019s energy use per person has remained at a low 27 MMBtu for the past two decades, and its per capita GDP has only risen by about $500 during that time. Areas that remain mired in energy poverty struggle to raise the living standards of their people. ", "TextSize": 9.0, "attributes": {"LineHeight": 12}}, {"Bounds": [36.0, 263.2001037597656, 268.4132385253906, 334.11109924316406], "Font": {"alt_family_name": "Mprint", "embedded": true, "encoding": "WinAnsiEncoding", "family_name": "European Mprint", "font_type": "TrueType", "italic": false, "monospaced": false, "name": "PAJTMD+EMprint-Regular", "subset": true, "weight": 400}, "HasClip": false, "Lang": "en", "ObjectID": 492, "Page": 4, "Path": "//Document/P[24]", "Text": "As we look ahead to 2050, how much more energy must the world produce to meet the needs of 2 billion additional people and a global economy that has doubled in size? About 15% more, according to our projection \u2013 with nearly all of it going toward meeting the higher living standards of a developing world with a larger population. ", "TextSize": 9.0, "attributes": {"LineHeight": 12}}, {"Bounds": [279.9989929199219, 479.2091064453125, 504.38525390625, 526.1260986328125], "Font": {"alt_family_name": "Mprint", "embedded": true, "encoding": "WinAnsiEncoding", "family_name": "European Mprint", "font_type": "TrueType", "italic": false, "monospaced": false, "name": "PAJTMD+EMprint-Regular", "subset": true, "weight": 400}, "HasClip": false, "Lang": "en", "ObjectID": 493, "Page": 4, "Path": "//Document/P[25]", "Text": "The dramatic expansion in population and per capita GDP in non-OECD countries will require a significant increase in energy use. As noted, reducing energy poverty leads to a corresponding reduction in absolute poverty. ", "TextSize": 9.0, "attributes": {"LineHeight": 12, "SpaceAfter": 9}}, {"Bounds": [279.9989929199219, 434.2180938720703, 513.9158935546875, 469.1381072998047], "Font": {"alt_family_name": "Mprint", "embedded": true, "encoding": "WinAnsiEncoding", "family_name": "European Mprint", "font_type": "TrueType", "italic": false, "monospaced": false, "name": "PAJTMD+EMprint-Regular", "subset": true, "weight": 400}, "HasClip": false, "Lang": "en", "ObjectID": 494, "Page": 4, "Path": "//Document/P[26]", "Text": "Contrast that with the developed world, where there will be little population growth, and greater efficiency is projected to cause energy use to decline across all sectors of the economy. ", "TextSize": 9.0, "attributes": {"LineHeight": 12, "SpaceAfter": 18}}, {"Bounds": [280.0, 342.8457946777344, 499.3495788574219, 399.8538055419922], "Font": {"alt_family_name": "Mprint", "embedded": true, "encoding": "WinAnsiEncoding", "family_name": "European Mprint", "font_type": "TrueType", "italic": false, "monospaced": false, "name": "PAJTMD+EMprint-Regular", "subset": true, "weight": 400}, "HasClip": false, "Lang": "en", "ObjectID": 495, "Page": 4, "Path": "//Document/H2[2]", "Text": "Nearly all growth in energy use will go toward raising living standards in the developing world. ", "TextSize": 14.0, "attributes": {"LineHeight": 20, "SpaceAfter": 18}}, {"Bounds": [521.3759002685547, 305.8922882080078, 765.5501708984375, 527.9320983886719], "ObjectID": 496, "Page": 4, "Path": "//Document/Figure[8]", "attributes": {"BBox": [521.3789999999863, 307.8119999999908, 763.5289999999804, 525.4839999999967], "Placement": "Block"}}, {"Bounds": [521.3759002685547, 305.8922882080078, 765.5501708984375, 527.9320983886719], "Font": {"alt_family_name": "Mprint", "embedded": true, "encoding": "WinAnsiEncoding", "family_name": "European Mprint", "font_type": "TrueType", "italic": false, "monospaced": false, "name": "PAJTMD+EMprint-Regular", "subset": true, "weight": 400}, "HasClip": false, "ObjectID": 496, "Page": 4, "Path": "//Document/Figure[8]", "Text": "Global energy growth, 2021-2050 Quadrillion Btu -20 0 20 40 Power Generation Industrial Transportation Buildings OECD Non-OECD ", "TextSize": 8.34820556640625, "attributes": {"BBox": [521.3789999999863, 307.8119999999908, 763.5289999999804, 525.4839999999967], "Placement": "Block"}}, {"Bounds": [0.0, 25.100387573242188, 791.9999389648438, 235.05209350585938], "ObjectID": 497, "Page": 4, "Path": "//Document/Figure[9]", "attributes": {"BBox": [0.0, 26.183799999999792, 791.9679999999935, 234.01499999999942], "Placement": "Block"}}, {"Bounds": [0.0, 25.100387573242188, 791.9999389648438, 235.05209350585938], "Font": {"alt_family_name": "Mprint", "embedded": true, "encoding": "WinAnsiEncoding", "family_name": "European Mprint", "font_type": "TrueType", "italic": false, "monospaced": false, "name": "PAJTMD+EMprint-Regular", "subset": true, "weight": 400}, "HasClip": false, "ObjectID": 497, "Page": 4, "Path": "//Document/Figure[9]", "Text": "more energy needed by 2050 to support a growing population with rising living standards 15% ", "TextSize": 16.0, "attributes": {"BBox": [0.0, 26.183799999999792, 791.9679999999935, 234.01499999999942], "Placement": "Block"}}, {"Bounds": [36.0, 538.9806060791016, 658.0921173095703, 563.2805938720703], "Font": {"alt_family_name": "Mprint", "embedded": true, "encoding": "WinAnsiEncoding", "family_name": "European Mprint", "font_type": "TrueType", "italic": false, "monospaced": false, "name": "PAJTMD+EMprint-Semibold", "subset": true, "weight": 600}, "HasClip": false, "Lang": "en", "ObjectID": 520, "Page": 5, "Path": "//Document/H1[4]", "Text": "All energy types needed to raise living standards and reduce emissions ", "TextSize": 20.0, "attributes": {"LineHeight": 24, "SpaceAfter": 14.625}}, {"Bounds": [35.399993896484375, 491.152099609375, 373.36351013183594, 526.0720977783203], "Font": {"alt_family_name": "Mprint", "embedded": true, "encoding": "WinAnsiEncoding", "family_name": "European Mprint", "font_type": "TrueType", "italic": false, "monospaced": false, "name": "PAJTMD+EMprint-Regular", "subset": true, "weight": 400}, "HasClip": false, "Lang": "en", "ObjectID": 521, "Page": 5, "Path": "//Document/P[27]", "Text": "The Global Outlook projects that the biggest change in the world\u2019s energy mix between now and 2050 will be a significant increase in solar and wind, along with a significant reduction in coal. ", "TextSize": 9.0, "attributes": {"LineHeight": 12, "SpaceAfter": 12}}, {"Bounds": [35.399993896484375, 431.15809631347656, 378.6914978027344, 478.0751037597656], "Font": {"alt_family_name": "Mprint", "embedded": true, "encoding": "WinAnsiEncoding", "family_name": "European Mprint", "font_type": "TrueType", "italic": false, "monospaced": false, "name": "PAJTMD+EMprint-Regular", "subset": true, "weight": 400}, "HasClip": false, "Lang": "en", "ObjectID": 522, "Page": 5, "Path": "//Document/P[28]", "Text": "Energy from solar and wind is projected to more than quintuple, from 2% of the world\u2019s supply to 11%. Coal will increasingly be displaced by lower-emission sources of electricity production \u2013 not just renewables but also natural gas, which has about half the carbon intensity of coal. Overall, electricity use grows 80% by 2050. ", "TextSize": 9.0, "attributes": {"LineHeight": 12, "SpaceAfter": 12}}, {"Bounds": [35.399993896484375, 347.17010498046875, 388.26622009277344, 418.0811004638672], "Font": {"alt_family_name": "Mprint", "embedded": true, "encoding": "WinAnsiEncoding", "family_name": "European Mprint", "font_type": "TrueType", "italic": false, "monospaced": false, "name": "PAJTMD+EMprint-Regular", "subset": true, "weight": 400}, "HasClip": false, "Lang": "en", "ObjectID": 523, "Page": 5, "Path": "//Document/P[29]", "Text": "Oil and natural gas are projected to still make up more than half of the world\u2019s energy supply. The utility of oil and natural gas in meeting the world\u2019s needs remains unmatched. They are energy dense, portable, available, and affordable \u2014 and serve as essential raw materials for many products we use today. Given that oil and natural gas are projected to remain a critical component of a global energy system through 2050, sustained investments are essential to offset depletion as production naturally declines by 5-7% per year. ", "TextSize": 9.0, "attributes": {"LineHeight": 12}}, {"Bounds": [35.399993896484375, 275.17909240722656, 381.1323699951172, 334.0930938720703], "Font": {"alt_family_name": "Mprint", "embedded": true, "encoding": "WinAnsiEncoding", "family_name": "European Mprint", "font_type": "TrueType", "italic": false, "monospaced": false, "name": "PAJTMD+EMprint-Regular", "subset": true, "weight": 400}, "HasClip": false, "Lang": "en", "ObjectID": 524, "Page": 5, "Path": "//Document/P[30]", "Text": "Oil use is expected to decline significantly in personal transportation but will remain essential for the industrial processes and heavy-duty transport like shipping, long-haul trucking, and aviation that underpin economic growth. Consider: If every new passenger car sold in the world in 2035 were an electric vehicle, oil demand in 2050 would still be 85 million barrels per day, the same as it was around 2010. ", "TextSize": 9.0, "attributes": {"LineHeight": 12, "SpaceAfter": 12.125}}, {"Bounds": [35.399993896484375, 227.18209838867188, 384.4875183105469, 262.1020965576172], "Font": {"alt_family_name": "Mprint", "embedded": true, "encoding": "WinAnsiEncoding", "family_name": "European Mprint", "font_type": "TrueType", "italic": false, "monospaced": false, "name": "PAJTMD+EMprint-Regular", "subset": true, "weight": 400}, "HasClip": false, "Lang": "en", "ObjectID": 525, "Page": 5, "Path": "//Document/P[31]", "Text": "Natural gas use is projected to increase by more than 20% by 2050 given its utility as a reliable and lower-emissions source of fuel for electricity generation, hydrogen production, and heating for both industrial processes and buildings. ", "TextSize": 9.0, "attributes": {"LineHeight": 12}}, {"Bounds": [402.0, 516.0070953369141, 491.52783203125, 529.3721008300781], "Font": {"alt_family_name": "Mprint", "embedded": true, "encoding": "WinAnsiEncoding", "family_name": "European Mprint", "font_type": "TrueType", "italic": false, "monospaced": false, "name": "PAJTMD+EMprint-Semibold", "subset": true, "weight": 600}, "HasClip": false, "Lang": "en", "ObjectID": 526, "Page": 5, "Path": "//Document/H2[3]", "Text": "Global energy mix ", "TextSize": 11.0, "attributes": {"LineHeight": 13.25}}, {"Bounds": [402.0, 504.49009704589844, 461.74131774902344, 515.4161071777344], "Font": {"alt_family_name": "Mprint", "embedded": true, "encoding": "WinAnsiEncoding", "family_name": "European Mprint", "font_type": "TrueType", "italic": false, "monospaced": false, "name": "PAJTMD+EMprint-Regular", "subset": true, "weight": 400}, "HasClip": false, "Lang": "en", "ObjectID": 527, "Page": 5, "Path": "//Document/P[32]", "Text": "Quadrillion Btu ", "TextSize": 9.0, "attributes": {"LineHeight": 10.75, "SpaceAfter": 5.625}}, {"Bounds": [403.40570068359375, 489.2643280029297, 418.7076721191406, 499.7303771972656], "Font": {"alt_family_name": "Arial", "embedded": true, "encoding": "WinAnsiEncoding", "family_name": "Arial MT", "font_type": "TrueType", "italic": false, "monospaced": false, "name": "PAJTMD+ArialMT", "subset": true, "weight": 400}, "HasClip": true, "Lang": "en", "ObjectID": 528, "Page": 5, "Path": "//Document/P[33]", "Text": "800 ", "TextSize": 7.8632965087890625, "attributes": {"LineHeight": 9.375, "SpaceAfter": 18}}, {"Bounds": [403.40570068359375, 226.71499633789062, 705.6629486083984, 464.05999755859375], "ObjectID": 529, "Page": 5, "Path": "//Document/Figure[10]", "attributes": {"BBox": [403.42399999999907, 226.69599999999627, 704.2509999999893, 463.80599999999686], "Placement": "Block"}}, {"Bounds": [403.40570068359375, 226.71499633789062, 705.6629486083984, 464.05999755859375], "Font": {"alt_family_name": "Mprint", "embedded": true, "encoding": "WinAnsiEncoding", "family_name": "European Mprint", "font_type": "TrueType", "italic": false, "monospaced": false, "name": "PAJTMD+EMprint-Regular", "subset": true, "weight": 400}, "HasClip": false, "ObjectID": 529, "Page": 5, "Path": "//Document/Figure[10]", "Text": "* Includes hydro, wind, solar, and geothermal Source:   IPCC: AR6 Scenarios Database hosted by IIASA release 1.0 average  IPCC C3: \u201cLikely below 2\u00b0C\u201d scenarios; ExxonMobil analysis 55% 25% 5% 10% 5% 0 200 400 600 54% 38% 14% 5% 7% 10% 11% 17% 15% 30% (9-59%) (2-42%) (6-36%) (0-20%) (14-57%) Outlook IPCC Likely Below 2\u00b0C Avg IPCC Range2021 Non-biomass renewables* Bioenergy Nuclear Oil & GasCoal 2050 ", "TextSize": 8.0, "attributes": {"BBox": [403.42399999999907, 226.69599999999627, 704.2509999999893, 463.80599999999686], "Placement": "Block"}}, {"Bounds": [390.0, 107.97309875488281, 723.4039611816406, 205.28050231933594], "ObjectID": 530, "Page": 5, "Path": "//Document/Figure[11]", "attributes": {"BBox": [389.98399999999674, 112.09999999999854, 719.7309999999998, 197.7769999999946], "Placement": "Block"}}, {"Bounds": [390.0, 107.97309875488281, 723.4039611816406, 205.28050231933594], "Font": {"alt_family_name": "Mprint", "embedded": true, "encoding": "WinAnsiEncoding", "family_name": "European Mprint", "font_type": "TrueType", "italic": false, "monospaced": false, "name": "PAJTMD+EMprint-Regular", "subset": true, "weight": 400}, "HasClip": false, "ObjectID": 530, "Page": 5, "Path": "//Document/Figure[11]", "Text": "greater use of wind and solar energy even as investment in oil and natural gas is still needed to meet more than half of the world's needs. 5X ", "TextSize": 16.0, "attributes": {"BBox": [389.98399999999674, 112.09999999999854, 719.7309999999998, 197.7769999999946], "Placement": "Block"}}, {"Bounds": [36.0, 538.9806060791016, 499.27516174316406, 563.2805938720703], "Font": {"alt_family_name": "Mprint", "embedded": true, "encoding": "WinAnsiEncoding", "family_name": "European Mprint", "font_type": "TrueType", "italic": false, "monospaced": false, "name": "PAJTMD+EMprint-Semibold", "subset": true, "weight": 600}, "HasClip": false, "Lang": "en", "ObjectID": 531, "Page": 6, "Path": "//Document/H1[5]", "Text": "Emissions are falling \u2013 but more is needed to reach 2\u00b0C ", "TextSize": 20.0, "attributes": {"LineHeight": 24, "SpaceAfter": 14.625}}, {"Bounds": [36.0, 479.1551055908203, 269.07037353515625, 526.0720977783203], "Font": {"alt_family_name": "Mprint", "embedded": true, "encoding": "WinAnsiEncoding", "family_name": "European Mprint", "font_type": "TrueType", "italic": false, "monospaced": false, "name": "PAJTMD+EMprint-Regular", "subset": true, "weight": 400}, "HasClip": false, "Lang": "en", "ObjectID": 532, "Page": 6, "Path": "//Document/P[34]", "Text": "Even in a higher-energy future, the rise of renewables, decline of coal, and improvements in energy efficiency mean the world will produce far fewer carbon emissions than it does today. ", "TextSize": 9.0, "attributes": {"LineHeight": 12, "SpaceAfter": 9}}, {"Bounds": [36.0, 398.173095703125, 264.6683807373047, 469.0841064453125], "Font": {"alt_family_name": "Mprint", "embedded": true, "encoding": "WinAnsiEncoding", "family_name": "European Mprint", "font_type": "TrueType", "italic": false, "monospaced": false, "name": "PAJTMD+EMprint-Regular", "subset": true, "weight": 400}, "HasClip": false, "Lang": "en", "ObjectID": 533, "Page": 6, "Path": "//Document/P[35]", "Text": "Overall, energy-related CO2 emissions are projected to peak at more than 34 billion metric tons sometime this decade and then decline to 25 billion metric tons in 2050. The world\u2019s ability to reduce these emissions by 25%, even as the global economy grows by more than 100%, is a testament to the significant progress expected to be made. ", "TextSize": 9.0, "attributes": {"LineHeight": 12, "SpaceAfter": 9}}, {"Bounds": [36.0, 329.18809509277344, 263.7144470214844, 388.1020965576172], "Font": {"alt_family_name": "Mprint", "embedded": true, "encoding": "WinAnsiEncoding", "family_name": "European Mprint", "font_type": "TrueType", "italic": false, "monospaced": false, "name": "PAJTMD+EMprint-Regular", "subset": true, "weight": 400}, "HasClip": false, "Lang": "en", "ObjectID": 534, "Page": 6, "Path": "//Document/P[36]", "Text": "Even so, more is needed to hit the emission-reduction levels required to keep global temperature increases below 2\u00b0C. The average of the IPCC\u2019s Likely Below 2\u00b0C scenarios requires emissions to fall to around 11 billion metric tons  by 2050\u00b3. ", "TextSize": 9.0, "attributes": {"LineHeight": 12, "SpaceAfter": 9}}, {"Bounds": [36.0, 200.2180938720703, 268.286376953125, 319.1170959472656], "Font": {"alt_family_name": "Mprint", "embedded": true, "encoding": "WinAnsiEncoding", "family_name": "European Mprint", "font_type": "TrueType", "italic": false, "monospaced": false, "name": "PAJTMD+EMprint-Regular", "subset": true, "weight": 400}, "HasClip": false, "Lang": "en", "ObjectID": 535, "Page": 6, "Path": "//Document/P[37]", "Text": "Because energy demand will increase in 2050 to support the economic growth of the world\u2019s developing nations, an abundant supply of energy-dense fuels will remain imperative. Fossil fuels remain the most effective way to produce the massive amounts of energy needed to create and support the manufacturing, commercial transportation, and industrial sectors that drive modern economies. For this reason, a critical goal of any energy transition will be the affordable decarbonization of these economic sectors that account for half of all energy-related emissions. ", "TextSize": 9.0, "attributes": {"LineHeight": 12}}, {"Bounds": [279.9989929199219, 503.2210998535156, 510.9599914550781, 526.1441040039062], "Font": {"alt_family_name": "Mprint", "embedded": true, "encoding": "WinAnsiEncoding", "family_name": "European Mprint", "font_type": "TrueType", "italic": false, "monospaced": false, "name": "PAJTMD+EMprint-Regular", "subset": true, "weight": 400}, "HasClip": false, "Lang": "en", "ObjectID": 536, "Page": 6, "Path": "//Document/P[38]", "Text": "Three scalable technologies hold significant promise for hard-to-decarbonize sectors in IPCC Likely Below 2\u00b0C scenarios: ", "TextSize": 9.0, "attributes": {"LineHeight": 12, "SpaceAfter": 9}}, {"Bounds": [279.9989929199219, 482.2510986328125, 285.6510467529297, 493.18609619140625], "Font": {"alt_family_name": "Mprint", "embedded": true, "encoding": "WinAnsiEncoding", "family_name": "European Mprint", "font_type": "TrueType", "italic": false, "monospaced": false, "name": "PAJTMD+EMprint-Semibold", "subset": true, "weight": 600}, "HasClip": false, "ObjectID": 604, "Page": 6, "Path": "//Document/L/LI/Lbl", "Text": "\u2022 ", "TextSize": 9.0}, {"Bounds": [297.9989929199219, 362.2541046142578, 512.7183227539062, 493.18609619140625], "Font": {"alt_family_name": "Mprint", "embedded": true, "encoding": "WinAnsiEncoding", "family_name": "European Mprint", "font_type": "TrueType", "italic": false, "monospaced": false, "name": "PAJTMD+EMprint-Semibold", "subset": true, "weight": 600}, "HasClip": false, "ObjectID": 605, "Page": 6, "Path": "//Document/L/LI/LBody", "Text": "Carbon capture and storage is a proven and safe technology that reduces emissions from manufacturing and power generation. CO2 emissions are captured, transported by pipeline to suitable geologic formations, and permanently stored deep underground. Carbon capture can also serve as a negative emissions technology that removes CO2 from the atmosphere \u2013  a critical solution in many IPCC Likely Below 2\u00b0C scenarios and one that has been endorsed by the European Union, U.S. administration, and the United Nations. ", "TextSize": 9.0}, {"Bounds": [279.9989929199219, 341.2841033935547, 285.6510467529297, 352.21910095214844], "Font": {"alt_family_name": "Mprint", "embedded": true, "encoding": "WinAnsiEncoding", "family_name": "European Mprint", "font_type": "TrueType", "italic": false, "monospaced": false, "name": "PAJTMD+EMprint-Semibold", "subset": true, "weight": 600}, "HasClip": false, "ObjectID": 601, "Page": 6, "Path": "//Document/L/LI[2]/Lbl", "Text": "\u2022 ", "TextSize": 9.0}, {"Bounds": [297.9989929199219, 257.2781066894531, 514.1052398681641, 352.21910095214844], "Font": {"alt_family_name": "Mprint", "embedded": true, "encoding": "WinAnsiEncoding", "family_name": "European Mprint", "font_type": "TrueType", "italic": false, "monospaced": false, "name": "PAJTMD+EMprint-Semibold", "subset": true, "weight": 600}, "HasClip": false, "ObjectID": 602, "Page": 6, "Path": "//Document/L/LI[2]/LBody", "Text": "Hydrogen is a fuel that, when combusted, produces only water as a byproduct. One way to produce low-carbon hydrogen is to convert natural gas into hydrogen and CO2 \u2013 the hydrogen is used as fuel, while the CO2 is captured and stored. Other sources of low-emission hydrogen involve using electricity from nuclear or renewables to split water molecules into hydrogen  and oxygen. ", "TextSize": 9.0}, {"Bounds": [279.9989929199219, 236.30810546875, 285.6510467529297, 247.24310302734375], "Font": {"alt_family_name": "Mprint", "embedded": true, "encoding": "WinAnsiEncoding", "family_name": "European Mprint", "font_type": "TrueType", "italic": false, "monospaced": false, "name": "PAJTMD+EMprint-Semibold", "subset": true, "weight": 600}, "HasClip": false, "ObjectID": 598, "Page": 6, "Path": "//Document/L/LI[3]/Lbl", "Text": "\u2022 ", "TextSize": 9.0}, {"Bounds": [297.9989929199219, 176.2960968017578, 511.29539489746094, 247.24310302734375], "Font": {"alt_family_name": "Mprint", "embedded": true, "encoding": "WinAnsiEncoding", "family_name": "European Mprint", "font_type": "TrueType", "italic": false, "monospaced": false, "name": "PAJTMD+EMprint-Semibold", "subset": true, "weight": 600}, "HasClip": false, "ObjectID": 599, "Page": 6, "Path": "//Document/L/LI[3]/LBody", "Text": "Biofuels can be a drop-in substitute for fossil fuels in a low-emissions manner on a life-cycle basis. Particularly useful in commercial transportation, biofuels return to the atmosphere the CO\u2082 that was absorbed during the growing process, thereby making them a low-carbon alternative. ", "TextSize": 9.0}, {"Bounds": [524.0, 513.1672058105469, 647.9793548583984, 526.5321960449219], "Font": {"alt_family_name": "Mprint", "embedded": true, "encoding": "WinAnsiEncoding", "family_name": "European Mprint", "font_type": "TrueType", "italic": false, "monospaced": false, "name": "PAJTMD+EMprint-Semibold", "subset": true, "weight": 600}, "HasClip": false, "Lang": "en", "ObjectID": 584, "Page": 6, "Path": "//Document/Aside[2]/P", "Text": "Energy-related emissions ", "TextSize": 11.0, "attributes": {"LineHeight": 13.25}}, {"Bounds": [524.0, 501.65020751953125, 612.5951232910156, 512.5762023925781], "Font": {"alt_family_name": "Mprint", "embedded": true, "encoding": "WinAnsiEncoding", "family_name": "European Mprint", "font_type": "TrueType", "italic": false, "monospaced": false, "name": "PAJTMD+EMprint-Regular", "subset": true, "weight": 400}, "HasClip": false, "Lang": "en", "ObjectID": 585, "Page": 6, "Path": "//Document/Aside[2]/P[2]", "Text": "CO2 Billion metric tons ", "TextSize": 9.0, "attributes": {"LineHeight": 10.75, "SpaceAfter": 17.125}}, {"Bounds": [528.0932922363281, 251.84719848632812, 758.6812438964844, 491.00831604003906], "ObjectID": 586, "Page": 6, "Path": "//Document/Aside[2]/Figure", "attributes": {"BBox": [528.0989999999874, 251.8949999999968, 756.8089999999793, 489.125], "Placement": "Block", "SpaceAfter": 15.625}}, {"Bounds": [528.0932922363281, 251.84719848632812, 758.6812438964844, 491.00831604003906], "Font": {"alt_family_name": "Mprint", "embedded": true, "encoding": "WinAnsiEncoding", "family_name": "European Mprint", "font_type": "TrueType", "italic": false, "monospaced": false, "name": "PAJTMD+EMprint-Regular", "subset": true, "weight": 400}, "HasClip": false, "ObjectID": 586, "Page": 6, "Path": "//Document/Aside[2]/Figure", "Text": "0 10 20 30 40 2021 2050 2050 Total IPCC Likely Below 2\u00b0C Avg Outlook Total Buildings Light-duty transportation Commercial transportation Electricity generation Industrial ", "TextSize": 8.0, "attributes": {"BBox": [528.0989999999874, 251.8949999999968, 756.8089999999793, 489.125], "Placement": "Block", "SpaceAfter": 15.625}}, {"Bounds": [536.75, 222.56410217285156, 753.3361663818359, 237.048095703125], "Font": {"alt_family_name": "Mprint", "embedded": true, "encoding": "WinAnsiEncoding", "family_name": "European Mprint", "font_type": "TrueType", "italic": false, "monospaced": false, "name": "PAJTMD+EMprint-Regular", "subset": true, "weight": 400}, "HasClip": false, "Lang": "en", "ObjectID": 587, "Page": 6, "Path": "//Document/Aside[2]/P[3]", "Text": "Source: IPCC: AR6 Scenarios Database hosted by IIASA release 1.0 average  IPCC C3: \u201cLikely below 2\u00b0C\u201d scenarios; ExxonMobil analysis ", "TextSize": 6.0, "attributes": {"LineHeight": 7.25, "SpaceAfter": 7.25}}, {"Bounds": [536.75, 208.16409301757812, 743.7535705566406, 215.44810485839844], "Font": {"alt_family_name": "Mprint", "embedded": true, "encoding": "WinAnsiEncoding", "family_name": "European Mprint", "font_type": "TrueType", "italic": false, "monospaced": false, "name": "PAJTMD+EMprint-Regular", "subset": true, "weight": 400}, "HasClip": false, "Lang": "en", "ObjectID": 588, "Page": 6, "Path": "//Document/Aside[2]/P[4]", "Text": "Emissions do not contain industry process emissions or land use and natural sinks ", "TextSize": 6.0, "attributes": {"LineHeight": 7.25, "SpaceAfter": 18}}, {"Bounds": [0.0, 28.719039916992188, 793.1034088134766, 167.5509796142578], "ObjectID": 539, "Page": 6, "Path": "//Document/Figure[12]", "attributes": {"BBox": [0.0, 29.783699999999953, 791.9679999999935, 166.57799999999406], "Placement": "Block"}}, {"Bounds": [0.0, 28.719039916992188, 793.1034088134766, 167.5509796142578], "Font": {"alt_family_name": "Mprint", "embedded": true, "encoding": "WinAnsiEncoding", "family_name": "European Mprint", "font_type": "TrueType", "italic": false, "monospaced": false, "name": "PAJTMD+EMprint-Regular", "subset": true, "weight": 400}, "HasClip": false, "ObjectID": 539, "Page": 6, "Path": "//Document/Figure[12]", "Text": "The world\u2019s ability to reduce energy-related emissions by 25%, even as the global economy grows by more than 100%, is a testament to the significant progress expected to be made. ", "TextSize": 16.0, "attributes": {"BBox": [0.0, 29.783699999999953, 791.9679999999935, 166.57799999999406], "Placement": "Block"}}, {"Bounds": [36.0, 538.9806060791016, 452.2156524658203, 563.2805938720703], "Font": {"alt_family_name": "Mprint", "embedded": true, "encoding": "WinAnsiEncoding", "family_name": "European Mprint", "font_type": "TrueType", "italic": false, "monospaced": false, "name": "PAJTMD+EMprint-Semibold", "subset": true, "weight": 600}, "HasClip": false, "Lang": "en", "ObjectID": 540, "Page": 7, "Path": "//Document/H1[6]", "Text": "Three drivers will accelerate the energy transition ", "TextSize": 20.0, "attributes": {"LineHeight": 24, "SpaceAfter": 14.625}}, {"Bounds": [36.0, 467.15809631347656, 265.01123046875, 526.0720977783203], "Font": {"alt_family_name": "Mprint", "embedded": true, "encoding": "WinAnsiEncoding", "family_name": "European Mprint", "font_type": "TrueType", "italic": false, "monospaced": false, "name": "PAJTMD+EMprint-Regular", "subset": true, "weight": 400}, "HasClip": false, "Lang": "en", "ObjectID": 541, "Page": 7, "Path": "//Document/P[39]", "Text": "An energy transition is underway, but it is not yet happening at the scale or on the timetable required to achieve society\u2019s net-zero ambitions. Three key drivers are available, all involving broad collaboration among governments, companies, universities, and others. ", "TextSize": 9.0, "attributes": {"LineHeight": 12, "SpaceAfter": 9}}, {"Bounds": [36.0, 338.18809509277344, 269.7011413574219, 457.1230926513672], "Font": {"alt_family_name": "Mprint", "embedded": true, "encoding": "WinAnsiEncoding", "family_name": "European Mprint", "font_type": "TrueType", "italic": false, "monospaced": false, "name": "PAJTMD+EMprint-Regular", "subset": true, "weight": 400}, "HasClip": false, "Lang": "en", "ObjectID": 542, "Page": 7, "Path": "//Document/P[40]", "Text": "First, continued public policy support. Incentives like those in the U.S. Inflation Reduction Act can provide the necessary catalyst to begin scaling up low-carbon solutions.  Permitting reform is needed to accelerate the deployment of these solutions, a factor recognized in the European Union\u2019s Net-Zero Industry Act. Other policy priorities include enhanced transparency so that market participants have sufficient time to adapt to changes, and a recognition of the importance of keeping supply matched with demand to help minimize economic hardships on consumers. ", "TextSize": 9.0, "attributes": {"LineHeight": 12, "SpaceAfter": 9}}, {"Bounds": [36.0, 245.2091064453125, 258.821044921875, 328.1531066894531], "Font": {"alt_family_name": "Mprint", "embedded": true, "encoding": "WinAnsiEncoding", "family_name": "European Mprint", "font_type": "TrueType", "italic": false, "monospaced": false, "name": "PAJTMD+EMprint-Regular", "subset": true, "weight": 400}, "HasClip": false, "Lang": "en", "ObjectID": 543, "Page": 7, "Path": "//Document/P[41]", "Text": "Second, technology advances. Currently, only two of the 55 technologies needed to reach net-zero emissions by 2050 are \u201con track,\u201d according to the International Energy Agency\u2074. An all-of-the-above approach to technology, where governments avoid picking winners and losers, will lead to the most cost-efficient solutions produced in a timely manner. ", "TextSize": 9.0, "attributes": {"LineHeight": 12}}, {"Bounds": [279.9989929199219, 455.22410583496094, 511.3650817871094, 526.1710968017578], "Font": {"alt_family_name": "Mprint", "embedded": true, "encoding": "WinAnsiEncoding", "family_name": "European Mprint", "font_type": "TrueType", "italic": false, "monospaced": false, "name": "PAJTMD+EMprint-Regular", "subset": true, "weight": 400}, "HasClip": false, "Lang": "en", "ObjectID": 544, "Page": 7, "Path": "//Document/P[42]", "Text": "And third, market-driven solutions. Governments across the world can't afford to pay in perpetuity to reduce the amount of emissions needed to be removed or avoided. Ultimately, to achieve global emission-reduction goals, the world will need to move to widespread adoption of markets where society as a whole incentivizes driving emissions down. ", "TextSize": 9.0, "attributes": {"LineHeight": 12, "SpaceAfter": 9}}, {"Bounds": [279.9989929199219, 278.26609802246094, 510.62933349609375, 445.1531066894531], "Font": {"alt_family_name": "Mprint", "embedded": true, "encoding": "WinAnsiEncoding", "family_name": "European Mprint", "font_type": "TrueType", "italic": false, "monospaced": false, "name": "PAJTMD+EMprint-Regular", "subset": true, "weight": 400}, "HasClip": false, "Lang": "en", "ObjectID": 545, "Page": 7, "Path": "//Document/P[43]", "Text": "The world has made meaningful progress. Even with ongoing economic development, the emissions intensity of the world\u2019s energy supply has declined since the Paris Agreement was signed in 2016. On the policy front, incentives for wind and solar catalyzed rapid deployment and cost reductions. Technologically, breakthroughs in shale enabled natural gas to disrupt and displace coal. And new markets for solar were created for both residential and utility-scale. Given the need to do more and do it faster at a lower cost, progress will need to occur in parallel, supported by policies that are technology-agnostic and incentivize all approaches, equally. Multiple approaches, nurtured by public-private partnerships and cross-industry collaboration, will be needed. ", "TextSize": 9.0, "attributes": {"LineHeight": 12, "SpaceAfter": 18}}, {"Bounds": [36.25, 152.6457061767578, 508.40086364746094, 214.4936981201172], "Font": {"alt_family_name": "Mprint", "embedded": true, "encoding": "WinAnsiEncoding", "family_name": "European Mprint", "font_type": "TrueType", "italic": false, "monospaced": false, "name": "PAJTMD+EMprint-Regular", "subset": true, "weight": 400}, "HasClip": false, "Lang": "en", "ObjectID": 546, "Page": 7, "Path": "//Document/P[44]", "Text": "Given the need to do more and do it faster at a lower cost, progress will need to occur in parallel, supported by policies that are technology-agnostic and incentivize all approaches, equally. ", "TextSize": 18.0, "attributes": {"LineHeight": 20, "SpaceAfter": 9.25}}, {"Bounds": [556.9972076416016, 309.2079162597656, 767.0932006835938, 586.2257385253906], "ObjectID": 547, "Page": 7, "Path": "//Document/Figure[13]", "attributes": {"BBox": [557.9769999999844, 309.25199999999313, 765.9289999999746, 585.1209999999846], "Placement": "Block"}}, {"Bounds": [556.9868927001953, 25.08197021484375, 767.0425567626953, 303.09954833984375], "ObjectID": 548, "Page": 7, "Path": "//Document/Figure[14]", "attributes": {"BBox": [557.9769999999844, 26.183799999999792, 765.9289999999746, 302.0529999999999], "Placement": "Block"}}, {"Bounds": [35.399993896484375, 492.91619873046875, 195.92250061035156, 509.9122009277344], "Font": {"alt_family_name": "Mprint", "embedded": true, "encoding": "WinAnsiEncoding", "family_name": "European Mprint", "font_type": "TrueType", "italic": false, "monospaced": false, "name": "PAJTMD+EMprint-Regular", "subset": true, "weight": 400}, "HasClip": false, "Lang": "en", "ObjectID": 549, "Page": 8, "Path": "//Document/H2[4]", "Text": "Forward-looking statement ", "TextSize": 14.0, "attributes": {"LineHeight": 16.75, "SpaceAfter": 12.5}}, {"Bounds": [259.7640075683594, 271.9519958496094, 333.743896484375, 281.6640930175781], "Font": {"alt_family_name": "Mprint", "embedded": true, "encoding": "WinAnsiEncoding", "family_name": "European Mprint", "font_type": "TrueType", "italic": false, "monospaced": false, "name": "PAJTMD+EMprint-Regular", "subset": true, "weight": 400}, "HasClip": false, "ObjectID": 510, "Page": 8, "Path": "//Document/P[45]/StyleSpan/Reference", "Text": "www.exxonmobil.com", "TextSize": 8.0}, {"Bounds": [35.399993896484375, 251.9521026611328, 367.1890106201172, 481.6640930175781], "Font": {"alt_family_name": "Mprint", "embedded": true, "encoding": "WinAnsiEncoding", "family_name": "European Mprint", "font_type": "TrueType", "italic": false, "monospaced": false, "name": "PAJTMD+EMprint-Regular", "subset": true, "weight": 400}, "HasClip": false, "Lang": "en", "ObjectID": 518, "Page": 8, "Path": "//Document/P[45]", "Text": "This Executive Summary of the Global Outlook includes Exxon Mobil Corporation\u2019s internal estimates of both historical levels and projections of challenging topics such as energy demand, supply, and trends through 2050 based upon internal data and analyses as well as publicly available information from many external sources including the International Energy Agency. Separate from ExxonMobil\u2019s analysis, we discuss a number of third-party scenarios such as the Intergovernmental Panel on Climate Change Likely Below 2\u00b0C and the International Energy Agency Net Zero Emissions by 2050 scenarios. Third-party scenarios discussed in this report reflect the modeling assumptions and outputs of their respective authors, not ExxonMobil, and their use and inclusion herein is not an endorsement by ExxonMobil of their results, likelihood or probability. Work on the Outlook and report was conducted during 2022 and early 2023. The report contains forward looking statements, including projections, targets, expectations, estimates and assumptions of future behaviors. Actual future conditions and results (including energy demand, energy supply, the growth of energy demand and supply, the impact of new technologies, the relative mix of energy across sources, economic sectors and geographic regions, imports and exports of energy, emissions and plans to reduce emissions) could differ materially due to changes in economic conditions, the ability to scale new technologies on a cost-effective basis, unexpected technological developments, the development of new supply sources, changes in law or government policy, political events, demographic changes and migration patterns, trade patterns, the development and enforcement of global, regional or national mandates, changes in consumer preferences, and other factors discussed herein and under the heading \u201cFactors Affecting Future Results\u201d in the Investors section of our website at . This material is not to be used or reproduced without the permission of Exxon Mobil Corporation. All rights reserved. ", "TextSize": 8.0, "attributes": {"LineHeight": 10, "SpaceAfter": 8.5}}, {"Bounds": [35.399993896484375, 224.95620727539062, 95.50199890136719, 241.9521942138672], "Font": {"alt_family_name": "Mprint", "embedded": true, "encoding": "WinAnsiEncoding", "family_name": "European Mprint", "font_type": "TrueType", "italic": false, "monospaced": false, "name": "PAJTMD+EMprint-Regular", "subset": true, "weight": 400}, "HasClip": false, "Lang": "en", "ObjectID": 550, "Page": 8, "Path": "//Document/H2[5]", "Text": "Endnotes ", "TextSize": 14.0, "attributes": {"LineHeight": 16.75, "SpaceAfter": 14.75}}, {"Bounds": [35.399993896484375, 181.8321075439453, 352.4591369628906, 211.54409790039062], "Font": {"alt_family_name": "Mprint", "embedded": true, "encoding": "WinAnsiEncoding", "family_name": "European Mprint", "font_type": "TrueType", "italic": false, "monospaced": false, "name": "PAJTMD+EMprint-Regular", "subset": true, "weight": 400}, "HasClip": false, "Lang": "en", "ObjectID": 551, "Page": 8, "Path": "//Document/P[46]", "Text": "\u00b9The baseline year throughout this document is 2021 and applies to all references to \u201ctoday,\u201d \u201ccurrent\u201d and any other reference that is in the present tense. The Outlook was published in  August 2023 with modeling work performed in 2022 and early 2023. ", "TextSize": 8.0, "attributes": {"LineHeight": 10, "SpaceAfter": 12.375}}, {"Bounds": [35.399993896484375, 159.8321075439453, 373.3197784423828, 169.54409790039062], "Font": {"alt_family_name": "Mprint", "embedded": true, "encoding": "WinAnsiEncoding", "family_name": "European Mprint", "font_type": "TrueType", "italic": false, "monospaced": false, "name": "PAJTMD+EMprint-Regular", "subset": true, "weight": 400}, "HasClip": false, "Lang": "en", "ObjectID": 552, "Page": 8, "Path": "//Document/P[47]", "Text": "2https://www.weforum.org/agenda/2019/07/populations-around-world-changed-over-the-years/ ", "TextSize": 8.0, "attributes": {"LineHeight": 9.625, "SpaceAfter": 11.875}}, {"Bounds": [35.399993896484375, 127.83210754394531, 374.9880676269531, 147.54409790039062], "Font": {"alt_family_name": "Mprint", "embedded": true, "encoding": "WinAnsiEncoding", "family_name": "European Mprint", "font_type": "TrueType", "italic": false, "monospaced": false, "name": "PAJTMD+EMprint-Regular", "subset": true, "weight": 400}, "HasClip": false, "ObjectID": 567, "Page": 8, "Path": "//Document/L[2]/LI/LBody", "Text": "\u00b3All \u201cLikely Below 2C\u00b0\u201d references in this document are to: IPCC: AR 6 Scenarios Database hosted by IIASA release 1.0 average  IPCC C3: \u201cLikely below 2\u00b0C\u201d scenarios ", "TextSize": 8.0}, {"Bounds": [35.399993896484375, 105.83210754394531, 270.91680908203125, 115.54409790039062], "Font": {"alt_family_name": "Mprint", "embedded": true, "encoding": "WinAnsiEncoding", "family_name": "European Mprint", "font_type": "TrueType", "italic": false, "monospaced": false, "name": "PAJTMD+EMprint-Regular", "subset": true, "weight": 400}, "HasClip": false, "Lang": "en", "ObjectID": 554, "Page": 8, "Path": "//Document/P[48]", "Text": "\u2074https://www.iea.org/reports/tracking-clean-energy-progress-2023 ", "TextSize": 8.0, "attributes": {"LineHeight": 9.625, "SpaceAfter": 12.375}}, {"Bounds": [35.399993896484375, 83.83210754394531, 38.655975341796875, 93.54409790039062], "Font": {"alt_family_name": "Mprint", "embedded": true, "encoding": "WinAnsiEncoding", "family_name": "European Mprint", "font_type": "TrueType", "italic": false, "monospaced": false, "name": "PAJTMD+EMprint-Regular", "subset": true, "weight": 400}, "HasClip": false, "ObjectID": 560, "Page": 8, "Path": "//Document/L[3]/LI/Lbl", "Text": "*", "TextSize": 8.0}, {"Bounds": [38.656005859375, 83.83210754394531, 132.46322631835938, 93.54409790039062], "Font": {"alt_family_name": "Mprint", "embedded": true, "encoding": "WinAnsiEncoding", "family_name": "European Mprint", "font_type": "TrueType", "italic": false, "monospaced": false, "name": "PAJTMD+EMprint-Regular", "subset": true, "weight": 400}, "HasClip": false, "ObjectID": 561, "Page": 8, "Path": "//Document/L[3]/LI/LBody", "Text": " All $ amounts are in $USD ", "TextSize": 8.0}, {"Bounds": [376.9027099609375, 26.150054931640625, 743.3907623291016, 586.5892333984375], "ObjectID": 556, "Page": 8, "Path": "//Document/Figure[15]", "attributes": {"BBox": [377.98499999998603, 26.183799999999792, 742.289999999979, 585.4809999999998], "Placement": "Block"}}], "pages": [{"boxes": {"CropBox": [0.0, 0.0, 792.0, 612.0], "MediaBox": [0.0, 0.0, 792.0, 612.0]}, "height": 612.0, "is_scanned": false, "page_number": 0, "rotation": 0, "width": 792.0}, {"boxes": {"CropBox": [0.0, 0.0, 792.0, 612.0], "MediaBox": [0.0, 0.0, 792.0, 612.0]}, "height": 612.0, "is_scanned": false, "page_number": 1, "rotation": 0, "width": 792.0}, {"boxes": {"CropBox": [0.0, 0.0, 792.0, 612.0], "MediaBox": [0.0, 0.0, 792.0, 612.0]}, "height": 612.0, "is_scanned": false, "page_number": 2, "rotation": 0, "width": 792.0}, {"boxes": {"CropBox": [0.0, 0.0, 792.0, 612.0], "MediaBox": [0.0, 0.0, 792.0, 612.0]}, "height": 612.0, "is_scanned": false, "page_number": 3, "rotation": 0, "width": 792.0}, {"boxes": {"CropBox": [0.0, 0.0, 792.0, 612.0], "MediaBox": [0.0, 0.0, 792.0, 612.0]}, "height": 612.0, "is_scanned": false, "page_number": 4, "rotation": 0, "width": 792.0}, {"boxes": {"CropBox": [0.0, 0.0, 792.0, 612.0], "MediaBox": [0.0, 0.0, 792.0, 612.0]}, "height": 612.0, "is_scanned": false, "page_number": 5, "rotation": 0, "width": 792.0}, {"boxes": {"CropBox": [0.0, 0.0, 792.0, 612.0], "MediaBox": [0.0, 0.0, 792.0, 612.0]}, "height": 612.0, "is_scanned": false, "page_number": 6, "rotation": 0, "width": 792.0}, {"boxes": {"CropBox": [0.0, 0.0, 792.0, 612.0], "MediaBox": [0.0, 0.0, 792.0, 612.0]}, "height": 612.0, "is_scanned": false, "page_number": 7, "rotation": 0, "width": 792.0}, {"boxes": {"CropBox": [0.0, 0.0, 792.0, 612.0], "MediaBox": [0.0, 0.0, 792.0, 612.0]}, "height": 612.0, "is_scanned": false, "page_number": 8, "rotation": 0, "width": 792.0}]}