{"version": {"json_export": "203", "page_segmentation": "5", "schema": "1.1.0", "structure": "1.1099.0", "table_structure": "5"}, "extended_metadata": {"ID_instance": "A9 75 9E F8 C8 BA B2 11 0A 00 67 45 8B 6B C6 23 ", "ID_permanent": "35 31 20 34 36 20 39 43 20 46 38 20 43 38 20 42 41 20 42 32 20 31 31 20 30 41 20 30 30 20 36 37 20 34 35 20 38 42 20 36 42 20 43 36 20 32 33 20 ", "has_acroform": false, "has_embedded_files": false, "is_XFA": false, "is_certified": false, "is_encrypted": false, "is_digitally_signed": false, "language": "en-US", "page_count": 2, "pdf_version": "1.6", "pdfa_compliance_level": "", "pdfua_compliance_level": ""}, "elements": [{"Bounds": [-14.42303466796875, 370.6159973144531, 609.698974609375, 856.31298828125], "ObjectID": 223, "Page": 0, "Path": "//Document/Sect/Figure", "attributes": {"BBox": [0.0, 369.8289999999979, 595.295999999973, 841.8899999999849], "Placement": "Block"}}, {"Bounds": [-14.42303466796875, 370.6159973144531, 609.698974609375, 856.31298828125], "Font": {"alt_family_name": "Lato", "embedded": true, "encoding": "WinAnsiEncoding", "family_name": "Lato", "font_type": "TrueType", "italic": false, "monospaced": false, "name": "TXNATR+Lato-Black", "subset": true, "weight": 900}, "HasClip": false, "ObjectID": 223, "Page": 0, "Path": "//Document/Sect/Figure", "Text": "LOWER CARBON FUTURE Our commitment to a FACT SHEET 2022 ", "TextSize": 53.720306396484375, "attributes": {"BBox": [0.0, 369.8289999999979, 595.295999999973, 841.8899999999849], "Placement": "Block"}}, {"Bounds": [34.01570129394531, 216.96189880371094, 287.82421875, 346.4763946533203], "Font": {"alt_family_name": "Lato", "embedded": true, "encoding": "WinAnsiEncoding", "family_name": "Lato", "font_type": "TrueType", "italic": false, "monospaced": false, "name": "DRNIDX+Lato-Bold", "subset": true, "weight": 700}, "HasClip": false, "Lang": "en", "ObjectID": 224, "Page": 0, "Path": "//Document/Sect/P", "Text": "The impact of climate change and global warming are a reality and will have significant consequences around the world. As a responsible coal producer, Seriti Resources is aware of the impact that greenhouse gas emissions have on climate change and how the burning of fossil fuels such as coal, natural gas and oil contribute to that effect. Seriti fully supports the commitments South Africa has made as a signatory to the Paris Agreement, the international accord adopted by 196 parties in 2015 to address climate change and its negative impacts. The agreement includes commitments from all major emitting countries to cut their climate pollution and to strengthen those commitments over time. ", "TextSize": 8.5, "attributes": {"SpaceAfter": 18}}, {"Bounds": [34.01570129394531, 90.92794799804688, 161.85147094726562, 175.97885131835938], "Font": {"alt_family_name": "Lato", "embedded": true, "encoding": "WinAnsiEncoding", "family_name": "Lato", "font_type": "TrueType", "italic": false, "monospaced": false, "name": "TXNATR+Lato-Black", "subset": true, "weight": 900}, "HasClip": false, "Lang": "en", "ObjectID": 225, "Page": 0, "Path": "//Document/Sect/Title", "Text": "Planning for the energy crisis ", "TextSize": 17.1177978515625, "attributes": {"LineHeight": 31, "SpaceAfter": 18, "TextAlign": "Justify"}}, {"Bounds": [160.15170288085938, 90.26499938964844, 295.5487060546875, 204.46499633789062], "ObjectID": 226, "Page": 0, "Path": "//Document/Sect/Figure[2]", "attributes": {"BBox": [165.11299999999756, 95.16039999999703, 290.627999999997, 199.43599999999424], "Placement": "Block"}}, {"Bounds": [34.01570129394531, 33.57429504394531, 282.1493835449219, 79.07479858398438], "Font": {"alt_family_name": "Lato", "embedded": true, "encoding": "WinAnsiEncoding", "family_name": "Lato", "font_type": "TrueType", "italic": false, "monospaced": false, "name": "DRNIDX+Lato-Bold", "subset": true, "weight": 700}, "HasClip": false, "Lang": "en", "ObjectID": 227, "Page": 0, "Path": "//Document/Sect/P[2]", "Text": "Despite global acknowledgement of the critical risk posed by climate change, global demand for stable power supply around the world has grown at the same time as countries and companies move to de-carbonise and reduce reliance on fossil fuels. ", "TextSize": 8.5}, {"Bounds": [308.9763946533203, 240.91490173339844, 561.4934844970703, 346.11940002441406], "Font": {"alt_family_name": "Lato", "embedded": true, "encoding": "WinAnsiEncoding", "family_name": "Lato", "font_type": "TrueType", "italic": false, "monospaced": false, "name": "TPPFTR+Lato-Light", "subset": true, "weight": 300}, "HasClip": false, "Lang": "en", "ObjectID": 228, "Page": 0, "Path": "//Document/Sect/P[3]", "Text": "Seriti believes it is the responsibility of coal producers to contribute to a just and manageable transition to a lower-carbon economy while balancing the electricity needs of a developing economy. We focus on producing responsible high-quality, secure and long-term coal-solutions to fuel South Africa\u2019s power stations and to supply the export market. We are conscious of the impact of our operations on the environment, the diminishing role coal will play in future electricity generation in South Africa and elsewhere, and the need for mitigating measures in the meantime. ", "TextSize": 8.5, "attributes": {"SpaceAfter": 18}}, {"Bounds": [308.97369384765625, 31.840301513671875, 427.65203857421875, 173.35679626464844], "Font": {"alt_family_name": "Lato", "embedded": true, "encoding": "WinAnsiEncoding", "family_name": "Lato", "font_type": "TrueType", "italic": false, "monospaced": false, "name": "DRNIDX+Lato-Bold", "subset": true, "weight": 700}, "HasClip": false, "ObjectID": 233, "Page": 0, "Path": "//Document/Sect/P[4]/ParagraphSpan", "Text": "South Africa has begun its transition towards renewable energy sources and has increased the amount of power produced from independent producers through its Renewable Independent Power Producer Programme and changes to various regulations. The Department of Mineral Resources and Energy launched the sixth bid window in April ", "TextSize": 8.5}, {"Bounds": [442.908203125, 151.8347930908203, 557.2602844238281, 173.331298828125], "Font": {"alt_family_name": "Lato", "embedded": true, "encoding": "WinAnsiEncoding", "family_name": "Lato", "font_type": "TrueType", "italic": false, "monospaced": false, "name": "DRNIDX+Lato-Bold", "subset": true, "weight": 700}, "HasClip": false, "ObjectID": 234, "Page": 0, "Path": "//Document/Sect/P[4]/ParagraphSpan[2]", "Text": "2022. Currently it is seeking to procure 5.2GW of power. ", "TextSize": 8.5}, {"Bounds": [442.908203125, 31.576797485351562, 556.7894897460938, 144.2613067626953], "Font": {"alt_family_name": "Lato", "embedded": true, "encoding": "WinAnsiEncoding", "family_name": "Lato", "font_type": "TrueType", "italic": false, "monospaced": false, "name": "DRNIDX+Lato-Bold", "subset": true, "weight": 700}, "HasClip": false, "Lang": "en", "ObjectID": 230, "Page": 0, "Path": "//Document/Sect/P[5]", "Text": "Eskom has also faced challenges meeting South Africa\u2019s electricity generation requirements resulting in widespread power cuts. As demand for power continues to rise and older power plants are decommissioned, Eskom\u2019s capacity will continue to be strained. ", "TextSize": 8.5}, {"Bounds": [34.01570129394531, 741.2369537353516, 143.9707794189453, 811.3125], "Font": {"alt_family_name": "Lato", "embedded": true, "encoding": "WinAnsiEncoding", "family_name": "Lato", "font_type": "TrueType", "italic": false, "monospaced": false, "name": "TXNATR+Lato-Black", "subset": true, "weight": 900}, "HasClip": false, "Lang": "en", "ObjectID": 186, "Page": 1, "Path": "//Document/Sect/Aside/P", "Text": "Managing a just transition ", "TextSize": 23.389694213867188}, {"Bounds": [180.70860290527344, 775.4465942382812, 389.3971405029297, 808.6390991210938], "Font": {"alt_family_name": "Lato", "embedded": true, "encoding": "WinAnsiEncoding", "family_name": "Lato", "font_type": "TrueType", "italic": false, "monospaced": false, "name": "TPPFTR+Lato-Light", "subset": true, "weight": 300}, "HasClip": false, "Lang": "en", "ObjectID": 187, "Page": 1, "Path": "//Document/Sect/Aside/P[2]", "Text": "Coal has played a fundamental role in advancing industrial development across South Africa\u2019s economy, which is battling high unemployment, poverty, and inequality. ", "TextSize": 8.5}, {"Bounds": [180.70860290527344, 661.7590942382812, 390.9420623779297, 766.9635925292969], "Font": {"alt_family_name": "Lato", "embedded": true, "encoding": "WinAnsiEncoding", "family_name": "Lato", "font_type": "TrueType", "italic": false, "monospaced": false, "name": "TPPFTR+Lato-Light", "subset": true, "weight": 300}, "HasClip": false, "Lang": "en", "ObjectID": 188, "Page": 1, "Path": "//Document/Sect/Aside/P[3]", "Text": "Coal, which has provided most of the country\u2019s power needs for decades, remains an integral part of South Africa\u2019s Integrated Resource Plan (IRP). The latest IRP indicates that from 2019 about 72% of our electricity was generated by coal. By 2030, if all goes according to plan, only 43% of our electricity will be coal-generated. It is understood that this timetable could be accelerated. The remaining 57% will come from solar, wind, hydro, nuclear and other clean forms of energy. Seriti fully embraces this transition. ", "TextSize": 8.5}, {"Bounds": [33.57609558105469, 597.1394958496094, 148.9680938720703, 726.9824981689453], "ClipBounds": [33.57609558105469, 597.1394958496094, 148.9680938720703, 726.9824981689453], "ObjectID": 189, "Page": 1, "Path": "//Document/Sect/Aside/P[4]/Figure", "attributes": {"BBox": [33.83859999999913, 597.2199999999721, 148.7939999999944, 726.6949999999779], "Placement": "Start"}}, {"Bounds": [33.57609558105469, 597.1394958496094, 388.1248016357422, 726.9824981689453], "ClipBounds": [33.57609558105469, 597.1394958496094, 388.1248016357422, 726.9824981689453], "Font": {"alt_family_name": "Lato", "embedded": true, "encoding": "WinAnsiEncoding", "family_name": "Lato", "font_type": "TrueType", "italic": false, "monospaced": false, "name": "TPPFTR+Lato-Light", "subset": true, "weight": 300}, "HasClip": false, "Lang": "en", "ObjectID": 190, "Page": 1, "Path": "//Document/Sect/Aside/P[4]", "Text": "As coal faces competing pressures, stakeholders will need to work together to ensure a just and managed transition to tackle climate change and conserve livelihoods. ", "TextSize": 8.5, "attributes": {"SpaceAfter": 18}}, {"Bounds": [34.01570129394531, 526.9205932617188, 421.3052978515625, 583.4701995849609], "Font": {"alt_family_name": "Lato", "embedded": true, "encoding": "WinAnsiEncoding", "family_name": "Lato", "font_type": "TrueType", "italic": false, "monospaced": false, "name": "TXNATR+Lato-Black", "subset": true, "weight": 900}, "HasClip": false, "Lang": "en", "ObjectID": 191, "Page": 1, "Path": "//Document/Sect[2]/H1", "Text": "Seriti goes green ", "TextSize": 50.04389953613281, "attributes": {"LineHeight": 60, "SpaceAfter": 18}}, {"Bounds": [34.015594482421875, 392.78509521484375, 220.7129669189453, 510.2635955810547], "Font": {"alt_family_name": "Lato", "embedded": true, "encoding": "WinAnsiEncoding", "family_name": "Lato", "font_type": "TrueType", "italic": false, "monospaced": false, "name": "TPPFTR+Lato-Light", "subset": true, "weight": 300}, "HasClip": false, "Lang": "en", "ObjectID": 192, "Page": 1, "Path": "//Document/Sect[2]/P", "Text": "Lowering carbon emissions has become a global imperative and therefore Seriti Resources has implemented plans to form a green energy subsidiary, Seriti Green, which was announced in November 2021. Seriti Green, will identify and develop renewable energy projects to be integrated alongside its existing fleet of coal assets. This is in line with Seriti\u2019s strategy to lower its carbon emissions and provide long-term sustainability as a diversified energy producer. ", "TextSize": 8.5}, {"Bounds": [34.015594482421875, 351.38160705566406, 215.80255126953125, 384.5740966796875], "Font": {"alt_family_name": "Lato", "embedded": true, "encoding": "WinAnsiEncoding", "family_name": "Lato", "font_type": "TrueType", "italic": false, "monospaced": false, "name": "TPPFTR+Lato-Light", "subset": true, "weight": 300}, "HasClip": false, "Lang": "en", "ObjectID": 193, "Page": 1, "Path": "//Document/Sect[2]/P[2]", "Text": "The decision to pursue renewable energy is timely, given the need to find solutions for current and future energy needs. ", "TextSize": 8.5}, {"Bounds": [34.015594482421875, 309.7061004638672, 220.5165252685547, 342.8986053466797], "Font": {"alt_family_name": "Lato", "embedded": true, "encoding": "WinAnsiEncoding", "family_name": "Lato", "font_type": "TrueType", "italic": false, "monospaced": false, "name": "TPPFTR+Lato-Light", "subset": true, "weight": 300}, "HasClip": false, "Lang": "en", "ObjectID": 194, "Page": 1, "Path": "//Document/Sect[2]/P[3]", "Text": "As part of Seriti\u2019s strategic plan to actively participate in a just transition, the company identified Windlab Africa as an attractive investment. ", "TextSize": 8.5}, {"Bounds": [34.015594482421875, 255.75660705566406, 216.35499572753906, 301.2230987548828], "Font": {"alt_family_name": "Lato", "embedded": true, "encoding": "WinAnsiEncoding", "family_name": "Lato", "font_type": "TrueType", "italic": false, "monospaced": false, "name": "TPPFTR+Lato-Light", "subset": true, "weight": 300}, "HasClip": false, "Lang": "en", "ObjectID": 195, "Page": 1, "Path": "//Document/Sect[2]/P[4]", "Text": "Through its majority stake in Windlab Africa, Seriti will reduce its carbon emissions, provide a solution to Seriti\u2019s own power needs and deliver continuing financial stability. ", "TextSize": 8.5}, {"Bounds": [34.015594482421875, 178.34710693359375, 217.70993041992188, 247.54559326171875], "Font": {"alt_family_name": "Lato", "embedded": true, "encoding": "WinAnsiEncoding", "family_name": "Lato", "font_type": "TrueType", "italic": false, "monospaced": false, "name": "TPPFTR+Lato-Light", "subset": true, "weight": 300}, "HasClip": false, "Lang": "en", "ObjectID": 196, "Page": 1, "Path": "//Document/Sect[2]/P[5]", "Text": "Windlab Africa, which consists of 100% of Windlab South Africa and 75% Windlab East Africa, has a portfolio of 23 solar and wind projects at different stages of development. These projects will ultimately produce 3,500MW of power at varying points over the next 10 years. ", "TextSize": 8.5}, {"Bounds": [34.015594482421875, 124.66960144042969, 207.33065795898438, 169.86410522460938], "Font": {"alt_family_name": "Lato", "embedded": true, "encoding": "WinAnsiEncoding", "family_name": "Lato", "font_type": "TrueType", "italic": false, "monospaced": false, "name": "TPPFTR+Lato-Light", "subset": true, "weight": 300}, "HasClip": false, "Lang": "en", "ObjectID": 197, "Page": 1, "Path": "//Document/Sect[2]/P[6]", "Text": "As older coal power plants are decommissioned, additional grid capacity will become available in Mpumalanga providing a strategic advantage to projects located in the province. ", "TextSize": 8.5}, {"Bounds": [34.015594482421875, 46.98809814453125, 212.0166778564453, 116.18659973144531], "Font": {"alt_family_name": "Lato", "embedded": true, "encoding": "WinAnsiEncoding", "family_name": "Lato", "font_type": "TrueType", "italic": false, "monospaced": false, "name": "TPPFTR+Lato-Light", "subset": true, "weight": 300}, "HasClip": false, "Lang": "en", "ObjectID": 198, "Page": 1, "Path": "//Document/Sect[2]/P[7]", "Text": "Seriti Green\u2019s acquisition provides access to industry-leading atmospheric wind modelling and energy analysis tools along with a portfolio of existing world-class renewable assets with a high return rate, a promising project pipeline, and a highly experienced management team. ", "TextSize": 8.5, "attributes": {"SpaceAfter": 18}}, {"Bounds": [237.77999877929688, 160.90269470214844, 411.3585968017578, 501.3703155517578], "ClipBounds": [237.77999877929688, 160.90269470214844, 411.3585968017578, 501.3703155517578], "ObjectID": 199, "Page": 1, "Path": "//Document/Sect[2]/Figure", "attributes": {"BBox": [237.70999999999913, 162.47799999999552, 408.5829999999987, 496.42399999999907], "Placement": "Block"}}, {"Bounds": [237.77999877929688, 160.90269470214844, 411.3585968017578, 501.3703155517578], "ClipBounds": [237.77999877929688, 160.90269470214844, 411.3585968017578, 501.3703155517578], "Font": {"alt_family_name": "Lato", "embedded": true, "encoding": "WinAnsiEncoding", "family_name": "Lato", "font_type": "Type1", "italic": false, "monospaced": false, "name": "LLMELH+Lato-Bold", "subset": true, "weight": 700}, "HasClip": false, "ObjectID": 199, "Page": 1, "Path": "//Document/Sect[2]/Figure", "Text": "2022 70 500 1 240 1 490 2 070 Cumulative MW production 2 650 2023 2024 2025 2026 2027 2028 2029 ", "TextSize": 7.0, "attributes": {"BBox": [237.70999999999913, 162.47799999999552, 408.5829999999987, 496.42399999999907], "Placement": "Block"}}, {"Bounds": [238.11019897460938, 45.87890625, 368.04551696777344, 132.33590698242188], "Font": {"alt_family_name": "Lato", "embedded": true, "encoding": "WinAnsiEncoding", "family_name": "Lato", "font_type": "TrueType", "italic": false, "monospaced": false, "name": "DRNIDX+Lato-Bold", "subset": true, "weight": 700}, "HasClip": false, "Lang": "en", "ObjectID": 200, "Page": 1, "Path": "//Document/Sect[2]/P[8]", "Text": "Seriti Green\u2019s projected electricity production ", "TextSize": 21.0, "attributes": {"SpaceAfter": 18}}, {"Bounds": [480.34210205078125, 767.8338928222656, 563.1381988525391, 808.3423004150391], "ClipBounds": [480.34210205078125, 767.8338928222656, 563.1381988525391, 808.3423004150391], "ObjectID": 201, "Page": 1, "Path": "//Document/Sect[2]/Figure[2]", "attributes": {"BBox": [480.5799999999872, 767.9729999999981, 563.0169999999925, 808.0509999999776], "Placement": "Block"}}, {"Bounds": [426.8280944824219, 14.173263549804688, 609.697998046875, 856.31298828125], "ClipBounds": [426.8280944824219, 14.173263549804688, 609.697998046875, 856.31298828125], "ObjectID": 202, "Page": 1, "Path": "//Document/Sect[2]/Figure[3]", "attributes": {"BBox": [427.06299999999464, 14.163699999999608, 595.295999999973, 841.8899999999849], "Placement": "Block"}}, {"Bounds": [426.8280944824219, 14.173263549804688, 609.697998046875, 856.31298828125], "ClipBounds": [426.8280944824219, 14.173263549804688, 609.697998046875, 856.31298828125], "ObjectID": 202, "Page": 1, "Path": "//Document/Sect[2]/Figure[3]", "attributes": {"BBox": [427.06299999999464, 14.163699999999608, 595.295999999973, 841.8899999999849], "Placement": "Block"}}], "pages": [{"boxes": {"CropBox": [0.0, 0.0, 595.2760009765625, 841.8900146484375], "MediaBox": [0.0, 0.0, 595.2760009765625, 841.8900146484375]}, "height": 841.8900146484375, "is_scanned": false, "page_number": 0, "rotation": 0, "width": 595.2760009765625}, {"boxes": {"CropBox": [0.0, 0.0, 595.2760009765625, 841.8900146484375], "MediaBox": [0.0, 0.0, 595.2760009765625, 841.8900146484375]}, "height": 841.8900146484375, "is_scanned": false, "page_number": 1, "rotation": 0, "width": 595.2760009765625}]}