{"version": {"json_export": "203", "page_segmentation": "5", "schema": "1.1.0", "structure": "1.1099.0", "table_structure": "5"}, "extended_metadata": {"ID_instance": "D8 79 4A 6B 83 BA B2 11 0A 00 67 45 8B 6B C6 23 ", "ID_permanent": "37 34 20 30 42 20 33 44 20 36 42 20 38 33 20 42 41 20 42 32 20 31 31 20 30 41 20 30 30 20 36 37 20 34 35 20 38 42 20 36 42 20 43 36 20 32 33 20 ", "has_acroform": false, "has_embedded_files": false, "is_XFA": false, "is_certified": false, "is_encrypted": false, "is_digitally_signed": false, "language": "en", "page_count": 12, "pdf_version": "1.6", "pdfa_compliance_level": "", "pdfua_compliance_level": ""}, "elements": [{"Bounds": [145.13250732421875, 711.5325012207031, 216.54750061035156, 729.4275054931641], "ObjectID": 318, "Page": 0, "Path": "//Document/Figure", "attributes": {"BBox": [145.3139999999985, 711.4829999999783, 216.59099999999307, 729.2429999999877], "Placement": "Block"}}, {"Bounds": [145.25250244140625, 563.0924987792969, 191.46749877929688, 571.1475067138672], "ObjectID": 319, "Page": 0, "Path": "//Document/Figure[2]", "attributes": {"BBox": [145.19399999999587, 563.0489999999991, 191.51199999999517, 571.2089999999735], "Placement": "Block"}}, {"Bounds": [116.82600402832031, 708.3052978515625, 334.0184631347656, 724.2342987060547], "Font": {"alt_family_name": "* Times New Roman", "embedded": true, "encoding": "Identity-H", "family_name": "* Times New Roman", "font_type": "CIDFontType0", "italic": false, "monospaced": false, "name": "*Times New Roman-3300", "subset": false, "weight": 400}, "HasClip": false, "Lang": "en", "ObjectID": 352, "Page": 1, "Path": "//Document/H1", "Text": "Global energy-related emissions ", "TextSize": 17.0, "attributes": {"LineHeight": 20.375, "SpaceAfter": 18}}, {"Bounds": [0.0, -0.1072845458984375, 612.0328216552734, 791.8737640380859], "ClipBounds": [0.0, -0.1072845458984375, 612.0328216552734, 791.8737640380859], "ObjectID": 353, "Page": 1, "Path": "//Document/Figure[3]", "attributes": {"BBox": [115.43499999999767, 459.9739999999874, 489.2199999999866, 686.0439999999944], "Placement": "Block"}}, {"Bounds": [0.0, -0.1072845458984375, 612.0328216552734, 791.8737640380859], "ClipBounds": [0.0, -0.1072845458984375, 612.0328216552734, 791.8737640380859], "Font": {"alt_family_name": "* Arial", "embedded": true, "encoding": "Identity-H", "family_name": "* Arial", "font_type": "CIDFontType0", "italic": false, "monospaced": false, "name": "*Arial-3301", "subset": false, "weight": 400}, "HasClip": false, "ObjectID": 353, "Page": 1, "Path": "//Document/Figure[3]", "Text": "CO2 billion metric tons 40 30 20 10 IEASTEPS -Outlook IPCC Likely Below 2'C scenarios IEAAPS 0 f--------------------------=::::,-.\"\"\"\"'-'===--1 EA NZ E -10 2010 2020 2030 2040 2050 Source: ExxonMobil 2023 Global Outlook, IEA World Energy Outlook 2023, IPCC Sixth Assessment Report ", "TextSize": 10.0, "attributes": {"BBox": [115.43499999999767, 459.9739999999874, 489.2199999999866, 686.0439999999944], "Placement": "Block"}}, {"Bounds": [0.0, -0.1072845458984375, 612.0328216552734, 791.8737640380859], "ClipBounds": [0.0, -0.1072845458984375, 612.0328216552734, 791.8737640380859], "ObjectID": 354, "Page": 1, "Path": "//Document/L/LI/Lbl/Figure", "attributes": {"BBox": [126.95499999999811, 389.5359999999928, 148.43399999999383, 400.3359999999957]}}, {"Bounds": [0.0, -0.1072845458984375, 612.0328216552734, 791.8737640380859], "ClipBounds": [0.0, -0.1072845458984375, 612.0328216552734, 791.8737640380859], "ObjectID": 354, "Page": 1, "Path": "//Document/L/LI/Lbl/Figure", "attributes": {"BBox": [126.95499999999811, 389.5359999999928, 148.43399999999383, 400.3359999999957]}}, {"Bounds": [146.8800048828125, 370.8300018310547, 493.5125274658203, 400.6199951171875], "Font": {"alt_family_name": "* Arial", "embedded": true, "encoding": "Identity-H", "family_name": "* Arial", "font_type": "CIDFontType0", "italic": false, "monospaced": false, "name": "*Arial-3301", "subset": false, "weight": 400}, "HasClip": false, "ObjectID": 355, "Page": 1, "Path": "//Document/L/LI/LBody", "Text": "Views of the future path of the world's energy system and emissions levels can be grouped into three categories. ", "TextSize": 10.0}, {"Bounds": [173.52000427246094, 338.3800048828125, 306.83006286621094, 348.9600067138672], "Font": {"alt_family_name": "* Arial", "embedded": true, "encoding": "Identity-H", "family_name": "* Arial", "font_type": "CIDFontType0", "italic": false, "monospaced": false, "name": "*Arial-Bold-3303", "subset": false, "weight": 700}, "HasClip": false, "Lang": "en", "ObjectID": 356, "Page": 1, "Path": "//Document/P", "Text": "Society's Current Trajectory ", "TextSize": 10.0, "attributes": {"LineHeight": 12, "SpaceAfter": 18}}, {"Bounds": [0.0, -0.1072845458984375, 612.0328216552734, 791.8737640380859], "ClipBounds": [0.0, -0.1072845458984375, 612.0328216552734, 791.8737640380859], "ObjectID": 357, "Page": 1, "Path": "//Document/L[2]/LI/Lbl/Figure", "attributes": {"BBox": [174.2329999999929, 305.77999999999884, 188.51199999999517, 316.5789999999979]}}, {"Bounds": [0.0, -0.1072845458984375, 612.0328216552734, 791.8737640380859], "ClipBounds": [0.0, -0.1072845458984375, 612.0328216552734, 791.8737640380859], "ObjectID": 357, "Page": 1, "Path": "//Document/L[2]/LI/Lbl/Figure", "attributes": {"BBox": [174.2329999999929, 305.77999999999884, 188.51199999999517, 316.5789999999979]}}, {"Bounds": [188.63999938964844, 249.1699981689453, 497.5601501464844, 317.0], "Font": {"alt_family_name": "* Arial", "embedded": true, "encoding": "Identity-H", "family_name": "* Arial", "font_type": "CIDFontType0", "italic": false, "monospaced": false, "name": "*Arial-3301", "subset": false, "weight": 400}, "HasClip": false, "ObjectID": 358, "Page": 1, "Path": "//Document/L[2]/LI/LBody", "Text": "ExxonMobil's Global Outlook bases its view of energy demand and supply through 2050 on observable trends in population, economic development, policy, technology and consumer preferences. ", "TextSize": 10.0}, {"Bounds": [173.52000427246094, 220.1844024658203, 182.4000701904297, 231.2144012451172], "Font": {"alt_family_name": "* Arial", "embedded": true, "encoding": "Identity-H", "family_name": "* Arial", "font_type": "CIDFontType0", "italic": false, "monospaced": false, "name": "*Arial-3301", "subset": false, "weight": 400}, "HasClip": false, "ObjectID": 359, "Page": 1, "Path": "//Document/L[2]/LI[2]/Lbl", "Text": "-", "TextSize": 10.0}, {"Bounds": [187.67999267578125, 182.3105926513672, 495.917724609375, 231.2144012451172], "Font": {"alt_family_name": "* Arial", "embedded": true, "encoding": "Identity-H", "family_name": "* Arial", "font_type": "CIDFontType0", "italic": false, "monospaced": false, "name": "*Arial-3301", "subset": false, "weight": 400}, "HasClip": false, "ObjectID": 360, "Page": 1, "Path": "//Document/L[2]/LI[2]/LBody", "Text": "The International Energy Agency's Stated Energy Policies Scenario (STEPS)1 reflects a sector-by-sector assessment of current policy in place or announced by governments around the world. ", "TextSize": 10.0}, {"Bounds": [173.75, 153.40060424804688, 288.49017333984375, 163.98060607910156], "Font": {"alt_family_name": "* Arial", "embedded": true, "encoding": "Identity-H", "family_name": "* Arial", "font_type": "CIDFontType0", "italic": false, "monospaced": false, "name": "*Arial-Bold-3303", "subset": false, "weight": 700}, "HasClip": false, "Lang": "en", "ObjectID": 362, "Page": 1, "Path": "//Document/P[2]", "Text": "Paris-Aligned Scenarios ", "TextSize": 10.0, "attributes": {"LineHeight": 12, "SpaceAfter": 13.625}}, {"Bounds": [173.52000427246094, 121.05360412597656, 182.4000701904297, 132.08360290527344], "Font": {"alt_family_name": "* Arial", "embedded": true, "encoding": "Identity-H", "family_name": "* Arial", "font_type": "CIDFontType0", "italic": false, "monospaced": false, "name": "*Arial-3301", "subset": false, "weight": 400}, "HasClip": false, "ObjectID": 363, "Page": 1, "Path": "//Document/L[3]/LI/Lbl", "Text": "-", "TextSize": 10.0}, {"Bounds": [187.9199981689453, 64.28999328613281, 492.3478698730469, 131.96359252929688], "Font": {"alt_family_name": "* Arial", "embedded": true, "encoding": "Identity-H", "family_name": "* Arial", "font_type": "CIDFontType0", "italic": false, "monospaced": false, "name": "*Arial-3301", "subset": false, "weight": 400}, "HasClip": false, "ObjectID": 364, "Page": 1, "Path": "//Document/L[3]/LI/LBody", "Text": "The U.N. Intergovernmental Panel on Climate Change's (IPCC) database contains 311 scenarios defined as pathways with a 67% likelihood of limiting peak warming to below 2\u00b0C throughout the 21st century. These are labelled IPCC Likely below 2\u00b0C scenarios2. ", "TextSize": 10.0}, {"Bounds": [173.45249938964844, 676.7324981689453, 491.82749938964844, 744.4275054931641], "ObjectID": 469, "Page": 2, "Path": "//Document/Figure[4]", "attributes": {"BBox": [173.63299999999435, 676.804999999993, 491.7399999999907, 744.2419999999984], "Placement": "Block"}}, {"Bounds": [117.1199951171875, 708.3063049316406, 232.2440643310547, 723.7422943115234], "Font": {"alt_family_name": "* Times New Roman", "embedded": true, "encoding": "Identity-H", "family_name": "* Times New Roman", "font_type": "CIDFontType0", "italic": false, "monospaced": false, "name": "*Times New Roman-7688", "subset": false, "weight": 400}, "HasClip": false, "Lang": "en", "ObjectID": 572, "Page": 3, "Path": "//Document/H1[2]", "Text": "2050 Energy mix ", "TextSize": 17.0, "attributes": {"LineHeight": 20.375, "SpaceAfter": 18}}, {"Bounds": [116.547607421875, 673.2080993652344, 187.6895294189453, 684.2281036376953], "Font": {"alt_family_name": "* Arial", "embedded": true, "encoding": "Identity-H", "family_name": "* Arial", "font_type": "CIDFontType0", "italic": false, "monospaced": false, "name": "*Arial-7689", "subset": false, "weight": 400}, "HasClip": false, "Lang": "en", "ObjectID": 573, "Page": 3, "Path": "//Document/P[3]", "Text": "Quadrillion Btu ", "TextSize": 10.0, "attributes": {"LineHeight": 12}}, {"Bounds": [0.0, -0.1072845458984375, 612.0328216552734, 791.8737640380859], "ObjectID": 574, "Page": 3, "Path": "//Document/Figure[5]", "attributes": {"BBox": [115.43499999999767, 478.45299999999406, 495.9399999999878, 658.9249999999884], "Placement": "Block"}}, {"Bounds": [0.0, -0.1072845458984375, 612.0328216552734, 791.8737640380859], "Font": {"alt_family_name": "* Arial", "embedded": true, "encoding": "Identity-H", "family_name": "* Arial", "font_type": "CIDFontType0", "italic": false, "monospaced": false, "name": "*Arial-7691", "subset": false, "weight": 400}, "HasClip": false, "ObjectID": 574, "Page": 3, "Path": "//Document/Figure[5]", "Text": "800 600 -400 Coal 200 Oil&Gas 0 2021 Outlook 2050 IEA STEPS IEA APS IEA NZE (IPCC Likely Below 2'C Range) \u25a0(9-59%) (6-36%) (2-42%) (0-20%} IPCC Likely Below2\u00b0C Avg (14-57%) Energy use per person (MMBTU/person/year) 74 68 72 62 52 62 ", "TextSize": 6.0, "attributes": {"BBox": [115.43499999999767, 478.45299999999406, 495.9399999999878, 658.9249999999884], "Placement": "Block"}}, {"Bounds": [116.8778076171875, 452.21339416503906, 489.60401916503906, 474.54339599609375], "Font": {"alt_family_name": "* Arial", "embedded": true, "encoding": "Identity-H", "family_name": "* Arial", "font_type": "CIDFontType0", "italic": false, "monospaced": false, "name": "*Arial-7690", "subset": false, "weight": 400}, "HasClip": false, "Lang": "en", "ObjectID": 575, "Page": 3, "Path": "//Document/P[4]", "Text": "Source: ExxonMobil 2023 Global Outlook, IEA World Energy Outlook 2023, IPCC Sixth Assessment Report ", "TextSize": 10.0, "attributes": {"LineHeight": 13.5, "SpaceAfter": 18}}, {"Bounds": [0.0, -0.1072845458984375, 612.0328216552734, 791.8737640380859], "ObjectID": 576, "Page": 3, "Path": "//Document/L[4]/LI/Lbl/Figure", "attributes": {"BBox": [125.75499999999738, 380.17699999999604, 146.03399999999965, 390.9759999999951]}}, {"Bounds": [0.0, -0.1072845458984375, 612.0328216552734, 791.8737640380859], "ObjectID": 576, "Page": 3, "Path": "//Document/L[4]/LI/Lbl/Figure", "attributes": {"BBox": [125.75499999999738, 380.17699999999604, 146.03399999999965, 390.9759999999951]}}, {"Bounds": [146.15780639648438, 342.40589904785156, 492.00389099121094, 391.29339599609375], "Font": {"alt_family_name": "* Arial", "embedded": true, "encoding": "Identity-H", "family_name": "* Arial", "font_type": "CIDFontType0", "italic": false, "monospaced": false, "name": "*Arial-7689", "subset": false, "weight": 400}, "HasClip": false, "ObjectID": 577, "Page": 3, "Path": "//Document/L[4]/LI/LBody", "Text": "The Global Outlook projects that the biggest change in the world's energy mix between now and 2050 will be a significant increase in solar and wind, coupled with a significant reduction in coal. ", "TextSize": 10.0}, {"Bounds": [0.0, -0.1072845458984375, 612.0328216552734, 791.8737640380859], "ObjectID": 578, "Page": 3, "Path": "//Document/L[4]/LI[2]/Lbl/Figure", "attributes": {"BBox": [126.59499999999753, 313.458999999988, 146.2739999999976, 324.2589999999909]}}, {"Bounds": [0.0, -0.1072845458984375, 612.0328216552734, 791.8737640380859], "ObjectID": 578, "Page": 3, "Path": "//Document/L[4]/LI[2]/Lbl/Figure", "attributes": {"BBox": [126.59499999999753, 313.458999999988, 146.2739999999976, 324.2589999999909]}}, {"Bounds": [146.39999389648438, 237.75999450683594, 493.3603210449219, 324.43589782714844], "Font": {"alt_family_name": "* Arial", "embedded": true, "encoding": "Identity-H", "family_name": "* Arial", "font_type": "CIDFontType0", "italic": false, "monospaced": false, "name": "*Arial-7689", "subset": false, "weight": 400}, "HasClip": false, "ObjectID": 579, "Page": 3, "Path": "//Document/L[4]/LI[2]/LBody", "Text": "Solar and wind are projected to increase fivefold, from 2% of the world's supply to over 10%. Coal will increasingly be displaced by lower-emission sources of electricity production -not just renewables but also natural gas, which has about half the carbon intensity of coal in electricity generation. Overall, electricity use will grow 80% by 2050. ", "TextSize": 10.0}, {"Bounds": [0.0, -0.1072845458984375, 612.0328216552734, 791.8737640380859], "ObjectID": 580, "Page": 3, "Path": "//Document/L[4]/LI[3]/Lbl/Figure", "attributes": {"BBox": [127.07499999999709, 208.82399999999325, 145.7939999999944, 219.6229999999996]}}, {"Bounds": [0.0, -0.1072845458984375, 612.0328216552734, 791.8737640380859], "ObjectID": 580, "Page": 3, "Path": "//Document/L[4]/LI[3]/Lbl/Figure", "attributes": {"BBox": [127.07499999999709, 208.82399999999325, 145.7939999999944, 219.6229999999996]}}, {"Bounds": [145.9199981689453, 190.02000427246094, 482.31964111328125, 219.8300018310547], "Font": {"alt_family_name": "* Arial", "embedded": true, "encoding": "Identity-H", "family_name": "* Arial", "font_type": "CIDFontType0", "italic": false, "monospaced": false, "name": "*Arial-7689", "subset": false, "weight": 400}, "HasClip": false, "ObjectID": 581, "Page": 3, "Path": "//Document/L[4]/LI[3]/LBody", "Text": "The Outlook projects that oil and natural gas will still make up more than half of the world's energy supply in 2050. ", "TextSize": 10.0}, {"Bounds": [0.0, -0.1072845458984375, 612.0328216552734, 791.8737640380859], "ObjectID": 582, "Page": 3, "Path": "//Document/L[4]/LI[4]/Lbl/Figure", "attributes": {"BBox": [127.07499999999709, 160.82599999999366, 146.03399999999965, 171.625]}}, {"Bounds": [0.0, -0.1072845458984375, 612.0328216552734, 791.8737640380859], "ObjectID": 582, "Page": 3, "Path": "//Document/L[4]/LI[4]/Lbl/Figure", "attributes": {"BBox": [127.07499999999709, 160.82599999999366, 146.03399999999965, 171.625]}}, {"Bounds": [146.16000366210938, 104.20779418945312, 491.0181427001953, 171.92999267578125], "Font": {"alt_family_name": "* Arial", "embedded": true, "encoding": "Identity-H", "family_name": "* Arial", "font_type": "CIDFontType0", "italic": false, "monospaced": false, "name": "*Arial-7689", "subset": false, "weight": 400}, "HasClip": false, "ObjectID": 583, "Page": 3, "Path": "//Document/L[4]/LI[4]/LBody", "Text": "The three IEA scenarios show significant differences, from moderate renewable energy penetration and high fossil fuel use under current policy to a dramatic increase in renewables and accompanying reduction in fossil fuel use under the aggressive NZE scenario. ", "TextSize": 10.0}, {"Bounds": [0.0, -0.1072845458984375, 612.0328216552734, 791.8737640380859], "ObjectID": 584, "Page": 3, "Path": "//Document/L[4]/LI[5]/Lbl/Figure", "attributes": {"BBox": [126.83499999999913, 75.14919999999984, 146.2739999999976, 85.94869999999719]}}, {"Bounds": [0.0, -0.1072845458984375, 612.0328216552734, 791.8737640380859], "ObjectID": 584, "Page": 3, "Path": "//Document/L[4]/LI[5]/Lbl/Figure", "attributes": {"BBox": [126.83499999999913, 75.14919999999984, 146.2739999999976, 85.94869999999719]}}, {"Bounds": [146.39999389648438, 56.280303955078125, 478.99085998535156, 86.32269287109375], "Font": {"alt_family_name": "* Arial", "embedded": true, "encoding": "Identity-H", "family_name": "* Arial", "font_type": "CIDFontType0", "italic": false, "monospaced": false, "name": "*Arial-7689", "subset": false, "weight": 400}, "HasClip": false, "ObjectID": 585, "Page": 3, "Path": "//Document/L[4]/LI[5]/LBody", "Text": "Similar to the IEA APS, the IPCC's Likely Below 2\u00b0c scenario sees a considerably larger role than the Outlook does for renewables -around ", "TextSize": 10.0}, {"Bounds": [146.8125, 714.5325012207031, 479.4674987792969, 744.5475006103516], "ObjectID": 694, "Page": 4, "Path": "//Document/Figure[6]", "attributes": {"BBox": [146.99399999999878, 716.2829999999958, 479.3799999999901, 746.0419999999867], "Placement": "Block"}}, {"Bounds": [117.1199951171875, 688.8442993164062, 477.3157653808594, 724.4423065185547], "Font": {"alt_family_name": "* Times New Roman", "embedded": true, "encoding": "Identity-H", "family_name": "* Times New Roman", "font_type": "CIDFontType0", "italic": false, "monospaced": false, "name": "*Times New Roman-11097", "subset": false, "weight": 400}, "HasClip": false, "Lang": "en", "ObjectID": 802, "Page": 5, "Path": "//Document/H1[3]", "Text": "Growth of lower-carbon solutions between 2020 and 2050 in IPCC Likely Below 2\u00b0C scenarios ", "TextSize": 17.0, "attributes": {"LineHeight": 19.5, "SpaceAfter": 18}}, {"Bounds": [0.0, -0.1072845458984375, 612.0328216552734, 791.8737640380859], "ObjectID": 803, "Page": 5, "Path": "//Document/Figure[7]", "attributes": {"BBox": [127.55499999999665, 445.57399999999325, 402.46399999999267, 658.3259999999718], "Placement": "Block"}}, {"Bounds": [0.0, -0.1072845458984375, 612.0328216552734, 791.8737640380859], "Font": {"alt_family_name": "* Times New Roman", "embedded": true, "encoding": "Identity-H", "family_name": "* Times New Roman", "font_type": "CIDFontType0", "italic": false, "monospaced": false, "name": "*Times New Roman-Bold-11091", "subset": false, "weight": 700}, "HasClip": false, "ObjectID": 803, "Page": 5, "Path": "//Document/Figure[7]", "Text": "CAGR% 30% 2% 19% 5% ", "TextSize": 4.0, "attributes": {"BBox": [127.55499999999665, 445.57399999999325, 402.46399999999267, 658.3259999999718], "Placement": "Block"}}, {"Bounds": [116.63999938964844, 416.0457000732422, 491.280029296875, 447.02220153808594], "Font": {"alt_family_name": "* Arial", "embedded": true, "encoding": "Identity-H", "family_name": "* Arial", "font_type": "CIDFontType0", "italic": false, "monospaced": false, "name": "*Arial-Bold-11096", "subset": false, "weight": 700}, "HasClip": false, "Lang": "en", "ObjectID": 804, "Page": 5, "Path": "//Document/P[5]", "Text": "(SO) 50 100 150 QUADS Source: IPCC Sixth Assessment Report, ExxonMobil analysis; Error bars represent 10th percentile to 90th percentile scenario ", "TextSize": 4.5, "attributes": {"LineHeight": 12.75, "SpaceAfter": 18}}, {"Bounds": [0.0, -0.1072845458984375, 612.0328216552734, 791.8737640380859], "ObjectID": 1198, "Page": 5, "Path": "//Document/L[5]/LI/Lbl/Figure", "attributes": {"BBox": [126.59499999999753, 343.93799999999464, 146.03399999999965, 354.73799999999756]}}, {"Bounds": [0.0, -0.1072845458984375, 612.0328216552734, 791.8737640380859], "ObjectID": 1198, "Page": 5, "Path": "//Document/L[5]/LI/Lbl/Figure", "attributes": {"BBox": [126.59499999999753, 343.93799999999464, 146.03399999999965, 354.73799999999756]}}, {"Bounds": [146.16000366210938, 268.5556945800781, 490.4497375488281, 355.2156982421875], "Font": {"alt_family_name": "* Arial", "embedded": true, "encoding": "Identity-H", "family_name": "* Arial", "font_type": "CIDFontType0", "italic": false, "monospaced": false, "name": "*Arial-11093", "subset": false, "weight": 400}, "HasClip": false, "ObjectID": 1197, "Page": 5, "Path": "//Document/L[5]/LI/LBody", "Text": "The third-party scenarios illustrate that the energy transition will evolve differently in each region based on access to infrastructure, technology, policy, and resources. For instance, the transition is expected to evolve differently based on relative proximity to quality wind, solar, hydrocarbons, and carbon storage sites, among others. ", "TextSize": 10.0}, {"Bounds": [0.0, -0.1072845458984375, 612.0328216552734, 791.8737640380859], "ObjectID": 1193, "Page": 5, "Path": "//Document/L[5]/LI[2]/Lbl/Figure", "attributes": {"BBox": [126.83499999999913, 239.30199999999604, 146.03399999999965, 250.34199999999691]}}, {"Bounds": [0.0, -0.1072845458984375, 612.0328216552734, 791.8737640380859], "ObjectID": 1193, "Page": 5, "Path": "//Document/L[5]/LI[2]/Lbl/Figure", "attributes": {"BBox": [126.83499999999913, 239.30199999999604, 146.03399999999965, 250.34199999999691]}}, {"Bounds": [146.16000366210938, 182.80999755859375, 494.6736145019531, 250.6300048828125], "Font": {"alt_family_name": "* Arial", "embedded": true, "encoding": "Identity-H", "family_name": "* Arial", "font_type": "CIDFontType0", "italic": false, "monospaced": false, "name": "*Arial-11093", "subset": false, "weight": 400}, "HasClip": false, "ObjectID": 1192, "Page": 5, "Path": "//Document/L[5]/LI[2]/LBody", "Text": "These scenarios imply a range of lower-emission growth opportunities as highlighted in the chart, which looks across the IPCC Likely Below 2\u00b0C scenarios and illustrates the average (blue bars) growth potential of various lower-emission solutions. ", "TextSize": 10.0}, {"Bounds": [0.0, -0.1072845458984375, 612.0328216552734, 791.8737640380859], "ObjectID": 1188, "Page": 5, "Path": "//Document/L[5]/LI[3]/Lbl/Figure", "attributes": {"BBox": [126.35499999999956, 153.86599999999453, 146.03399999999965, 164.42599999999948]}}, {"Bounds": [0.0, -0.1072845458984375, 612.0328216552734, 791.8737640380859], "ObjectID": 1188, "Page": 5, "Path": "//Document/L[5]/LI[3]/Lbl/Figure", "attributes": {"BBox": [126.35499999999956, 153.86599999999453, 146.03399999999965, 164.42599999999948]}}, {"Bounds": [146.16000366210938, 134.86000061035156, 485.0099639892578, 164.88999938964844], "Font": {"alt_family_name": "* Arial", "embedded": true, "encoding": "Identity-H", "family_name": "* Arial", "font_type": "CIDFontType0", "italic": false, "monospaced": false, "name": "*Arial-11093", "subset": false, "weight": 400}, "HasClip": false, "ObjectID": 1187, "Page": 5, "Path": "//Document/L[5]/LI[3]/LBody", "Text": "While all of these solutions are needed, the black bars represent the wide range of growth potential across the IPCC Likely Below 2\u00b0C scenarios. ", "TextSize": 10.0}, {"Bounds": [0.0, -0.1072845458984375, 612.0328216552734, 791.8737640380859], "ObjectID": 1183, "Page": 5, "Path": "//Document/L[5]/LI[4]/Lbl/Figure", "attributes": {"BBox": [126.47499999999854, 105.62799999999697, 146.03399999999965, 116.66699999999764]}}, {"Bounds": [0.0, -0.1072845458984375, 612.0328216552734, 791.8737640380859], "ObjectID": 1183, "Page": 5, "Path": "//Document/L[5]/LI[4]/Lbl/Figure", "attributes": {"BBox": [126.47499999999854, 105.62799999999697, 146.03399999999965, 116.66699999999764]}}, {"Bounds": [146.16000366210938, 68.10000610351562, 481.08897399902344, 116.91999816894531], "Font": {"alt_family_name": "* Arial", "embedded": true, "encoding": "Identity-H", "family_name": "* Arial", "font_type": "CIDFontType0", "italic": false, "monospaced": false, "name": "*Arial-11093", "subset": false, "weight": 400}, "HasClip": false, "ObjectID": 1182, "Page": 5, "Path": "//Document/L[5]/LI[4]/LBody", "Text": "To support further deployment of these technologies at scale, additional policies and technology advancements are needed to incentivize investments. ", "TextSize": 10.0}, {"Bounds": [0.0, -0.1072845458984375, 612.0328216552734, 791.8737640380859], "ObjectID": 1165, "Page": 6, "Path": "//Document/L[5]/LI[5]/Lbl/Figure", "attributes": {"BBox": [125.75499999999738, 733.4419999999809, 146.2739999999976, 744.2419999999984]}}, {"Bounds": [0.0, -0.1072845458984375, 612.0328216552734, 791.8737640380859], "ObjectID": 1165, "Page": 6, "Path": "//Document/L[5]/LI[5]/Lbl/Figure", "attributes": {"BBox": [125.75499999999738, 733.4419999999809, 146.2739999999976, 744.2419999999984]}}, {"Bounds": [146.39999389648438, 714.6770935058594, 479.7884521484375, 744.5399932861328], "Font": {"alt_family_name": "* Arial", "embedded": true, "encoding": "Identity-H", "family_name": "* Arial", "font_type": "CIDFontType0", "italic": false, "monospaced": false, "name": "*Arial-14098", "subset": false, "weight": 400}, "HasClip": false, "ObjectID": 1166, "Page": 6, "Path": "//Document/L[5]/LI[5]/LBody", "Text": "Striking the right balance in investments at a pace consistent with policy support and technology advancements is crucial. ", "TextSize": 10.0}, {"Bounds": [116.39999389648438, 656.0135955810547, 376.99778747558594, 669.2436065673828], "Font": {"alt_family_name": "* Minion Pro", "embedded": true, "encoding": "Identity-H", "family_name": "* Minion Pro", "font_type": "CIDFontType0", "italic": false, "monospaced": false, "name": "*Minion Pro-14099", "subset": false, "weight": 400}, "HasClip": false, "Lang": "en", "ObjectID": 1167, "Page": 6, "Path": "//Document/H2", "Text": "The energy system in 2050: Signposts to watch ", "TextSize": 15.0, "attributes": {"LineHeight": 18, "SpaceAfter": 18}}, {"Bounds": [116.16000366210938, 527.75, 496.8598175048828, 633.1900024414062], "Font": {"alt_family_name": "* Arial", "embedded": true, "encoding": "Identity-H", "family_name": "* Arial", "font_type": "CIDFontType0", "italic": false, "monospaced": false, "name": "*Arial-14098", "subset": false, "weight": 400}, "HasClip": false, "Lang": "en", "ObjectID": 1168, "Page": 6, "Path": "//Document/P[6]", "Text": "Every major projection and scenario considers a range of variables that will shape how the global energy system looks in the year 2050. Each one of these is an important signpost to follow to gauge the pace of the energy transition. Consider the growth of low-carbon power. In the NZE scenario, the IEA assumes that 100% of power generated across the world will be low-carbon, compared with about 9% currently. Under current policy, reflected by the Outlook and STEPS, the figures are 69% and 79% respectively. That still represents significant growth, but it is far lower than the increase assumed by the IEA in the NZE scenario. ", "TextSize": 10.0, "attributes": {"LineHeight": 13.5, "SpaceAfter": 18}}, {"Bounds": [117.1199951171875, 459.1488952636719, 362.4912109375, 475.3498992919922], "Font": {"alt_family_name": "* Times New Roman", "embedded": true, "encoding": "Identity-H", "family_name": "* Times New Roman", "font_type": "CIDFontType0", "italic": false, "monospaced": false, "name": "*Times New Roman-14097", "subset": false, "weight": 400}, "HasClip": false, "Lang": "en", "ObjectID": 1169, "Page": 6, "Path": "//Document/H1[4]", "Text": "Share of low-carbon primary energy ", "TextSize": 17.0, "attributes": {"LineHeight": 20.375, "SpaceAfter": 18}}, {"Bounds": [0.0, -0.1072845458984375, 612.0328216552734, 791.8737640380859], "ObjectID": 1170, "Page": 6, "Path": "//Document/Figure[8]", "attributes": {"BBox": [116.3949999999968, 209.78399999999965, 332.7459999999992, 426.8549999999959], "Placement": "Block"}}, {"Bounds": [0.0, -0.1072845458984375, 612.0328216552734, 791.8737640380859], "Font": {"alt_family_name": "* Arial", "embedded": true, "encoding": "Identity-H", "family_name": "* Arial", "font_type": "CIDFontType0", "italic": false, "monospaced": false, "name": "*Arial-Bold-14096", "subset": false, "weight": 700}, "HasClip": false, "ObjectID": 1170, "Page": 6, "Path": "//Document/Figure[8]", "Text": "2021 --c--------2050 Outlook ---t -----IEA ____@)_____ IEAAPS ----------IPCC Likely Below 2\u00b0C -------IEANZE ---------", "TextSize": 8.5, "attributes": {"BBox": [116.3949999999968, 209.78399999999965, 332.7459999999992, 426.8549999999959], "Placement": "Block"}}, {"Bounds": [117.36000061035156, 708.9779968261719, 381.8365020751953, 725.1450042724609], "Font": {"alt_family_name": "* Times New Roman", "embedded": true, "encoding": "Identity-H", "family_name": "* Times New Roman", "font_type": "CIDFontType0", "italic": false, "monospaced": false, "name": "*Times New Roman-15768", "subset": false, "weight": 400}, "HasClip": false, "Lang": "en", "ObjectID": 1216, "Page": 7, "Path": "//Document/H1[5]", "Text": "Share of low-carbon power generation ", "TextSize": 17.0, "attributes": {"LineHeight": 20.375, "SpaceAfter": 18}}, {"Bounds": [0.0004119873046875, -0.1072845458984375, 614.1980438232422, 793.5586090087891], "ObjectID": 1217, "Page": 7, "Path": "//Document/Figure[9]", "attributes": {"BBox": [116.51499999999942, 458.2939999999944, 334.18599999998696, 674.4049999999988], "Placement": "Block"}}, {"Bounds": [0.0004119873046875, -0.1072845458984375, 614.1980438232422, 793.5586090087891], "Font": {"alt_family_name": "* Arial", "embedded": true, "encoding": "Identity-H", "family_name": "* Arial", "font_type": "CIDFontType0", "italic": false, "monospaced": false, "name": "*Arial-Bold-15765", "subset": false, "weight": 700}, "HasClip": false, "ObjectID": 1217, "Page": 7, "Path": "//Document/Figure[9]", "Text": "2021 ---------2050 Outlook ---------IEASTEPS ---------IEAAPS ---------@ IPCC Likely Below 2\u00b0C ----------IEA NZE ----------", "TextSize": 8.5, "attributes": {"BBox": [116.51499999999942, 458.2939999999944, 334.18599999998696, 674.4049999999988], "Placement": "Block"}}, {"Bounds": [118.32000732421875, 365.8460998535156, 399.0111999511719, 382.0131072998047], "Font": {"alt_family_name": "* Times New Roman", "embedded": true, "encoding": "Identity-H", "family_name": "* Times New Roman", "font_type": "CIDFontType0", "italic": false, "monospaced": false, "name": "*Times New Roman-15768", "subset": false, "weight": 400}, "HasClip": false, "Lang": "en", "ObjectID": 1218, "Page": 7, "Path": "//Document/H1[6]", "Text": "Share of electricity in final energy demand ", "TextSize": 17.0, "attributes": {"LineHeight": 20.375, "SpaceAfter": 18}}, {"Bounds": [0.0004119873046875, -0.1072845458984375, 614.1980438232422, 793.5586090087891], "ObjectID": 1219, "Page": 7, "Path": "//Document/Figure[10]", "attributes": {"BBox": [116.6349999999984, 114.26799999999639, 335.025999999998, 333.6189999999915], "Placement": "Block"}}, {"Bounds": [0.0004119873046875, -0.1072845458984375, 614.1980438232422, 793.5586090087891], "Font": {"alt_family_name": "* Arial", "embedded": true, "encoding": "Identity-H", "family_name": "* Arial", "font_type": "CIDFontType0", "italic": false, "monospaced": false, "name": "*Arial-Bold-15765", "subset": false, "weight": 700}, "HasClip": false, "ObjectID": 1219, "Page": 7, "Path": "//Document/Figure[10]", "Text": "2021 ---------2050 Outlook IEASTEPS ---------IEAAPS ____e ____ _ IPCC likely Below 2\u00b0C ____@_____ IEANZE -----c\u0141 ----", "TextSize": 8.5, "attributes": {"BBox": [116.6349999999984, 114.26799999999639, 335.025999999998, 333.6189999999915], "Placement": "Block"}}, {"Bounds": [117.36000061035156, 709.0760040283203, 356.7455291748047, 725.2259979248047], "Font": {"alt_family_name": "* Times New Roman", "embedded": true, "encoding": "Identity-H", "family_name": "* Times New Roman", "font_type": "CIDFontType0", "italic": false, "monospaced": false, "name": "*Times New Roman-17456", "subset": false, "weight": 400}, "HasClip": false, "Lang": "en", "ObjectID": 1241, "Page": 8, "Path": "//Document/H1[7]", "Text": "Share of electricity in transportation ", "TextSize": 17.0, "attributes": {"LineHeight": 20.375, "SpaceAfter": 18}}, {"Bounds": [0.0004119873046875, -0.1072845458984375, 614.1980438232422, 793.5586090087891], "ObjectID": 1242, "Page": 8, "Path": "//Document/Figure[11]", "attributes": {"BBox": [116.51499999999942, 458.77399999999034, 334.7859999999928, 674.4049999999988], "Placement": "Block"}}, {"Bounds": [0.0004119873046875, -0.1072845458984375, 614.1980438232422, 793.5586090087891], "Font": {"alt_family_name": "* Arial", "embedded": true, "encoding": "Identity-H", "family_name": "* Arial", "font_type": "CIDFontType0", "italic": false, "monospaced": false, "name": "*Arial-Bold-17452", "subset": false, "weight": 700}, "HasClip": false, "ObjectID": 1242, "Page": 8, "Path": "//Document/Figure[11]", "Text": "2021 t; --------2050 Outlook _( ________ IEASTEPS _G________ IEAAPS --@ ------IPCC Likely Below 2\u00b0C --\u00b7 ------IEANZE _____@____ ", "TextSize": 8.5, "attributes": {"BBox": [116.51499999999942, 458.77399999999034, 334.7859999999928, 674.4049999999988], "Placement": "Block"}}, {"Bounds": [118.32000732421875, 366.01100158691406, 421.6955871582031, 382.16099548339844], "Font": {"alt_family_name": "* Times New Roman", "embedded": true, "encoding": "Identity-H", "family_name": "* Times New Roman", "font_type": "CIDFontType0", "italic": false, "monospaced": false, "name": "*Times New Roman-17456", "subset": false, "weight": 400}, "HasClip": false, "Lang": "en", "ObjectID": 1243, "Page": 8, "Path": "//Document/H1[8]", "Text": "Share of biofuels in liquid transportation fuels ", "TextSize": 17.0, "attributes": {"LineHeight": 20.375, "SpaceAfter": 18}}, {"Bounds": [0.0004119873046875, -0.1072845458984375, 614.1980438232422, 793.5586090087891], "ObjectID": 1244, "Page": 8, "Path": "//Document/Figure[12]", "attributes": {"BBox": [118.67499999999927, 129.1469999999972, 334.30599999999686, 343.4579999999987], "Placement": "Block"}}, {"Bounds": [0.0004119873046875, -0.1072845458984375, 614.1980438232422, 793.5586090087891], "Font": {"alt_family_name": "* Arial", "embedded": true, "encoding": "Identity-H", "family_name": "* Arial", "font_type": "CIDFontType0", "italic": false, "monospaced": false, "name": "*Arial-Bold-17452", "subset": false, "weight": 700}, "HasClip": false, "ObjectID": 1244, "Page": 8, "Path": "//Document/Figure[12]", "Text": "2021 t\u00b7 --------2050 Outlook -\u2022---------IEASTEPS G --------IEAAPS --\u0141 ------IPCC Likely Below 2\u00b0C ___t ______ IEANZE ___@______ ", "TextSize": 8.5, "attributes": {"BBox": [118.67499999999927, 129.1469999999972, 334.30599999999686, 343.4579999999987], "Placement": "Block"}}, {"Bounds": [116.39999389648438, 734.2799987792969, 403.56480407714844, 747.5099945068359], "Font": {"alt_family_name": "* Minion Pro", "embedded": true, "encoding": "Identity-H", "family_name": "* Minion Pro", "font_type": "CIDFontType0", "italic": false, "monospaced": false, "name": "*Minion Pro-23183", "subset": false, "weight": 400}, "HasClip": false, "Lang": "en", "ObjectID": 1245, "Page": 9, "Path": "//Document/H2[2]", "Text": "The road to net zero: Deployment speeds are critical ", "TextSize": 15.0, "attributes": {"LineHeight": 18, "SpaceAfter": 18}}, {"Bounds": [116.39999389648438, 673.6302947998047, 493.3443298339844, 711.4342956542969], "Font": {"alt_family_name": "* Arial", "embedded": true, "encoding": "Identity-H", "family_name": "* Arial", "font_type": "CIDFontType0", "italic": false, "monospaced": false, "name": "*Arial-23174", "subset": false, "weight": 400}, "HasClip": false, "Lang": "en", "ObjectID": 1246, "Page": 9, "Path": "//Document/P[7]", "Text": "The transition to 2050 in the Likely Below 2\u00b0( and 1.5\u00b0( scenarios is of such a magnitude that, in the next 10 years, noticeable trends should emerge to indicate whether the world is moving in that direction. ", "TextSize": 10.0, "attributes": {"LineHeight": 13.5, "SpaceAfter": 18}}, {"Bounds": [120.0, 454.91990661621094, 487.2539520263672, 594.8390045166016], "ObjectID": 1247, "Page": 9, "Path": "//Document/Table", "attributes": {"BBox": [116.3949999999968, 474.85299999998824, 444.82199999998556, 603.3679999999877], "NumCol": 7, "NumRow": 8, "Placement": "Block", "SpaceAfter": 18}}, {"ObjectID": 1507, "Path": "//Document/Table/TR/TH", "attributes": {"BBox": [119.99499999999898, 571.6889999999839, 185.75199999999313, 603.3679999999877], "BlockAlign": "Before", "ColIndex": 0, "Height": 31.625, "InlineAlign": "Start", "RowIndex": 0, "Width": 65.75}}, {"Bounds": [196.32000732421875, 579.718994140625, 232.8649139404297, 594.8390045166016], "ObjectID": 1508, "Page": 9, "Path": "//Document/Table/TR/TH[2]", "attributes": {"BBox": [185.75199999999313, 571.6889999999839, 240.82999999999447, 603.3679999999877], "BlockAlign": "Middle", "ColIndex": 1, "Height": 31.625, "InlineAlign": "Center", "RowIndex": 0, "Width": 55.125}}, {"Bounds": [196.32000732421875, 588.1190032958984, 232.8649139404297, 594.8390045166016], "Font": {"alt_family_name": "* Arial", "embedded": true, "encoding": "Identity-H", "family_name": "* Arial", "font_type": "CIDFontType0", "italic": false, "monospaced": false, "name": "*Arial-Bold-23182", "subset": false, "weight": 700}, "HasClip": false, "Lang": "en", "ObjectID": 1531, "Page": 9, "Path": "//Document/Table/TR/TH[2]/P", "Text": "LclSt \u0141-yC1Jr ", "TextSize": 7.0, "attributes": {"LineHeight": 8.375}}, {"Bounds": [207.35899353027344, 579.718994140625, 221.34201049804688, 586.4389953613281], "Font": {"alt_family_name": "* Arial", "embedded": true, "encoding": "Identity-H", "family_name": "* Arial", "font_type": "CIDFontType0", "italic": false, "monospaced": false, "name": "*Arial-Bold-23182", "subset": false, "weight": 700}, "HasClip": false, "Lang": "en", "ObjectID": 1532, "Page": 9, "Path": "//Document/Table/TR/TH[2]/P[2]", "Text": "Avg ", "TextSize": 7.0, "attributes": {"LineHeight": 8.375}}, {"Bounds": [255.36000061035156, 577.8000030517578, 278.59535217285156, 583.8000030517578], "ObjectID": 1509, "Page": 9, "Path": "//Document/Table/TR/TH[3]", "attributes": {"BBox": [240.82999999999447, 571.6889999999839, 291.22799999998824, 603.3679999999877], "BlockAlign": "After", "ColIndex": 2, "Height": 31.625, "InlineAlign": "Center", "RowIndex": 0, "Width": 50.375}}, {"Bounds": [255.36000061035156, 577.8000030517578, 278.59535217285156, 583.8000030517578], "Font": {"alt_family_name": "* Arial", "embedded": true, "encoding": "Identity-H", "family_name": "* Arial", "font_type": "CIDFontType0", "italic": false, "monospaced": false, "name": "*Arial-Bold-23181", "subset": false, "weight": 700}, "HasClip": false, "Lang": "en", "ObjectID": 1528, "Page": 9, "Path": "//Document/Table/TR/TH[3]/P", "Text": "Ou\u0141ook ", "TextSize": 6.0, "attributes": {"LineHeight": 7.25}}, {"Bounds": [303.8399963378906, 577.8000030517578, 332.26316833496094, 583.8000030517578], "ObjectID": 1510, "Page": 9, "Path": "//Document/Table/TR/TH[4]", "attributes": {"BBox": [291.22799999998824, 571.6889999999839, 342.70599999999104, 603.3679999999877], "BlockAlign": "After", "ColIndex": 3, "Height": 31.625, "InlineAlign": "Center", "RowIndex": 0, "Width": 51.5}}, {"Bounds": [303.8399963378906, 577.8000030517578, 332.26316833496094, 583.8000030517578], "Font": {"alt_family_name": "* Arial", "embedded": true, "encoding": "Identity-H", "family_name": "* Arial", "font_type": "CIDFontType0", "italic": false, "monospaced": false, "name": "*Arial-Bold-23181", "subset": false, "weight": 700}, "HasClip": false, "Lang": "en", "ObjectID": 1525, "Page": 9, "Path": "//Document/Table/TR/TH[4]/P", "Text": "IEASTEPS ", "TextSize": 6.0, "attributes": {"LineHeight": 7.25}}, {"Bounds": [357.7019958496094, 577.8000030517578, 381.6107177734375, 583.8000030517578], "ObjectID": 1511, "Page": 9, "Path": "//Document/Table/TR/TH[5]", "attributes": {"BBox": [342.70599999999104, 571.6889999999839, 394.0639999999985, 603.3679999999877], "BlockAlign": "After", "ColIndex": 4, "Height": 31.625, "InlineAlign": "Center", "RowIndex": 0, "Width": 51.375}}, {"Bounds": [357.7019958496094, 577.8000030517578, 381.6107177734375, 583.8000030517578], "Font": {"alt_family_name": "* Arial", "embedded": true, "encoding": "Identity-H", "family_name": "* Arial", "font_type": "CIDFontType0", "italic": false, "monospaced": false, "name": "*Arial-Bold-23181", "subset": false, "weight": 700}, "HasClip": false, "Lang": "en", "ObjectID": 1522, "Page": 9, "Path": "//Document/Table/TR/TH[5]/P", "Text": "IEAAPS ", "TextSize": 6.0, "attributes": {"LineHeight": 7.25}}, {"Bounds": [408.51600646972656, 577.8000030517578, 432.6227569580078, 583.8000030517578], "ObjectID": 1512, "Page": 9, "Path": "//Document/Table/TR/TH[6]", "attributes": {"BBox": [394.0639999999985, 571.6889999999839, 444.82199999998556, 603.3679999999877], "BlockAlign": "After", "ColIndex": 5, "Height": 31.625, "InlineAlign": "Center", "RowIndex": 0, "Width": 50.75}}, {"Bounds": [408.51600646972656, 577.8000030517578, 432.6227569580078, 583.8000030517578], "Font": {"alt_family_name": "* Arial", "embedded": true, "encoding": "Identity-H", "family_name": "* Arial", "font_type": "CIDFontType0", "italic": false, "monospaced": false, "name": "*Arial-Bold-23181", "subset": false, "weight": 700}, "HasClip": false, "Lang": "en", "ObjectID": 1519, "Page": 9, "Path": "//Document/Table/TR/TH[6]/P", "Text": "IEAIIIZE ", "TextSize": 6.0, "attributes": {"LineHeight": 7.25}}, {"Bounds": [455.75999450683594, 573.9600067138672, 487.2539520263672, 587.3999938964844], "ObjectID": 1513, "Page": 9, "Path": "//Document/Table/TR/TH[7]", "attributes": {"BBox": [444.82199999998556, 571.6889999999839, 485.25999999999476, 603.3679999999877], "BlockAlign": "After", "ColIndex": 6, "Height": 31.625, "InlineAlign": "Center", "RowIndex": 0, "Width": 40.5}}, {"Bounds": [455.75999450683594, 581.3999938964844, 487.2539520263672, 587.3999938964844], "Font": {"alt_family_name": "* Arial", "embedded": true, "encoding": "Identity-H", "family_name": "* Arial", "font_type": "CIDFontType0", "italic": false, "monospaced": false, "name": "*Arial-Bold-23181", "subset": false, "weight": 700}, "HasClip": false, "Lang": "en", "ObjectID": 1514, "Page": 9, "Path": "//Document/Table/TR/TH[7]/P", "Text": "IPCCLikely ", "TextSize": 6.0, "attributes": {"LineHeight": 7.25}}, {"Bounds": [458.1600036621094, 573.9600067138672, 484.8599853515625, 579.9600067138672], "Font": {"alt_family_name": "* Arial", "embedded": true, "encoding": "Identity-H", "family_name": "* Arial", "font_type": "CIDFontType0", "italic": false, "monospaced": false, "name": "*Arial-Bold-23181", "subset": false, "weight": 700}, "HasClip": false, "Lang": "en", "ObjectID": 1515, "Page": 9, "Path": "//Document/Table/TR/TH[7]/P[2]", "Text": "Below 2C ", "TextSize": 6.0, "attributes": {"LineHeight": 7.25}}, {"Bounds": [120.0, 557.8800048828125, 165.39407348632812, 569.8800048828125], "ObjectID": 1469, "Page": 9, "Path": "//Document/Table/TR[2]/TH", "attributes": {"BBox": [116.3949999999968, 555.4899999999907, 185.75199999999313, 571.6889999999839], "BlockAlign": "Middle", "ColIndex": 0, "Height": 16.25, "InlineAlign": "Start", "RowIndex": 1, "Width": 69.375}}, {"Bounds": [120.24000549316406, 564.3600006103516, 143.22332763671875, 569.8800048828125], "Font": {"alt_family_name": "* Arial", "embedded": true, "encoding": "Identity-H", "family_name": "* Arial", "font_type": "CIDFontType0", "italic": false, "monospaced": false, "name": "*Arial-23177", "subset": false, "weight": 400}, "HasClip": false, "ObjectID": 1504, "Page": 9, "Path": "//Document/Table/TR[2]/TH/P/Sub", "Text": "Efficiency ", "TextSize": 5.0, "attributes": {"Placement": "Block"}}, {"Bounds": [120.0, 557.8800048828125, 165.39407348632812, 563.3999938964844], "Font": {"alt_family_name": "* Arial", "embedded": true, "encoding": "Identity-H", "family_name": "* Arial", "font_type": "CIDFontType0", "italic": false, "monospaced": false, "name": "*Arial-23177", "subset": false, "weight": 400}, "HasClip": false, "ObjectID": 1505, "Page": 9, "Path": "//Document/Table/TR[2]/TH/P/Sub[2]", "Text": "(energy per capita) ", "TextSize": 5.0, "attributes": {"Placement": "Block"}}, {"Bounds": [207.69000244140625, 561.2400054931641, 220.67752075195312, 566.7599945068359], "ObjectID": 1470, "Page": 9, "Path": "//Document/Table/TR[2]/TD", "attributes": {"BBox": [185.75199999999313, 555.4899999999907, 240.82999999999447, 571.6889999999839], "BlockAlign": "Middle", "ColIndex": 1, "Height": 16.25, "InlineAlign": "Center", "RowIndex": 1, "Width": 55.125}}, {"Bounds": [207.69000244140625, 561.2400054931641, 220.67752075195312, 566.7599945068359], "Font": {"alt_family_name": "* Arial", "embedded": true, "encoding": "Identity-H", "family_name": "* Arial", "font_type": "CIDFontType0", "italic": false, "monospaced": false, "name": "*Arial-23177", "subset": false, "weight": 400}, "HasClip": false, "Lang": "en", "ObjectID": 1499, "Page": 9, "Path": "//Document/Table/TR[2]/TD/P", "Text": "0.3% ", "TextSize": 5.0, "attributes": {"LineHeight": 6}}, {"Bounds": [251.75999450683594, 557.8800048828125, 282.1173553466797, 569.8200073242188], "ObjectID": 1471, "Page": 9, "Path": "//Document/Table/TR[2]/TD[2]", "attributes": {"BBox": [240.82999999999447, 555.4899999999907, 291.22799999998824, 571.6889999999839], "BlockAlign": "Middle", "ColIndex": 2, "Height": 16.25, "InlineAlign": "Center", "RowIndex": 1, "Width": 50.375}}, {"Bounds": [259.67999267578125, 564.3000030517578, 274.1750793457031, 569.8200073242188], "Font": {"alt_family_name": "* Arial", "embedded": true, "encoding": "Identity-H", "family_name": "* Arial", "font_type": "CIDFontType0", "italic": false, "monospaced": false, "name": "*Arial-23177", "subset": false, "weight": 400}, "HasClip": false, "Lang": "en", "ObjectID": 1494, "Page": 9, "Path": "//Document/Table/TR[2]/TD[2]/P", "Text": "-0.4% ", "TextSize": 5.0, "attributes": {"LineHeight": 6}}, {"Bounds": [251.75999450683594, 557.8800048828125, 282.1173553466797, 563.3999938964844], "Font": {"alt_family_name": "* Arial", "embedded": true, "encoding": "Identity-H", "family_name": "* Arial", "font_type": "CIDFontType0", "italic": false, "monospaced": false, "name": "*Arial-23177", "subset": false, "weight": 400}, "HasClip": false, "Lang": "en", "ObjectID": 1495, "Page": 9, "Path": "//Document/Table/TR[2]/TD[2]/P[2]", "Text": "(2019-2030) ", "TextSize": 5.0, "attributes": {"LineHeight": 6}}, {"Bounds": [302.99000549316406, 557.8800048828125, 333.6023406982422, 569.8000030517578], "ObjectID": 1472, "Page": 9, "Path": "//Document/Table/TR[2]/TD[3]", "attributes": {"BBox": [291.22799999998824, 555.4899999999907, 342.70599999999104, 571.6889999999839], "BlockAlign": "Middle", "ColIndex": 3, "Height": 16.25, "InlineAlign": "Center", "RowIndex": 1, "Width": 51.5}}, {"Bounds": [310.94500732421875, 564.2799987792969, 325.3900451660156, 569.8000030517578], "Font": {"alt_family_name": "* Arial", "embedded": true, "encoding": "Identity-H", "family_name": "* Arial", "font_type": "CIDFontType0", "italic": false, "monospaced": false, "name": "*Arial-23177", "subset": false, "weight": 400}, "HasClip": false, "Lang": "en", "ObjectID": 1489, "Page": 9, "Path": "//Document/Table/TR[2]/TD[3]/P", "Text": "-0.2% ", "TextSize": 5.0, "attributes": {"LineHeight": 6}}, {"Bounds": [302.99000549316406, 557.8800048828125, 333.6023406982422, 563.3999938964844], "Font": {"alt_family_name": "* Arial", "embedded": true, "encoding": "Identity-H", "family_name": "* Arial", "font_type": "CIDFontType0", "italic": false, "monospaced": false, "name": "*Arial-23177", "subset": false, "weight": 400}, "HasClip": false, "Lang": "en", "ObjectID": 1490, "Page": 9, "Path": "//Document/Table/TR[2]/TD[3]/P[2]", "Text": "(2019-2030) ", "TextSize": 5.0, "attributes": {"LineHeight": 6}}, {"Bounds": [354.24000549316406, 557.8800048828125, 384.6358184814453, 569.8800048828125], "ObjectID": 1473, "Page": 9, "Path": "//Document/Table/TR[2]/TD[4]", "attributes": {"BBox": [342.70599999999104, 555.4899999999907, 394.0639999999985, 571.6889999999839], "BlockAlign": "Middle", "ColIndex": 4, "Height": 16.25, "InlineAlign": "Center", "RowIndex": 1, "Width": 51.375}}, {"Bounds": [361.9199981689453, 564.3600006103516, 377.1011962890625, 569.8800048828125], "Font": {"alt_family_name": "* Arial", "embedded": true, "encoding": "Identity-H", "family_name": "* Arial", "font_type": "CIDFontType0", "italic": false, "monospaced": false, "name": "*Arial-23177", "subset": false, "weight": 400}, "HasClip": false, "Lang": "en", "ObjectID": 1484, "Page": 9, "Path": "//Document/Table/TR[2]/TD[4]/P", "Text": "-0.7% ", "TextSize": 5.0, "attributes": {"LineHeight": 6}}, {"Bounds": [354.24000549316406, 557.8800048828125, 384.6358184814453, 563.3999938964844], "Font": {"alt_family_name": "* Arial", "embedded": true, "encoding": "Identity-H", "family_name": "* Arial", "font_type": "CIDFontType0", "italic": false, "monospaced": false, "name": "*Arial-23177", "subset": false, "weight": 400}, "HasClip": false, "Lang": "en", "ObjectID": 1485, "Page": 9, "Path": "//Document/Table/TR[2]/TD[4]/P[2]", "Text": "(2019-2030) ", "TextSize": 5.0, "attributes": {"LineHeight": 6}}, {"Bounds": [405.11500549316406, 557.8800048828125, 436.0007781982422, 569.8800048828125], "ObjectID": 1474, "Page": 9, "Path": "//Document/Table/TR[2]/TD[5]", "attributes": {"BBox": [394.0639999999985, 555.4899999999907, 444.82199999998556, 571.6889999999839], "BlockAlign": "Middle", "ColIndex": 5, "Height": 16.25, "InlineAlign": "Center", "RowIndex": 1, "Width": 50.75}}, {"Bounds": [413.0399932861328, 564.3600006103516, 428.12803649902344, 569.8800048828125], "Font": {"alt_family_name": "* Arial", "embedded": true, "encoding": "Identity-H", "family_name": "* Arial", "font_type": "CIDFontType0", "italic": false, "monospaced": false, "name": "*Arial-23177", "subset": false, "weight": 400}, "HasClip": false, "Lang": "en", "ObjectID": 1479, "Page": 9, "Path": "//Document/Table/TR[2]/TD[5]/P", "Text": "-1.6% ", "TextSize": 5.0, "attributes": {"LineHeight": 6}}, {"Bounds": [405.11500549316406, 557.8800048828125, 436.0007781982422, 563.3999938964844], "Font": {"alt_family_name": "* Arial", "embedded": true, "encoding": "Identity-H", "family_name": "* Arial", "font_type": "CIDFontType0", "italic": false, "monospaced": false, "name": "*Arial-23177", "subset": false, "weight": 400}, "HasClip": false, "Lang": "en", "ObjectID": 1480, "Page": 9, "Path": "//Document/Table/TR[2]/TD[5]/P[2]", "Text": "(2019-2030) ", "TextSize": 5.0, "attributes": {"LineHeight": 6}}, {"Bounds": [463.9199981689453, 561.2400054931641, 478.8681945800781, 566.7599945068359], "ObjectID": 1475, "Page": 9, "Path": "//Document/Table/TR[2]/TD[6]", "attributes": {"BBox": [444.82199999998556, 555.4899999999907, 485.25999999999476, 571.6889999999839], "BlockAlign": "Middle", "ColIndex": 6, "Height": 16.25, "InlineAlign": "End", "RowIndex": 1, "Width": 40.5}}, {"Bounds": [463.9199981689453, 561.2400054931641, 478.8681945800781, 566.7599945068359], "Font": {"alt_family_name": "* Arial", "embedded": true, "encoding": "Identity-H", "family_name": "* Arial", "font_type": "CIDFontType0", "italic": false, "monospaced": false, "name": "*Arial-23177", "subset": false, "weight": 400}, "HasClip": false, "Lang": "en", "ObjectID": 1476, "Page": 9, "Path": "//Document/Table/TR[2]/TD[6]/P", "Text": "-0.7% ", "TextSize": 5.0, "attributes": {"LineHeight": 6}}, {"Bounds": [120.0, 542.3119964599609, 134.0936737060547, 553.8000030517578], "ObjectID": 1439, "Page": 9, "Path": "//Document/Table/TR[3]/TH", "attributes": {"BBox": [116.3949999999968, 539.6499999999942, 185.75199999999313, 555.4899999999907], "BlockAlign": "Middle", "ColIndex": 0, "Height": 15.875, "InlineAlign": "Start", "RowIndex": 2, "Width": 69.375}}, {"Bounds": [120.0, 548.2799987792969, 133.6907958984375, 553.8000030517578], "Font": {"alt_family_name": "* Arial", "embedded": true, "encoding": "Identity-H", "family_name": "* Arial", "font_type": "CIDFontType0", "italic": false, "monospaced": false, "name": "*Arial-23177", "subset": false, "weight": 400}, "HasClip": false, "Lang": "en", "ObjectID": 1464, "Page": 9, "Path": "//Document/Table/TR[3]/TH/P", "Text": "Solar ", "TextSize": 5.0, "attributes": {"LineHeight": 6}}, {"Bounds": [120.0, 542.3119964599609, 134.0936737060547, 547.4985046386719], "Font": {"alt_family_name": "* Arial", "embedded": true, "encoding": "Identity-H", "family_name": "* Arial", "font_type": "CIDFontType0", "italic": false, "monospaced": false, "name": "*Arial-Bold-23178", "subset": false, "weight": 700}, "HasClip": false, "Lang": "en", "ObjectID": 1465, "Page": 9, "Path": "//Document/Table/TR[3]/TH/P[2]", "Text": "(GW) ", "TextSize": 5.5, "attributes": {"LineHeight": 6.625}}, {"Bounds": [210.47999572753906, 545.1000061035156, 218.0979461669922, 550.6199951171875], "ObjectID": 1440, "Page": 9, "Path": "//Document/Table/TR[3]/TD", "attributes": {"BBox": [185.75199999999313, 539.6499999999942, 240.82999999999447, 555.4899999999907], "BlockAlign": "Middle", "ColIndex": 1, "Height": 15.875, "InlineAlign": "Center", "RowIndex": 2, "Width": 55.125}}, {"Bounds": [210.47999572753906, 545.1000061035156, 218.0979461669922, 550.6199951171875], "Font": {"alt_family_name": "* Arial", "embedded": true, "encoding": "Identity-H", "family_name": "* Arial", "font_type": "CIDFontType0", "italic": false, "monospaced": false, "name": "*Arial-23177", "subset": false, "weight": 400}, "HasClip": false, "Lang": "en", "ObjectID": 1461, "Page": 9, "Path": "//Document/Table/TR[3]/TD/P", "Text": "80 ", "TextSize": 5.0, "attributes": {"LineHeight": 6}}, {"Bounds": [262.0800018310547, 545.1600036621094, 272.15614318847656, 550.6799926757812], "ObjectID": 1441, "Page": 9, "Path": "//Document/Table/TR[3]/TD[2]", "attributes": {"BBox": [240.82999999999447, 539.6499999999942, 291.22799999998824, 555.4899999999907], "BlockAlign": "Middle", "ColIndex": 2, "Height": 15.875, "InlineAlign": "Center", "RowIndex": 2, "Width": 50.375}}, {"Bounds": [262.0800018310547, 545.1600036621094, 272.15614318847656, 550.6799926757812], "Font": {"alt_family_name": "* Arial", "embedded": true, "encoding": "Identity-H", "family_name": "* Arial", "font_type": "CIDFontType0", "italic": false, "monospaced": false, "name": "*Arial-23177", "subset": false, "weight": 400}, "HasClip": false, "Lang": "en", "ObjectID": 1458, "Page": 9, "Path": "//Document/Table/TR[3]/TD[2]/P", "Text": "115 ", "TextSize": 5.0, "attributes": {"LineHeight": 6}}, {"Bounds": [313.1000061035156, 545.1000061035156, 323.16615295410156, 550.6199951171875], "ObjectID": 1442, "Page": 9, "Path": "//Document/Table/TR[3]/TD[3]", "attributes": {"BBox": [291.22799999998824, 539.6499999999942, 342.70599999999104, 555.4899999999907], "BlockAlign": "Middle", "ColIndex": 3, "Height": 15.875, "InlineAlign": "Center", "RowIndex": 2, "Width": 51.5}}, {"Bounds": [313.1000061035156, 545.1000061035156, 323.16615295410156, 550.6199951171875], "Font": {"alt_family_name": "* Arial", "embedded": true, "encoding": "Identity-H", "family_name": "* Arial", "font_type": "CIDFontType0", "italic": false, "monospaced": false, "name": "*Arial-23177", "subset": false, "weight": 400}, "HasClip": false, "Lang": "en", "ObjectID": 1455, "Page": 9, "Path": "//Document/Table/TR[3]/TD[3]/P", "Text": "215 ", "TextSize": 5.0, "attributes": {"LineHeight": 6}}, {"Bounds": [364.38499450683594, 545.1150054931641, 374.59617614746094, 550.6349945068359], "ObjectID": 1443, "Page": 9, "Path": "//Document/Table/TR[3]/TD[4]", "attributes": {"BBox": [342.70599999999104, 539.6499999999942, 394.0639999999985, 555.4899999999907], "BlockAlign": "Middle", "ColIndex": 4, "Height": 15.875, "InlineAlign": "Center", "RowIndex": 2, "Width": 51.375}}, {"Bounds": [364.38499450683594, 545.1150054931641, 374.59617614746094, 550.6349945068359], "Font": {"alt_family_name": "* Arial", "embedded": true, "encoding": "Identity-H", "family_name": "* Arial", "font_type": "CIDFontType0", "italic": false, "monospaced": false, "name": "*Arial-23177", "subset": false, "weight": 400}, "HasClip": false, "Lang": "en", "ObjectID": 1452, "Page": 9, "Path": "//Document/Table/TR[3]/TD[4]/P", "Text": "255 ", "TextSize": 5.0, "attributes": {"LineHeight": 6}}, {"Bounds": [415.43499755859375, 545.0, 425.56103515625, 550.5200042724609], "ObjectID": 1444, "Page": 9, "Path": "//Document/Table/TR[3]/TD[5]", "attributes": {"BBox": [394.0639999999985, 539.6499999999942, 444.82199999998556, 555.4899999999907], "BlockAlign": "Middle", "ColIndex": 5, "Height": 15.875, "InlineAlign": "Center", "RowIndex": 2, "Width": 50.75}}, {"Bounds": [415.43499755859375, 545.0, 425.56103515625, 550.5200042724609], "Font": {"alt_family_name": "* Arial", "embedded": true, "encoding": "Identity-H", "family_name": "* Arial", "font_type": "CIDFontType0", "italic": false, "monospaced": false, "name": "*Arial-23177", "subset": false, "weight": 400}, "HasClip": false, "Lang": "en", "ObjectID": 1449, "Page": 9, "Path": "//Document/Table/TR[3]/TD[5]/P", "Text": "295 ", "TextSize": 5.0, "attributes": {"LineHeight": 6}}, {"Bounds": [466.0749969482422, 544.9799957275391, 476.4729461669922, 550.5], "ObjectID": 1445, "Page": 9, "Path": "//Document/Table/TR[3]/TD[6]", "attributes": {"BBox": [444.82199999998556, 539.6499999999942, 485.25999999999476, 555.4899999999907], "BlockAlign": "Middle", "ColIndex": 6, "Height": 15.875, "InlineAlign": "End", "RowIndex": 2, "Width": 40.5}}, {"Bounds": [466.0749969482422, 544.9799957275391, 476.4729461669922, 550.5], "Font": {"alt_family_name": "* Arial", "embedded": true, "encoding": "Identity-H", "family_name": "* Arial", "font_type": "CIDFontType0", "italic": false, "monospaced": false, "name": "*Arial-23177", "subset": false, "weight": 400}, "HasClip": false, "Lang": "en", "ObjectID": 1446, "Page": 9, "Path": "//Document/Table/TR[3]/TD[6]/P", "Text": "300 ", "TextSize": 5.0, "attributes": {"LineHeight": 6}}, {"Bounds": [120.0, 526.052001953125, 134.23684692382812, 537.4774932861328], "ObjectID": 1409, "Page": 9, "Path": "//Document/Table/TR[4]/TH", "attributes": {"BBox": [116.3949999999968, 524.0509999999776, 185.75199999999313, 539.6499999999942], "BlockAlign": "Middle", "ColIndex": 0, "Height": 15.625, "InlineAlign": "Start", "RowIndex": 3, "Width": 69.375}}, {"Bounds": [120.0, 532.2910003662109, 134.23684692382812, 537.4774932861328], "Font": {"alt_family_name": "* Arial", "embedded": true, "encoding": "Identity-H", "family_name": "* Arial", "font_type": "CIDFontType0", "italic": false, "monospaced": false, "name": "*Arial-Bold-23178", "subset": false, "weight": 700}, "HasClip": false, "Lang": "en", "ObjectID": 1434, "Page": 9, "Path": "//Document/Table/TR[4]/TH/P", "Text": "Wind ", "TextSize": 5.5, "attributes": {"LineHeight": 6.625}}, {"Bounds": [120.0, 526.052001953125, 134.0936737060547, 531.2384948730469], "Font": {"alt_family_name": "* Arial", "embedded": true, "encoding": "Identity-H", "family_name": "* Arial", "font_type": "CIDFontType0", "italic": false, "monospaced": false, "name": "*Arial-Bold-23178", "subset": false, "weight": 700}, "HasClip": false, "Lang": "en", "ObjectID": 1435, "Page": 9, "Path": "//Document/Table/TR[4]/TH/P[2]", "Text": "(GW) ", "TextSize": 5.5, "attributes": {"LineHeight": 6.625}}, {"Bounds": [210.72000122070312, 529.0749053955078, 217.93710327148438, 534.5948944091797], "ObjectID": 1410, "Page": 9, "Path": "//Document/Table/TR[4]/TD", "attributes": {"BBox": [185.75199999999313, 524.0509999999776, 240.82999999999447, 539.6499999999942], "BlockAlign": "Middle", "ColIndex": 1, "Height": 15.625, "InlineAlign": "Center", "RowIndex": 3, "Width": 55.125}}, {"Bounds": [210.72000122070312, 529.0749053955078, 217.93710327148438, 534.5948944091797], "Font": {"alt_family_name": "* Arial", "embedded": true, "encoding": "Identity-H", "family_name": "* Arial", "font_type": "CIDFontType0", "italic": false, "monospaced": false, "name": "*Arial-23177", "subset": false, "weight": 400}, "HasClip": false, "Lang": "en", "ObjectID": 1431, "Page": 9, "Path": "//Document/Table/TR[4]/TD/P", "Text": "55 ", "TextSize": 5.0, "attributes": {"LineHeight": 6}}, {"Bounds": [263.2799987792969, 529.0798950195312, 270.2510528564453, 534.5998992919922], "ObjectID": 1411, "Page": 9, "Path": "//Document/Table/TR[4]/TD[2]", "attributes": {"BBox": [240.82999999999447, 524.0509999999776, 291.22799999998824, 539.6499999999942], "BlockAlign": "Middle", "ColIndex": 2, "Height": 15.625, "InlineAlign": "Center", "RowIndex": 3, "Width": 50.375}}, {"Bounds": [263.2799987792969, 529.0798950195312, 270.2510528564453, 534.5998992919922], "Font": {"alt_family_name": "* Arial", "embedded": true, "encoding": "Identity-H", "family_name": "* Arial", "font_type": "CIDFontType0", "italic": false, "monospaced": false, "name": "*Arial-23177", "subset": false, "weight": 400}, "HasClip": false, "Lang": "en", "ObjectID": 1428, "Page": 9, "Path": "//Document/Table/TR[4]/TD[2]/P", "Text": "75 ", "TextSize": 5.0, "attributes": {"LineHeight": 6}}, {"Bounds": [313.60679626464844, 528.5337982177734, 322.8998565673828, 534.1932067871094], "ObjectID": 1412, "Page": 9, "Path": "//Document/Table/TR[4]/TD[3]", "attributes": {"BBox": [291.22799999998824, 524.0509999999776, 342.70599999999104, 539.6499999999942], "BlockAlign": "Middle", "ColIndex": 3, "Height": 15.625, "InlineAlign": "Center", "RowIndex": 3, "Width": 51.5}}, {"Bounds": [313.60679626464844, 528.5337982177734, 322.8998565673828, 534.1932067871094], "Font": {"alt_family_name": "* Arial", "embedded": true, "encoding": "Identity-H", "family_name": "* Arial", "font_type": "CIDFontType0", "italic": false, "monospaced": false, "name": "*Arial-23177", "subset": false, "weight": 400}, "HasClip": false, "Lang": "en", "ObjectID": 1425, "Page": 9, "Path": "//Document/Table/TR[4]/TD[3]/P", "Rotation": 359.1406555175781, "Skew": -0.859344482421875, "Text": "133 ", "TextSize": 4.9994354248046875, "attributes": {"LineHeight": 6}}, {"Bounds": [364.55999755859375, 528.6000061035156, 374.55885314941406, 534.1199951171875], "ObjectID": 1413, "Page": 9, "Path": "//Document/Table/TR[4]/TD[4]", "attributes": {"BBox": [342.70599999999104, 524.0509999999776, 394.0639999999985, 539.6499999999942], "BlockAlign": "Middle", "ColIndex": 4, "Height": 15.625, "InlineAlign": "Center", "RowIndex": 3, "Width": 51.375}}, {"Bounds": [364.55999755859375, 528.6000061035156, 374.55885314941406, 534.1199951171875], "Font": {"alt_family_name": "* Arial", "embedded": true, "encoding": "Identity-H", "family_name": "* Arial", "font_type": "CIDFontType0", "italic": false, "monospaced": false, "name": "*Arial-23177", "subset": false, "weight": 400}, "HasClip": false, "Lang": "en", "ObjectID": 1422, "Page": 9, "Path": "//Document/Table/TR[4]/TD[4]/P", "Text": "168 ", "TextSize": 5.0, "attributes": {"LineHeight": 6}}, {"Bounds": [415.44000244140625, 528.6000061035156, 425.2810821533203, 534.1199951171875], "ObjectID": 1414, "Page": 9, "Path": "//Document/Table/TR[4]/TD[5]", "attributes": {"BBox": [394.0639999999985, 524.0509999999776, 444.82199999998556, 539.6499999999942], "BlockAlign": "Middle", "ColIndex": 5, "Height": 15.625, "InlineAlign": "Center", "RowIndex": 3, "Width": 50.75}}, {"Bounds": [415.44000244140625, 528.6000061035156, 425.2810821533203, 534.1199951171875], "Font": {"alt_family_name": "* Arial", "embedded": true, "encoding": "Identity-H", "family_name": "* Arial", "font_type": "CIDFontType0", "italic": false, "monospaced": false, "name": "*Arial-23177", "subset": false, "weight": 400}, "HasClip": false, "Lang": "en", "ObjectID": 1419, "Page": 9, "Path": "//Document/Table/TR[4]/TD[5]/P", "Text": "200 ", "TextSize": 5.0, "attributes": {"LineHeight": 6}}, {"Bounds": [466.55999755859375, 528.9600067138672, 476.5140686035156, 534.4799957275391], "ObjectID": 1415, "Page": 9, "Path": "//Document/Table/TR[4]/TD[6]", "attributes": {"BBox": [444.82199999998556, 524.0509999999776, 485.25999999999476, 539.6499999999942], "BlockAlign": "Middle", "ColIndex": 6, "Height": 15.625, "InlineAlign": "End", "RowIndex": 3, "Width": 40.5}}, {"Bounds": [466.55999755859375, 528.9600067138672, 476.5140686035156, 534.4799957275391], "Font": {"alt_family_name": "* Arial", "embedded": true, "encoding": "Identity-H", "family_name": "* Arial", "font_type": "CIDFontType0", "italic": false, "monospaced": false, "name": "*Arial-23177", "subset": false, "weight": 400}, "HasClip": false, "Lang": "en", "ObjectID": 1416, "Page": 9, "Path": "//Document/Table/TR[4]/TD[6]/P", "Text": "120 ", "TextSize": 5.0, "attributes": {"LineHeight": 6}}, {"Bounds": [120.0, 509.63999938964844, 170.23477172851562, 521.1620025634766], "ObjectID": 1379, "Page": 9, "Path": "//Document/Table/TR[5]/TH", "attributes": {"BBox": [116.3949999999968, 507.3719999999885, 185.75199999999313, 524.0509999999776], "BlockAlign": "Middle", "ColIndex": 0, "Height": 16.625, "InlineAlign": "Start", "RowIndex": 4, "Width": 69.375}}, {"Bounds": [120.0, 517.3119964599609, 131.47433471679688, 521.1620025634766], "Font": {"alt_family_name": "* Arial", "embedded": true, "encoding": "Identity-H", "family_name": "* Arial", "font_type": "CIDFontType0", "italic": false, "monospaced": false, "name": "*Arial-23180", "subset": false, "weight": 400}, "HasClip": false, "Lang": "en", "ObjectID": 1404, "Page": 9, "Path": "//Document/Table/TR[5]/TH/P", "Text": "ccs ", "TextSize": 7.0, "attributes": {"LineHeight": 8.375}}, {"Bounds": [120.0, 509.63999938964844, 170.23477172851562, 515.1600036621094], "Font": {"alt_family_name": "* Arial", "embedded": true, "encoding": "Identity-H", "family_name": "* Arial", "font_type": "CIDFontType0", "italic": false, "monospaced": false, "name": "*Arial-23177", "subset": false, "weight": 400}, "HasClip": false, "Lang": "en", "ObjectID": 1405, "Page": 9, "Path": "//Document/Table/TR[5]/TH/P[2]", "Text": "(1.3 MTA equivalent) ", "TextSize": 5.0, "attributes": {"LineHeight": 6}}, {"Bounds": [210.72000122070312, 512.7599945068359, 217.8061065673828, 518.2799987792969], "ObjectID": 1380, "Page": 9, "Path": "//Document/Table/TR[5]/TD", "attributes": {"BBox": [185.75199999999313, 507.3719999999885, 240.82999999999447, 524.0509999999776], "BlockAlign": "Middle", "ColIndex": 1, "Height": 16.625, "InlineAlign": "Center", "RowIndex": 4, "Width": 55.125}}, {"Bounds": [210.72000122070312, 512.7599945068359, 217.8061065673828, 518.2799987792969], "Font": {"alt_family_name": "* Arial", "embedded": true, "encoding": "Identity-H", "family_name": "* Arial", "font_type": "CIDFontType0", "italic": false, "monospaced": false, "name": "*Arial-23177", "subset": false, "weight": 400}, "HasClip": false, "Lang": "en", "ObjectID": 1401, "Page": 9, "Path": "//Document/Table/TR[5]/TD/P", "Text": "<1 ", "TextSize": 5.0, "attributes": {"LineHeight": 6}}, {"Bounds": [263.2799987792969, 512.7599945068359, 271.0799865722656, 518.2799987792969], "ObjectID": 1381, "Page": 9, "Path": "//Document/Table/TR[5]/TD[2]", "attributes": {"BBox": [240.82999999999447, 507.3719999999885, 291.22799999998824, 524.0509999999776], "BlockAlign": "Middle", "ColIndex": 2, "Height": 16.625, "InlineAlign": "Center", "RowIndex": 4, "Width": 50.375}}, {"Bounds": [263.2799987792969, 512.7599945068359, 271.0799865722656, 518.2799987792969], "Font": {"alt_family_name": "* Arial", "embedded": true, "encoding": "Identity-H", "family_name": "* Arial", "font_type": "CIDFontType0", "italic": false, "monospaced": false, "name": "*Arial-23177", "subset": false, "weight": 400}, "HasClip": false, "Lang": "en", "ObjectID": 1398, "Page": 9, "Path": "//Document/Table/TR[5]/TD[2]/P", "Text": "20 ", "TextSize": 5.0, "attributes": {"LineHeight": 6}}, {"Bounds": [316.0800018310547, 512.5200042724609, 319.77769470214844, 518.0399932861328], "ObjectID": 1382, "Page": 9, "Path": "//Document/Table/TR[5]/TD[3]", "attributes": {"BBox": [291.22799999998824, 507.3719999999885, 342.70599999999104, 524.0509999999776], "BlockAlign": "Middle", "ColIndex": 3, "Height": 16.625, "InlineAlign": "Center", "RowIndex": 4, "Width": 51.5}}, {"Bounds": [316.0800018310547, 512.5200042724609, 319.77769470214844, 518.0399932861328], "Font": {"alt_family_name": "* Arial", "embedded": true, "encoding": "Identity-H", "family_name": "* Arial", "font_type": "CIDFontType0", "italic": false, "monospaced": false, "name": "*Arial-23177", "subset": false, "weight": 400}, "HasClip": false, "Lang": "en", "ObjectID": 1395, "Page": 9, "Path": "//Document/Table/TR[5]/TD[3]/P", "Text": "6 ", "TextSize": 5.0, "attributes": {"LineHeight": 6}}, {"Bounds": [366.0, 512.4006042480469, 372.18263244628906, 518.0918579101562], "ObjectID": 1383, "Page": 9, "Path": "//Document/Table/TR[5]/TD[4]", "attributes": {"BBox": [342.70599999999104, 507.3719999999885, 394.0639999999985, 524.0509999999776], "BlockAlign": "Middle", "ColIndex": 4, "Height": 16.625, "InlineAlign": "Center", "RowIndex": 4, "Width": 51.375}}, {"Bounds": [366.0, 512.4006042480469, 372.18263244628906, 518.0918579101562], "Font": {"alt_family_name": "* Arial", "embedded": true, "encoding": "Identity-H", "family_name": "* Arial", "font_type": "CIDFontType0", "italic": false, "monospaced": false, "name": "*Arial-23177", "subset": false, "weight": 400}, "HasClip": false, "Lang": "en", "ObjectID": 1392, "Page": 9, "Path": "//Document/Table/TR[5]/TD[4]/P", "Rotation": 1.58673095703125, "Skew": 1.58673095703125, "Text": "34 ", "TextSize": 4.998077392578125, "attributes": {"LineHeight": 6}}, {"Bounds": [416.8800048828125, 512.8520050048828, 424.24998474121094, 518.0384979248047], "ObjectID": 1384, "Page": 9, "Path": "//Document/Table/TR[5]/TD[5]", "attributes": {"BBox": [394.0639999999985, 507.3719999999885, 444.82199999998556, 524.0509999999776], "BlockAlign": "Middle", "ColIndex": 5, "Height": 16.625, "InlineAlign": "Center", "RowIndex": 4, "Width": 50.75}}, {"Bounds": [416.8800048828125, 512.8520050048828, 424.24998474121094, 518.0384979248047], "Font": {"alt_family_name": "* Arial", "embedded": true, "encoding": "Identity-H", "family_name": "* Arial", "font_type": "CIDFontType0", "italic": false, "monospaced": false, "name": "*Arial-Bold-23178", "subset": false, "weight": 700}, "HasClip": false, "Lang": "en", "ObjectID": 1389, "Page": 9, "Path": "//Document/Table/TR[5]/TD[5]/P", "Text": "84 ", "TextSize": 5.5, "attributes": {"LineHeight": 6.625}}, {"Bounds": [467.52000427246094, 512.7599945068359, 474.6946105957031, 518.2799987792969], "ObjectID": 1385, "Page": 9, "Path": "//Document/Table/TR[5]/TD[6]", "attributes": {"BBox": [444.82199999998556, 507.3719999999885, 485.25999999999476, 524.0509999999776], "BlockAlign": "Middle", "ColIndex": 6, "Height": 16.625, "InlineAlign": "End", "RowIndex": 4, "Width": 40.5}}, {"Bounds": [467.52000427246094, 512.7599945068359, 474.6946105957031, 518.2799987792969], "Font": {"alt_family_name": "* Arial", "embedded": true, "encoding": "Identity-H", "family_name": "* Arial", "font_type": "CIDFontType0", "italic": false, "monospaced": false, "name": "*Arial-23177", "subset": false, "weight": 400}, "HasClip": false, "Lang": "en", "ObjectID": 1386, "Page": 9, "Path": "//Document/Table/TR[5]/TD[6]/P", "Text": "65 ", "TextSize": 5.0, "attributes": {"LineHeight": 6}}, {"Bounds": [120.0, 493.8919982910156, 139.77230834960938, 505.0800018310547], "ObjectID": 1351, "Page": 9, "Path": "//Document/Table/TR[6]/TH", "attributes": {"BBox": [116.3949999999968, 491.4119999999966, 185.75199999999313, 507.3719999999885], "BlockAlign": "Middle", "ColIndex": 0, "Height": 16, "InlineAlign": "Start", "RowIndex": 5, "Width": 69.375}}, {"Bounds": [120.07000732421875, 500.9949951171875, 139.77230834960938, 505.0800018310547], "Font": {"alt_family_name": "* Arial", "embedded": true, "encoding": "Identity-H", "family_name": "* Arial", "font_type": "CIDFontType0", "italic": false, "monospaced": false, "name": "*Arial-Bold-23179", "subset": false, "weight": 700}, "HasClip": false, "Lang": "en", "ObjectID": 1374, "Page": 9, "Path": "//Document/Table/TR[6]/TH/P", "Text": "Nuclear ", "TextSize": 5.0, "attributes": {"LineHeight": 6}}, {"Bounds": [120.0, 493.8919982910156, 134.0936737060547, 499.07850646972656], "Font": {"alt_family_name": "* Arial", "embedded": true, "encoding": "Identity-H", "family_name": "* Arial", "font_type": "CIDFontType0", "italic": false, "monospaced": false, "name": "*Arial-Bold-23178", "subset": false, "weight": 700}, "HasClip": false, "Lang": "en", "ObjectID": 1375, "Page": 9, "Path": "//Document/Table/TR[6]/TH/P[2]", "Text": "(GW) ", "TextSize": 5.5, "attributes": {"LineHeight": 6.625}}, {"ObjectID": 1352, "Path": "//Document/Table/TR[6]/TD", "attributes": {"BBox": [185.75199999999313, 491.4119999999966, 240.82999999999447, 507.3719999999885], "BlockAlign": "Before", "ColIndex": 1, "Height": 16, "InlineAlign": "Center", "RowIndex": 5, "Width": 55.125}}, {"Bounds": [263.2799987792969, 496.55999755859375, 271.0799865722656, 502.0800018310547], "ObjectID": 1353, "Page": 9, "Path": "//Document/Table/TR[6]/TD[2]", "attributes": {"BBox": [240.82999999999447, 491.4119999999966, 291.22799999998824, 507.3719999999885], "BlockAlign": "Middle", "ColIndex": 2, "Height": 16, "InlineAlign": "Center", "RowIndex": 5, "Width": 50.375}}, {"Bounds": [263.2799987792969, 496.55999755859375, 271.0799865722656, 502.0800018310547], "Font": {"alt_family_name": "* Arial", "embedded": true, "encoding": "Identity-H", "family_name": "* Arial", "font_type": "CIDFontType0", "italic": false, "monospaced": false, "name": "*Arial-23177", "subset": false, "weight": 400}, "HasClip": false, "Lang": "en", "ObjectID": 1370, "Page": 9, "Path": "//Document/Table/TR[6]/TD[2]/P", "Text": "20 ", "TextSize": 5.0, "attributes": {"LineHeight": 6}}, {"Bounds": [314.8800048828125, 496.3800048828125, 321.83457946777344, 501.8999938964844], "ObjectID": 1354, "Page": 9, "Path": "//Document/Table/TR[6]/TD[3]", "attributes": {"BBox": [291.22799999998824, 491.4119999999966, 342.70599999999104, 507.3719999999885], "BlockAlign": "Middle", "ColIndex": 3, "Height": 16, "InlineAlign": "Center", "RowIndex": 5, "Width": 51.5}}, {"Bounds": [314.8800048828125, 496.3800048828125, 321.83457946777344, 501.8999938964844], "Font": {"alt_family_name": "* Arial", "embedded": true, "encoding": "Identity-H", "family_name": "* Arial", "font_type": "CIDFontType0", "italic": false, "monospaced": false, "name": "*Arial-23177", "subset": false, "weight": 400}, "HasClip": false, "Lang": "en", "ObjectID": 1367, "Page": 9, "Path": "//Document/Table/TR[6]/TD[3]/P", "Text": "12 ", "TextSize": 5.0, "attributes": {"LineHeight": 6}}, {"Bounds": [366.0, 496.44000244140625, 373.1290588378906, 501.9600067138672], "ObjectID": 1355, "Page": 9, "Path": "//Document/Table/TR[6]/TD[4]", "attributes": {"BBox": [342.70599999999104, 491.4119999999966, 394.0639999999985, 507.3719999999885], "BlockAlign": "Middle", "ColIndex": 4, "Height": 16, "InlineAlign": "Center", "RowIndex": 5, "Width": 51.375}}, {"Bounds": [366.0, 496.44000244140625, 373.1290588378906, 501.9600067138672], "Font": {"alt_family_name": "* Arial", "embedded": true, "encoding": "Identity-H", "family_name": "* Arial", "font_type": "CIDFontType0", "italic": false, "monospaced": false, "name": "*Arial-23177", "subset": false, "weight": 400}, "HasClip": false, "Lang": "en", "ObjectID": 1364, "Page": 9, "Path": "//Document/Table/TR[6]/TD[4]/P", "Text": "13 ", "TextSize": 5.0, "attributes": {"LineHeight": 6}}, {"Bounds": [417.1199951171875, 496.3800048828125, 424.35845947265625, 501.8999938964844], "ObjectID": 1356, "Page": 9, "Path": "//Document/Table/TR[6]/TD[5]", "attributes": {"BBox": [394.0639999999985, 491.4119999999966, 444.82199999998556, 507.3719999999885], "BlockAlign": "Middle", "ColIndex": 5, "Height": 16, "InlineAlign": "Center", "RowIndex": 5, "Width": 50.75}}, {"Bounds": [417.1199951171875, 496.3800048828125, 424.35845947265625, 501.8999938964844], "Font": {"alt_family_name": "* Arial", "embedded": true, "encoding": "Identity-H", "family_name": "* Arial", "font_type": "CIDFontType0", "italic": false, "monospaced": false, "name": "*Arial-23177", "subset": false, "weight": 400}, "HasClip": false, "Lang": "en", "ObjectID": 1361, "Page": 9, "Path": "//Document/Table/TR[6]/TD[5]/P", "Text": "18 ", "TextSize": 5.0, "attributes": {"LineHeight": 6}}, {"Bounds": [467.75999450683594, 496.6199951171875, 474.8399200439453, 502.13999938964844], "ObjectID": 1357, "Page": 9, "Path": "//Document/Table/TR[6]/TD[6]", "attributes": {"BBox": [444.82199999998556, 491.4119999999966, 485.25999999999476, 507.3719999999885], "BlockAlign": "Middle", "ColIndex": 6, "Height": 16, "InlineAlign": "End", "RowIndex": 5, "Width": 40.5}}, {"Bounds": [467.75999450683594, 496.6199951171875, 474.8399200439453, 502.13999938964844], "Font": {"alt_family_name": "* Arial", "embedded": true, "encoding": "Identity-H", "family_name": "* Arial", "font_type": "CIDFontType0", "italic": false, "monospaced": false, "name": "*Arial-23177", "subset": false, "weight": 400}, "HasClip": false, "Lang": "en", "ObjectID": 1358, "Page": 9, "Path": "//Document/Table/TR[6]/TD[6]/P", "Text": "20 ", "TextSize": 5.0, "attributes": {"LineHeight": 6}}, {"Bounds": [120.0, 477.24110412597656, 180.21981811523438, 489.0561065673828], "ObjectID": 1323, "Page": 9, "Path": "//Document/Table/TR[7]/TH", "attributes": {"BBox": [116.3949999999968, 474.85299999998824, 185.75199999999313, 491.4119999999966], "BlockAlign": "Middle", "ColIndex": 0, "Height": 16.5, "InlineAlign": "Start", "RowIndex": 6, "Width": 69.375}}, {"Bounds": [120.0, 477.24110412597656, 180.21981811523438, 489.0561065673828], "Font": {"alt_family_name": "* Arial", "embedded": true, "encoding": "Identity-H", "family_name": "* Arial", "font_type": "CIDFontType0", "italic": false, "monospaced": false, "name": "*Arial-23177", "subset": false, "weight": 400}, "HasClip": false, "Lang": "en", "ObjectID": 1348, "Page": 9, "Path": "//Document/Table/TR[7]/TH/P", "Text": "Biofuels in transportation (KBDOE growth) ", "TextSize": 5.0, "attributes": {"LineHeight": 6.25}}, {"Bounds": [209.27999877929688, 480.5411071777344, 219.52001953125, 486.06109619140625], "ObjectID": 1324, "Page": 9, "Path": "//Document/Table/TR[7]/TD", "attributes": {"BBox": [185.75199999999313, 474.85299999998824, 240.82999999999447, 491.4119999999966], "BlockAlign": "Middle", "ColIndex": 1, "Height": 16.5, "InlineAlign": "Center", "RowIndex": 6, "Width": 55.125}}, {"Bounds": [209.27999877929688, 480.5411071777344, 219.52001953125, 486.06109619140625], "Font": {"alt_family_name": "* Arial", "embedded": true, "encoding": "Identity-H", "family_name": "* Arial", "font_type": "CIDFontType0", "italic": false, "monospaced": false, "name": "*Arial-23177", "subset": false, "weight": 400}, "HasClip": false, "Lang": "en", "ObjectID": 1345, "Page": 9, "Path": "//Document/Table/TR[7]/TD/P", "Text": "115 ", "TextSize": 5.0, "attributes": {"LineHeight": 6}}, {"Bounds": [262.0800018310547, 480.63609313964844, 271.8321228027344, 486.1560974121094], "ObjectID": 1325, "Page": 9, "Path": "//Document/Table/TR[7]/TD[2]", "attributes": {"BBox": [240.82999999999447, 474.85299999998824, 291.22799999998824, 491.4119999999966], "BlockAlign": "Middle", "ColIndex": 2, "Height": 16.5, "InlineAlign": "Center", "RowIndex": 6, "Width": 50.375}}, {"Bounds": [262.0800018310547, 480.63609313964844, 271.8321228027344, 486.1560974121094], "Font": {"alt_family_name": "* Arial", "embedded": true, "encoding": "Identity-H", "family_name": "* Arial", "font_type": "CIDFontType0", "italic": false, "monospaced": false, "name": "*Arial-23177", "subset": false, "weight": 400}, "HasClip": false, "Lang": "en", "ObjectID": 1342, "Page": 9, "Path": "//Document/Table/TR[7]/TD[2]/P", "Text": "143 ", "TextSize": 5.0, "attributes": {"LineHeight": 6}}, {"Bounds": [314.3999938964844, 480.2261047363281, 322.0209197998047, 485.74609375], "ObjectID": 1326, "Page": 9, "Path": "//Document/Table/TR[7]/TD[3]", "attributes": {"BBox": [291.22799999998824, 474.85299999998824, 342.70599999999104, 491.4119999999966], "BlockAlign": "Middle", "ColIndex": 3, "Height": 16.5, "InlineAlign": "Center", "RowIndex": 6, "Width": 51.5}}, {"Bounds": [314.3999938964844, 480.2261047363281, 322.0209197998047, 485.74609375], "Font": {"alt_family_name": "* Arial", "embedded": true, "encoding": "Identity-H", "family_name": "* Arial", "font_type": "CIDFontType0", "italic": false, "monospaced": false, "name": "*Arial-23177", "subset": false, "weight": 400}, "HasClip": false, "Lang": "en", "ObjectID": 1339, "Page": 9, "Path": "//Document/Table/TR[7]/TD[3]/P", "Text": "98 ", "TextSize": 5.0, "attributes": {"LineHeight": 6}}, {"Bounds": [364.3350067138672, 480.12109375, 374.9028625488281, 485.64109802246094], "ObjectID": 1327, "Page": 9, "Path": "//Document/Table/TR[7]/TD[4]", "attributes": {"BBox": [342.70599999999104, 474.85299999998824, 394.0639999999985, 491.4119999999966], "BlockAlign": "Middle", "ColIndex": 4, "Height": 16.5, "InlineAlign": "Center", "RowIndex": 6, "Width": 51.375}}, {"Bounds": [364.3350067138672, 480.12109375, 374.9028625488281, 485.64109802246094], "Font": {"alt_family_name": "* Arial", "embedded": true, "encoding": "Identity-H", "family_name": "* Arial", "font_type": "CIDFontType0", "italic": false, "monospaced": false, "name": "*Arial-23177", "subset": false, "weight": 400}, "HasClip": false, "Lang": "en", "ObjectID": 1336, "Page": 9, "Path": "//Document/Table/TR[7]/TD[4]/P", "Text": "248 ", "TextSize": 5.0, "attributes": {"LineHeight": 6}}, {"Bounds": [415.44000244140625, 480.14109802246094, 425.84107971191406, 485.6611022949219], "ObjectID": 1328, "Page": 9, "Path": "//Document/Table/TR[7]/TD[5]", "attributes": {"BBox": [394.0639999999985, 474.85299999998824, 444.82199999998556, 491.4119999999966], "BlockAlign": "Middle", "ColIndex": 5, "Height": 16.5, "InlineAlign": "Center", "RowIndex": 6, "Width": 50.75}}, {"Bounds": [415.44000244140625, 480.14109802246094, 425.84107971191406, 485.6611022949219], "Font": {"alt_family_name": "* Arial", "embedded": true, "encoding": "Identity-H", "family_name": "* Arial", "font_type": "CIDFontType0", "italic": false, "monospaced": false, "name": "*Arial-23177", "subset": false, "weight": 400}, "HasClip": false, "Lang": "en", "ObjectID": 1333, "Page": 9, "Path": "//Document/Table/TR[7]/TD[5]/P", "Text": "323 ", "TextSize": 5.0, "attributes": {"LineHeight": 6}}, {"Bounds": [466.3450012207031, 480.48109436035156, 477.2061309814453, 486.0010986328125], "ObjectID": 1329, "Page": 9, "Path": "//Document/Table/TR[7]/TD[6]", "attributes": {"BBox": [444.82199999998556, 474.85299999998824, 485.25999999999476, 491.4119999999966], "BlockAlign": "Middle", "ColIndex": 6, "Height": 16.5, "InlineAlign": "End", "RowIndex": 6, "Width": 40.5}}, {"Bounds": [466.3450012207031, 480.48109436035156, 477.2061309814453, 486.0010986328125], "Font": {"alt_family_name": "* Arial", "embedded": true, "encoding": "Identity-H", "family_name": "* Arial", "font_type": "CIDFontType0", "italic": false, "monospaced": false, "name": "*Arial-23177", "subset": false, "weight": 400}, "HasClip": false, "Lang": "en", "ObjectID": 1330, "Page": 9, "Path": "//Document/Table/TR[7]/TD[6]/P", "Text": "105 ", "TextSize": 5.0, "attributes": {"LineHeight": 6}}, {"Bounds": [120.0, 454.91990661621094, 183.36788940429688, 473.1011047363281], "ObjectID": 1293, "Page": 9, "Path": "//Document/Table/TR[8]/TH", "attributes": {"BBox": [116.3949999999968, 455.0539999999892, 185.75199999999313, 474.85299999998824], "BlockAlign": "After", "ColIndex": 0, "Height": 19.75, "InlineAlign": "Start", "RowIndex": 7, "Width": 69.375}}, {"Bounds": [120.24000549316406, 467.5811004638672, 144.59310913085938, 473.1011047363281], "Font": {"alt_family_name": "* Arial", "embedded": true, "encoding": "Identity-H", "family_name": "* Arial", "font_type": "CIDFontType0", "italic": false, "monospaced": false, "name": "*Arial-23177", "subset": false, "weight": 400}, "HasClip": false, "Lang": "en", "ObjectID": 1316, "Page": 9, "Path": "//Document/Table/TR[8]/TH/P", "Text": "Hydrogen ", "TextSize": 5.0, "attributes": {"LineHeight": 6}}, {"Bounds": [120.0, 461.49290466308594, 139.6163330078125, 466.6793975830078], "Font": {"alt_family_name": "* Arial", "embedded": true, "encoding": "Identity-H", "family_name": "* Arial", "font_type": "CIDFontType0", "italic": false, "monospaced": false, "name": "*Arial-Bold-23178", "subset": false, "weight": 700}, "HasClip": false, "Lang": "en", "ObjectID": 1317, "Page": 9, "Path": "//Document/Table/TR[8]/TH/P[2]", "Text": "(MTOE) ", "TextSize": 5.5, "attributes": {"LineHeight": 6.625}}, {"Bounds": [120.24000549316406, 454.91990661621094, 183.36788940429688, 460.4398956298828], "Font": {"alt_family_name": "* Arial", "embedded": true, "encoding": "Identity-H", "family_name": "* Arial", "font_type": "CIDFontType0", "italic": false, "monospaced": false, "name": "*Arial-23177", "subset": false, "weight": 400}, "HasClip": false, "Lang": "en", "ObjectID": 1318, "Page": 9, "Path": "//Document/Table/TR[8]/TH/P[3]", "Text": "Excluding feedstocks, NH3 ", "TextSize": 5.0, "attributes": {"LineHeight": 6}}, {"ObjectID": 1294, "Path": "//Document/Table/TR[8]/TD", "attributes": {"BBox": [185.75199999999313, 455.0539999999892, 240.82999999999447, 474.85299999998824], "BlockAlign": "Before", "ColIndex": 1, "Height": 19.75, "InlineAlign": "Center", "RowIndex": 7, "Width": 55.125}}, {"Bounds": [262.55999755859375, 461.1849060058594, 270.9408874511719, 466.70489501953125], "ObjectID": 1295, "Page": 9, "Path": "//Document/Table/TR[8]/TD[2]", "attributes": {"BBox": [240.82999999999447, 455.0539999999892, 291.22799999998824, 474.85299999998824], "BlockAlign": "Middle", "ColIndex": 2, "Height": 19.75, "InlineAlign": "Center", "RowIndex": 7, "Width": 50.375}}, {"Bounds": [262.55999755859375, 461.1849060058594, 270.9408874511719, 466.70489501953125], "Font": {"alt_family_name": "* Arial", "embedded": true, "encoding": "Identity-H", "family_name": "* Arial", "font_type": "CIDFontType0", "italic": false, "monospaced": false, "name": "*Arial-23177", "subset": false, "weight": 400}, "HasClip": false, "Lang": "en", "ObjectID": 1312, "Page": 9, "Path": "//Document/Table/TR[8]/TD[2]/P", "Text": "2.4 ", "TextSize": 5.0, "attributes": {"LineHeight": 6}}, {"Bounds": [314.1600036621094, 460.91990661621094, 322.7191162109375, 466.4398956298828], "ObjectID": 1296, "Page": 9, "Path": "//Document/Table/TR[8]/TD[3]", "attributes": {"BBox": [291.22799999998824, 455.0539999999892, 342.70599999999104, 474.85299999998824], "BlockAlign": "Middle", "ColIndex": 3, "Height": 19.75, "InlineAlign": "Center", "RowIndex": 7, "Width": 51.5}}, {"Bounds": [314.1600036621094, 460.91990661621094, 322.7191162109375, 466.4398956298828], "Font": {"alt_family_name": "* Arial", "embedded": true, "encoding": "Identity-H", "family_name": "* Arial", "font_type": "CIDFontType0", "italic": false, "monospaced": false, "name": "*Arial-23177", "subset": false, "weight": 400}, "HasClip": false, "Lang": "en", "ObjectID": 1309, "Page": 9, "Path": "//Document/Table/TR[8]/TD[3]/P", "Text": "1.0 ", "TextSize": 5.0, "attributes": {"LineHeight": 6}}, {"Bounds": [365.0399932861328, 460.9049072265625, 373.62298583984375, 466.4248962402344], "ObjectID": 1297, "Page": 9, "Path": "//Document/Table/TR[8]/TD[4]", "attributes": {"BBox": [342.70599999999104, 455.0539999999892, 394.0639999999985, 474.85299999998824], "BlockAlign": "Middle", "ColIndex": 4, "Height": 19.75, "InlineAlign": "Center", "RowIndex": 7, "Width": 51.375}}, {"Bounds": [365.0399932861328, 460.9049072265625, 373.62298583984375, 466.4248962402344], "Font": {"alt_family_name": "* Arial", "embedded": true, "encoding": "Identity-H", "family_name": "* Arial", "font_type": "CIDFontType0", "italic": false, "monospaced": false, "name": "*Arial-23177", "subset": false, "weight": 400}, "HasClip": false, "Lang": "en", "ObjectID": 1306, "Page": 9, "Path": "//Document/Table/TR[8]/TD[4]/P", "Text": "4.0 ", "TextSize": 5.0, "attributes": {"LineHeight": 6}}, {"Bounds": [417.1199951171875, 460.88490295410156, 424.8848876953125, 466.4049072265625], "ObjectID": 1298, "Page": 9, "Path": "//Document/Table/TR[8]/TD[5]", "attributes": {"BBox": [394.0639999999985, 455.0539999999892, 444.82199999998556, 474.85299999998824], "BlockAlign": "Middle", "ColIndex": 5, "Height": 19.75, "InlineAlign": "Center", "RowIndex": 7, "Width": 50.75}}, {"Bounds": [417.1199951171875, 460.88490295410156, 424.8848876953125, 466.4049072265625], "Font": {"alt_family_name": "* Arial", "embedded": true, "encoding": "Identity-H", "family_name": "* Arial", "font_type": "CIDFontType0", "italic": false, "monospaced": false, "name": "*Arial-23177", "subset": false, "weight": 400}, "HasClip": false, "Lang": "en", "ObjectID": 1303, "Page": 9, "Path": "//Document/Table/TR[8]/TD[5]/P", "Text": "13 ", "TextSize": 5.0, "attributes": {"LineHeight": 6}}, {"Bounds": [467.0399932861328, 461.24989318847656, 475.421875, 466.7698974609375], "ObjectID": 1299, "Page": 9, "Path": "//Document/Table/TR[8]/TD[6]", "attributes": {"BBox": [444.82199999998556, 455.0539999999892, 485.25999999999476, 474.85299999998824], "BlockAlign": "Middle", "ColIndex": 6, "Height": 19.75, "InlineAlign": "End", "RowIndex": 7, "Width": 40.5}}, {"Bounds": [467.0399932861328, 461.24989318847656, 475.421875, 466.7698974609375], "Font": {"alt_family_name": "* Arial", "embedded": true, "encoding": "Identity-H", "family_name": "* Arial", "font_type": "CIDFontType0", "italic": false, "monospaced": false, "name": "*Arial-23177", "subset": false, "weight": 400}, "HasClip": false, "Lang": "en", "ObjectID": 1300, "Page": 9, "Path": "//Document/Table/TR[8]/TD[6]/P", "Text": "2.4 ", "TextSize": 5.0, "attributes": {"LineHeight": 6}}, {"Bounds": [117.36000061035156, 446.75990295410156, 380.8121795654297, 452.2799987792969], "Font": {"alt_family_name": "* Arial", "embedded": true, "encoding": "Identity-H", "family_name": "* Arial", "font_type": "CIDFontType0", "italic": false, "monospaced": false, "name": "*Arial-23177", "subset": false, "weight": 400}, "HasClip": false, "Lang": "en", "ObjectID": 1248, "Page": 9, "Path": "//Document/Footnote", "Text": "Source: ExxonMobil 2023 Gtobal Outlook, IEA World Energy Outlook 2023, IPCC Sixth Assessment Report; See Footnote 4 ", "TextSize": 5.0, "attributes": {"LineHeight": 6, "SpaceAfter": 18}}, {"Bounds": [0.0, -0.1072845458984375, 612.0328216552734, 791.8737640380859], "ObjectID": 1282, "Page": 9, "Path": "//Document/L[6]/LI/Lbl/Figure", "attributes": {"BBox": [127.07499999999709, 373.9369999999908, 146.75399999999354, 384.7369999999937]}}, {"Bounds": [0.0, -0.1072845458984375, 612.0328216552734, 791.8737640380859], "ObjectID": 1282, "Page": 9, "Path": "//Document/L[6]/LI/Lbl/Figure", "attributes": {"BBox": [127.07499999999709, 373.9369999999908, 146.75399999999354, 384.7369999999937]}}, {"Bounds": [146.63999938964844, 298.3343963623047, 489.3609619140625, 384.9344024658203], "Font": {"alt_family_name": "* Arial", "embedded": true, "encoding": "Identity-H", "family_name": "* Arial", "font_type": "CIDFontType0", "italic": false, "monospaced": false, "name": "*Arial-Bold-23176", "subset": false, "weight": 700}, "HasClip": false, "ObjectID": 1281, "Page": 9, "Path": "//Document/L[6]/LI/LBody", "Text": "Energy efficiency: Improvement in energy use per capita is a key trend across these scenarios. In recent history, the world has seen an increase in energy use per capita as living conditions in the developing world have improved, more than offsetting efficiency trends in the developed world. This trend would need to reverse. ", "TextSize": 10.0}, {"Bounds": [0.0, -0.1072845458984375, 612.0328216552734, 791.8737640380859], "ObjectID": 1277, "Page": 9, "Path": "//Document/L[6]/LI[2]/Lbl/Figure", "attributes": {"BBox": [126.83499999999913, 269.3009999999922, 146.2739999999976, 279.8609999999899]}}, {"Bounds": [0.0, -0.1072845458984375, 612.0328216552734, 791.8737640380859], "ObjectID": 1277, "Page": 9, "Path": "//Document/L[6]/LI[2]/Lbl/Figure", "attributes": {"BBox": [126.83499999999913, 269.3009999999922, 146.2739999999976, 279.8609999999899]}}, {"Bounds": [146.39999389648438, 231.5843963623047, 488.8998107910156, 280.2144012451172], "Font": {"alt_family_name": "* Arial", "embedded": true, "encoding": "Identity-H", "family_name": "* Arial", "font_type": "CIDFontType0", "italic": false, "monospaced": false, "name": "*Arial-Bold-23176", "subset": false, "weight": 700}, "HasClip": false, "ObjectID": 1276, "Page": 9, "Path": "//Document/L[6]/LI[2]/LBody", "Text": "Solar and wind power: Solar capacity installed each year would have to increase by 3-4X the rate of the past five years. Wind turbines would have to be built at 2-4X the recent rate. ", "TextSize": 10.0}, {"Bounds": [0.0, -0.1072845458984375, 612.0328216552734, 791.8737640380859], "ObjectID": 1272, "Page": 9, "Path": "//Document/L[6]/LI[3]/Lbl/Figure", "attributes": {"BBox": [126.95499999999811, 202.58399999999529, 146.2739999999976, 213.14399999999296]}}, {"Bounds": [0.0, -0.1072845458984375, 612.0328216552734, 791.8737640380859], "ObjectID": 1272, "Page": 9, "Path": "//Document/L[6]/LI[3]/Lbl/Figure", "attributes": {"BBox": [126.95499999999811, 202.58399999999529, 146.2739999999976, 213.14399999999296]}}, {"Bounds": [146.39999389648438, 145.77439880371094, 486.3153076171875, 213.3843994140625], "Font": {"alt_family_name": "* Arial", "embedded": true, "encoding": "Identity-H", "family_name": "* Arial", "font_type": "CIDFontType0", "italic": false, "monospaced": false, "name": "*Arial-Bold-23176", "subset": false, "weight": 700}, "HasClip": false, "ObjectID": 1271, "Page": 9, "Path": "//Document/L[6]/LI[3]/LBody", "Text": "Carbon capture and storage: There are about 40 million metric tons per year of total carbon capture and storage facilities in operation around the world. Over the next decade, 1-3X the entire existing carbon capture and storage capacity would have to be added every year. ", "TextSize": 10.0}, {"Bounds": [0.0, -0.1072845458984375, 612.0328216552734, 791.8737640380859], "ObjectID": 1267, "Page": 9, "Path": "//Document/L[6]/LI[4]/Lbl/Figure", "attributes": {"BBox": [126.83499999999913, 116.90699999999924, 146.75399999999354, 127.46699999999691]}}, {"Bounds": [0.0, -0.1072845458984375, 612.0328216552734, 791.8737640380859], "ObjectID": 1267, "Page": 9, "Path": "//Document/L[6]/LI[4]/Lbl/Figure", "attributes": {"BBox": [126.83499999999913, 116.90699999999924, 146.75399999999354, 127.46699999999691]}}, {"Bounds": [146.8699951171875, 116.764404296875, 479.08184814453125, 127.62440490722656], "Font": {"alt_family_name": "* Arial", "embedded": true, "encoding": "Identity-H", "family_name": "* Arial", "font_type": "CIDFontType0", "italic": false, "monospaced": false, "name": "*Arial-Bold-23176", "subset": false, "weight": 700}, "HasClip": false, "ObjectID": 1266, "Page": 9, "Path": "//Document/L[6]/LI[4]/LBody", "Text": "Nuclear: Capacity would have to be added at around 3X the recent rate. ", "TextSize": 10.0}, {"Bounds": [0.0, -0.1072845458984375, 612.0328216552734, 791.8737640380859], "ObjectID": 1262, "Page": 9, "Path": "//Document/L[6]/LI[5]/Lbl/Figure", "attributes": {"BBox": [126.71499999999651, 87.86869999999908, 146.75399999999354, 98.42819999999847]}}, {"Bounds": [0.0, -0.1072845458984375, 612.0328216552734, 791.8737640380859], "ObjectID": 1262, "Page": 9, "Path": "//Document/L[6]/LI[5]/Lbl/Figure", "attributes": {"BBox": [126.71499999999651, 87.86869999999908, 146.75399999999354, 98.42819999999847]}}, {"Bounds": [146.8699951171875, 49.92439270019531, 491.35997009277344, 98.65440368652344], "Font": {"alt_family_name": "* Arial", "embedded": true, "encoding": "Identity-H", "family_name": "* Arial", "font_type": "CIDFontType0", "italic": false, "monospaced": false, "name": "*Arial-Bold-23176", "subset": false, "weight": 700}, "HasClip": false, "ObjectID": 1261, "Page": 9, "Path": "//Document/L[6]/LI[5]/LBody", "Text": "Biofuels: Growth would need to continue for an entire decade and require commensurate growth in logistics. Whereas the IPCC Likely Below 2\u00b0C would require a growth slightly less than the average of the past five years, ", "TextSize": 10.0}, {"Bounds": [146.45249938964844, 733.3724975585938, 432.0675048828125, 744.4275054931641], "ObjectID": 1250, "Page": 10, "Path": "//Document/Figure[13]", "attributes": {"BBox": [146.6339999999982, 733.4419999999809, 431.98199999998906, 744.2419999999984], "Placement": "Block"}}, {"Bounds": [116.9324951171875, 630.4125061035156, 192.90750122070312, 639.9075012207031], "ObjectID": 1251, "Page": 10, "Path": "//Document/Figure[14]", "attributes": {"BBox": [117.11499999999796, 630.4869999999937, 192.83199999999488, 639.7259999999951], "Placement": "Block"}}, {"Bounds": [146.8125, 602.0924987792969, 488.2274932861328, 744.7875061035156], "ObjectID": 1229, "Page": 11, "Path": "//Document/Figure[15]", "attributes": {"BBox": [146.99399999999878, 602.167999999976, 488.1399999999994, 744.6019999999844], "Placement": "Block"}}, {"Bounds": [35.8125, 380.0924987792969, 576.0675201416016, 558.0675048828125], "ObjectID": 1230, "Page": 11, "Path": "//Document/Figure[16]", "attributes": {"BBox": [35.998499999999694, 380.05699999998615, 576.0969999999797, 557.8899999999849], "Placement": "Block"}}], "pages": [{"boxes": {"CropBox": [0.0, 0.0, 612.0, 792.0], "MediaBox": [0.0, 0.0, 612.0, 792.0]}, "height": 792.0, "is_scanned": false, "page_number": 0, "rotation": 0, "width": 612.0}, {"boxes": {"CropBox": [0.0, 0.0, 612.0, 792.0], "MediaBox": [0.0, 0.0, 612.0, 792.0]}, "height": 792.0, "is_scanned": true, "page_number": 1, "rotation": 0, "width": 612.0}, {"boxes": {"CropBox": [0.0, 0.0, 612.0, 792.0], "MediaBox": [0.0, 0.0, 612.0, 792.0]}, "height": 792.0, "is_scanned": false, "page_number": 2, "rotation": 0, "width": 612.0}, {"boxes": {"CropBox": [0.0, 0.0, 612.0, 792.0], "MediaBox": [0.0, 0.0, 612.0, 792.0]}, "height": 792.0, "is_scanned": false, "page_number": 3, "rotation": 0, "width": 612.0}, {"boxes": {"CropBox": [0.0, 0.0, 612.0, 792.0], "MediaBox": [0.0, 0.0, 612.0, 792.0]}, "height": 792.0, "is_scanned": false, "page_number": 4, "rotation": 0, "width": 612.0}, {"boxes": {"CropBox": [0.0, 0.0, 612.0, 792.0], "MediaBox": [0.0, 0.0, 612.0, 792.0]}, "height": 792.0, "is_scanned": false, "page_number": 5, "rotation": 0, "width": 612.0}, {"boxes": {"CropBox": [0.0, 0.0, 612.0, 792.0], "MediaBox": [0.0, 0.0, 612.0, 792.0]}, "height": 792.0, "is_scanned": true, "page_number": 6, "rotation": 0, "width": 612.0}, {"boxes": {"CropBox": [0.0, 0.0, 614.1599731445312, 793.6799926757812], "MediaBox": [0.0, 0.0, 614.1599731445312, 793.6799926757812]}, "height": 793.6799926757812, "is_scanned": true, "page_number": 7, "rotation": 0, "width": 614.1599731445312}, {"boxes": {"CropBox": [0.0, 0.0, 614.1599731445312, 793.6799926757812], "MediaBox": [0.0, 0.0, 614.1599731445312, 793.6799926757812]}, "height": 793.6799926757812, "is_scanned": true, "page_number": 8, "rotation": 0, "width": 614.1599731445312}, {"boxes": {"CropBox": [0.0, 0.0, 612.0, 792.0], "MediaBox": [0.0, 0.0, 612.0, 792.0]}, "height": 792.0, "is_scanned": false, "page_number": 9, "rotation": 0, "width": 612.0}, {"boxes": {"CropBox": [0.0, 0.0, 612.0, 792.0], "MediaBox": [0.0, 0.0, 612.0, 792.0]}, "height": 792.0, "is_scanned": false, "page_number": 10, "rotation": 0, "width": 612.0}, {"boxes": {"CropBox": [0.0, 0.0, 612.0, 792.0], "MediaBox": [0.0, 0.0, 612.0, 792.0]}, "height": 792.0, "is_scanned": false, "page_number": 11, "rotation": 0, "width": 612.0}]}