{"version": {"json_export": "203", "page_segmentation": "5", "schema": "1.1.0", "structure": "1.1099.0", "table_structure": "5"}, "extended_metadata": {"ID_instance": "DD 34 C7 F8 C8 BA B2 11 0A 00 67 45 8B 6B C6 23 ", "ID_permanent": "44 32 20 42 34 20 43 34 20 46 38 20 43 38 20 42 41 20 42 32 20 31 31 20 30 41 20 30 30 20 36 37 20 34 35 20 38 42 20 36 42 20 43 36 20 32 33 20 ", "has_acroform": false, "has_embedded_files": false, "is_XFA": false, "is_certified": false, "is_encrypted": false, "is_digitally_signed": false, "language": "en", "page_count": 3, "pdf_version": "1.6", "pdfa_compliance_level": "", "pdfua_compliance_level": ""}, "elements": [{"Bounds": [-152.81399536132812, 264.1520080566406, 771.1030578613281, 855.0771484375], "ObjectID": 234, "Page": 0, "Path": "//Document/Sect/Figure", "attributes": {"BBox": [0.0, 392.7479999999923, 595.295999999973, 841.8899999999849], "Placement": "Block"}}, {"Bounds": [-152.81399536132812, 264.1520080566406, 771.1030578613281, 855.0771484375], "Font": {"alt_family_name": "Lato", "embedded": true, "encoding": "WinAnsiEncoding", "family_name": "Lato", "font_type": "TrueType", "italic": false, "monospaced": false, "name": "OTZMHK+Lato-Black", "subset": true, "weight": 900}, "HasClip": false, "ObjectID": 234, "Page": 0, "Path": "//Document/Sect/Figure", "Text": "A Legacy of Integrity Our name is derived from a Sesotho word meaning integrity. Philosophically it is also the word for the shadow or aura that people cast as they go through life \u2013 a shadow that grows when you do good and is diminished when you do bad. So in essence your \u2018seriti\u2019 becomes your reputation and ultimately, your legacy. At Seriti we aim to be constantly aware of the shadow we cast and of the great legacy we will create for our stakeholders, our country and our continent. At Seriti we empower & create growth for all stakeholders FACT SHEET 2022 ", "TextSize": 14.0, "attributes": {"BBox": [0.0, 392.7479999999923, 595.295999999973, 841.8899999999849], "Placement": "Block"}}, {"Bounds": [35.43310546875, 324.6000061035156, 516.7278289794922, 370.08599853515625], "Font": {"alt_family_name": "Lato", "embedded": true, "encoding": "WinAnsiEncoding", "family_name": "Lato", "font_type": "TrueType", "italic": false, "monospaced": false, "name": "OTZMHK+Lato-Black", "subset": true, "weight": 900}, "HasClip": false, "Lang": "en", "ObjectID": 235, "Page": 0, "Path": "//Document/Sect[2]/H1", "Text": "A black-controlled South African mining leader that creates growth for all stakeholders ", "TextSize": 18.0, "attributes": {"SpaceAfter": 18}}, {"Bounds": [35.43310546875, 264.5417022705078, 285.134033203125, 303.3497009277344], "Font": {"alt_family_name": "Lato", "embedded": true, "encoding": "WinAnsiEncoding", "family_name": "Lato", "font_type": "TrueType", "italic": false, "monospaced": false, "name": "OTZMHK+Lato-Regular", "subset": true, "weight": 400}, "HasClip": false, "Lang": "en", "ObjectID": 236, "Page": 0, "Path": "//Document/Sect[2]/P", "Text": "Seriti is a broad based, 91% black-owned and controlled South African mining company co-owned by four black anchor shareholders, Masimong Group, Thebe Investments, Zungu Investments (Zico) and Community Investment Holdings (CIH). ", "TextSize": 8.0}, {"Bounds": [35.43310546875, 210.5417022705078, 284.8629455566406, 259.3497009277344], "Font": {"alt_family_name": "Lato", "embedded": true, "encoding": "WinAnsiEncoding", "family_name": "Lato", "font_type": "TrueType", "italic": false, "monospaced": false, "name": "OTZMHK+Lato-Regular", "subset": true, "weight": 400}, "HasClip": false, "Lang": "en", "ObjectID": 237, "Page": 0, "Path": "//Document/Sect[2]/P[2]", "Text": "With Dr Anna Mokgokong and Mike Teke respectively as Chair and CEO at the helm, the company is directed by a board and management team who collectively have significant and relevant experience in the acquisition, operation and development of large-scale coal operations in the country. ", "TextSize": 8.0}, {"Bounds": [35.43310546875, 166.5417022705078, 281.9100341796875, 205.34970092773438], "Font": {"alt_family_name": "Lato", "embedded": true, "encoding": "WinAnsiEncoding", "family_name": "Lato", "font_type": "TrueType", "italic": false, "monospaced": false, "name": "OTZMHK+Lato-Regular", "subset": true, "weight": 400}, "HasClip": false, "Lang": "en", "ObjectID": 238, "Page": 0, "Path": "//Document/Sect[2]/P[3]", "Text": "In April 2017 Seriti was incorporated to acquire the New Vaal, New Denmark and Kriel mines from Anglo American, as well as various life extension coal resources and closed collieries, and on 1 June 2021, Seriti acquired South Africa Energy Coal (SAEC) from South32. ", "TextSize": 8.0}, {"Bounds": [35.43310546875, 152.5417022705078, 279.3740234375, 161.34970092773438], "Font": {"alt_family_name": "Lato", "embedded": true, "encoding": "WinAnsiEncoding", "family_name": "Lato", "font_type": "TrueType", "italic": false, "monospaced": false, "name": "OTZMHK+Lato-Regular", "subset": true, "weight": 400}, "HasClip": false, "Lang": "en", "ObjectID": 239, "Page": 0, "Path": "//Document/Sect[2]/P[4]", "Text": "The acquisition of the SAEC assets will help ensure the future of coal ", "TextSize": 8.0}, {"Bounds": [308.26759338378906, 274.2521057128906, 551.7599945068359, 303.3480987548828], "Font": {"alt_family_name": "Lato", "embedded": true, "encoding": "WinAnsiEncoding", "family_name": "Lato", "font_type": "TrueType", "italic": false, "monospaced": false, "name": "OTZMHK+Lato-Regular", "subset": true, "weight": 400}, "HasClip": false, "Lang": "en", "ObjectID": 240, "Page": 0, "Path": "//Document/Sect[2]/P[5]", "Text": "mining and generation of sustainable, reliable, and transformational energy for South Africa, the South African Development Community (SADC), Sub-Saharan Africa and global coal export markets. ", "TextSize": 8.0}, {"Bounds": [308.26759338378906, 240.25210571289062, 552.1139526367188, 269.3480987548828], "Font": {"alt_family_name": "Lato", "embedded": true, "encoding": "WinAnsiEncoding", "family_name": "Lato", "font_type": "TrueType", "italic": false, "monospaced": false, "name": "OTZMHK+Lato-Regular", "subset": true, "weight": 400}, "HasClip": false, "Lang": "en", "ObjectID": 241, "Page": 0, "Path": "//Document/Sect[2]/P[6]", "Text": "Seriti is currently Eskom\u2019s largest black controlled coal supplier, with a clear focus on providing Eskom with secure, long-term coal supply solutions to fuel its power station fleet. ", "TextSize": 8.0}, {"Bounds": [308.26759338378906, 186.54010009765625, 550.9845581054688, 235.3480987548828], "Font": {"alt_family_name": "Lato", "embedded": true, "encoding": "WinAnsiEncoding", "family_name": "Lato", "font_type": "TrueType", "italic": false, "monospaced": false, "name": "OTZMHK+Lato-Regular", "subset": true, "weight": 400}, "HasClip": false, "Lang": "en", "ObjectID": 242, "Page": 0, "Path": "//Document/Sect[2]/P[7]", "Text": "As a company we also believe in establishing a sustainable legacy for the communities in which we operate, and the mining industry as a whole. To support this philosophy, 10% of our equity has been ring-fenced equally for the benefit of employees and communities through employee and community trusts. ", "TextSize": 8.0}, {"Bounds": [308.26759338378906, 152.54010009765625, 536.5127105712891, 181.3480987548828], "Font": {"alt_family_name": "Lato", "embedded": true, "encoding": "WinAnsiEncoding", "family_name": "Lato", "font_type": "TrueType", "italic": false, "monospaced": false, "name": "OTZMHK+Lato-Regular", "subset": true, "weight": 400}, "HasClip": false, "Lang": "en", "ObjectID": 243, "Page": 0, "Path": "//Document/Sect[2]/P[8]", "Text": "We aim to be an industry leading empowerment champion that rejuvenates the mining industry and actively builds a legacy that creates growth for our stakeholders and our country. ", "TextSize": 8.0}, {"Bounds": [35.43310546875, 86.6864013671875, 195.9459686279297, 112.17439270019531], "Font": {"alt_family_name": "Lato", "embedded": true, "encoding": "WinAnsiEncoding", "family_name": "Lato", "font_type": "TrueType", "italic": false, "monospaced": false, "name": "OTZMHK+Lato-Black", "subset": true, "weight": 900}, "HasClip": false, "Lang": "en", "ObjectID": 221, "Page": 0, "Path": "//Document/Sect[3]/H1", "Text": "Business Strategy ", "TextSize": 18.0, "attributes": {"LineHeight": 21.625, "SpaceAfter": 12.5}}, {"Bounds": [35.43359375, 47.98980712890625, 288.13917541503906, 76.79780578613281], "Font": {"alt_family_name": "Lato", "embedded": true, "encoding": "WinAnsiEncoding", "family_name": "Lato", "font_type": "TrueType", "italic": false, "monospaced": false, "name": "OTZMHK+Lato-Regular", "subset": true, "weight": 400}, "HasClip": false, "Lang": "en", "ObjectID": 222, "Page": 0, "Path": "//Document/Sect[3]/P", "Text": "Seriti is Eskom\u2019s largest black-controlled coal supplier with a clear focus on providing secure, long-term coal supply solutions to fuel Eskom\u2019s fleet of power stations. ", "TextSize": 8.0}, {"Bounds": [35.43359375, 33.98980712890625, 285.03285217285156, 42.79780578613281], "Font": {"alt_family_name": "Lato", "embedded": true, "encoding": "WinAnsiEncoding", "family_name": "Lato", "font_type": "TrueType", "italic": false, "monospaced": false, "name": "OTZMHK+Lato-Regular", "subset": true, "weight": 400}, "HasClip": false, "Lang": "en", "ObjectID": 223, "Page": 0, "Path": "//Document/Sect[3]/P[2]", "Text": "With the acquisition of the South Africa Energy Coal (SAEC) operations, ", "TextSize": 8.0}, {"Bounds": [308.26759338378906, 57.708099365234375, 548.0595550537109, 106.80409240722656], "Font": {"alt_family_name": "Lato", "embedded": true, "encoding": "WinAnsiEncoding", "family_name": "Lato", "font_type": "TrueType", "italic": false, "monospaced": false, "name": "OTZMHK+Lato-Regular", "subset": true, "weight": 400}, "HasClip": false, "Lang": "en", "ObjectID": 224, "Page": 0, "Path": "//Document/Sect[3]/P[3]", "Text": "Seriti is now the largest coal supplier in Africa \u2013 dedicated to the future of coal mining and the generation of sustainable, reliable, and transformational energy for South Africa, the South African Development Community (SADC), Sub-Saharan Africa and the global coal export markets. ", "TextSize": 8.0}, {"Bounds": [308.26759338378906, 33.708099365234375, 555.9220275878906, 52.80409240722656], "Font": {"alt_family_name": "Lato", "embedded": true, "encoding": "WinAnsiEncoding", "family_name": "Lato", "font_type": "TrueType", "italic": false, "monospaced": false, "name": "OTZMHK+Lato-Regular", "subset": true, "weight": 400}, "HasClip": false, "Lang": "en", "ObjectID": 225, "Page": 0, "Path": "//Document/Sect[3]/P[4]", "Text": "Seriti believes that coal mining still has a future, and a role to play in the \u201cJust Transition\u201d to a low carbon future, both locally and abroad. ", "TextSize": 8.0}, {"Bounds": [-3.456787109375, 500.4656524658203, 598.7328338623047, 902.36181640625], "ClipBounds": [-3.456787109375, 500.4656524658203, 598.7328338623047, 902.36181640625], "ObjectID": 226, "Page": 1, "Path": "//Document/Sect[3]/Figure", "attributes": {"BBox": [0.0, 523.6629999999714, 595.295999999973, 841.8899999999849], "Placement": "Block"}}, {"Bounds": [-3.456787109375, 500.4656524658203, 598.7328338623047, 902.36181640625], "ClipBounds": [-3.456787109375, 500.4656524658203, 598.7328338623047, 902.36181640625], "Font": {"alt_family_name": "Lato", "embedded": true, "encoding": "Identity-H", "family_name": "Lato", "font_type": "CIDFontType2", "italic": false, "monospaced": false, "name": "OTZMHK+Lato-Black", "subset": true, "weight": 900}, "HasClip": false, "ObjectID": 226, "Page": 1, "Path": "//Document/Sect[3]/Figure", "Text": "Seriti Group Structure ", "TextSize": 18.0, "attributes": {"BBox": [0.0, 523.6629999999714, 595.295999999973, 841.8899999999849], "Placement": "Block"}}, {"Bounds": [-1.63739013671875, 45.60679626464844, 560.1840972900391, 494.9634704589844], "ClipBounds": [-1.63739013671875, 45.60679626464844, 560.1840972900391, 494.9634704589844], "ObjectID": 227, "Page": 1, "Path": "//Document/Sect[3]/Figure[2]", "attributes": {"BBox": [35.39859999999862, 45.72239999999874, 560.0169999999925, 494.98399999999674], "Placement": "Block"}}, {"Bounds": [-1.63739013671875, 45.60679626464844, 560.1840972900391, 494.9634704589844], "ClipBounds": [-1.63739013671875, 45.60679626464844, 560.1840972900391, 494.9634704589844], "Font": {"alt_family_name": "Lato", "embedded": true, "encoding": "WinAnsiEncoding", "family_name": "Lato", "font_type": "TrueType", "italic": false, "monospaced": false, "name": "OTZMHK+Lato-Regular", "subset": true, "weight": 400}, "HasClip": false, "ObjectID": 227, "Page": 1, "Path": "//Document/Sect[3]/Figure[2]", "Text": "22.95% 67.5% 22.50% 5% Operating subsidiaries 5% 3% 5% 5% 100% 100% 5% 90% 100% 22.95% 100% 22.95% 22.95% 8.19% New Largo Employees 90% Thabong Coal New Largo Communities Seriti Coal Employees 2% Seriti Coal Management Seriti Coal Communities Seriti Power Employees Seriti Power Finance Ingwe Surface Holdings Seriti New Largo Seriti Power Communities Seriti Power (formerly SAEC) acquired from South 32 New Largo Coal Seriti Coal Seriti Power Operating Collieries and other holdings Projects \u00b7 Pit D opencast \u00b7 New Vaal Colliery \u00b7 New Denmark Colliery \u00b7 Kriel Colliery \u00b7 Pit H opencast \u00b7 Pit H to Phola conveyor \u00b7 Main Mine \u00b7 New Vaal Life extensions \u00b7 New Denmark Life extension \u00b7 Kriel life extensions \u00b7 Klipspruit \u00b7 MMS North & South \u00b7 Khutala \u00b7 Pegasus \u00b7 Phola Coal (50% shareholding) \u00b7 RBCT (21% shareholding) \u00b7 Leandra \u00b7 Naudesbank \u00b7 Klipspruit other resources (Pits A,C,E,F and G) \u00b7 Khutala other resources (Underground NE extension project, Underground #S seam extension project and pillar mining in remnant # 2 and # 4 seam) \u00b7 Additional MMS resources (Naauwpoort) \u00b7 Closed Mines opportunities ", "TextSize": 6.684295654296875, "attributes": {"BBox": [35.39859999999862, 45.72239999999874, 560.0169999999925, 494.98399999999674], "Placement": "Block"}}, {"Bounds": [35.183197021484375, 753.3811950683594, 81.45710754394531, 806.7068939208984], "ObjectID": 142, "Page": 2, "Path": "//Document/Sect[3]/Figure[3]", "attributes": {"BBox": [35.39859999999862, 753.5739999999932, 81.35669999999664, 806.49099999998], "Placement": "Block"}}, {"Bounds": [35.43260192871094, 700.8802947998047, 145.73651123046875, 746.3663024902344], "Font": {"alt_family_name": "Lato", "embedded": true, "encoding": "Identity-H", "family_name": "Lato", "font_type": "CIDFontType2", "italic": false, "monospaced": false, "name": "OTZMHK+Lato-Black", "subset": true, "weight": 900}, "HasClip": false, "Lang": "en", "ObjectID": 143, "Page": 2, "Path": "//Document/Sect[4]/H1", "Text": "Seriti Shareholders ", "TextSize": 18.0, "attributes": {"SpaceAfter": 18}}, {"Bounds": [484.4604034423828, 777.8408966064453, 559.7971038818359, 806.7068939208984], "ObjectID": 144, "Page": 2, "Path": "//Document/Sect[4]/Figure", "attributes": {"BBox": [484.65999999998894, 778.0529999999853, 559.6569999999774, 806.49099999998], "Placement": "Block"}}, {"Bounds": [171.85060119628906, 737.8170013427734, 211.42343139648438, 749.1450042724609], "Font": {"alt_family_name": "Lato", "embedded": true, "encoding": "WinAnsiEncoding", "family_name": "Lato", "font_type": "TrueType", "italic": false, "monospaced": false, "name": "OTZMHK+Lato-Black", "subset": true, "weight": 900}, "HasClip": false, "Lang": "en", "ObjectID": 145, "Page": 2, "Path": "//Document/Sect[4]/Sect/H2", "Text": "Masimong ", "TextSize": 8.0}, {"Bounds": [171.85060119628906, 704.7530059814453, 554.4250030517578, 733.5610046386719], "Font": {"alt_family_name": "Lato", "embedded": true, "encoding": "Identity-H", "family_name": "Lato", "font_type": "CIDFontType2", "italic": false, "monospaced": false, "name": "OTZMHK+Lato-Regular", "subset": true, "weight": 400}, "HasClip": false, "Lang": "en", "ObjectID": 146, "Page": 2, "Path": "//Document/Sect[4]/Sect/P", "Text": "Mike Teke and Doug Gain, who both have extensive experience in operating coal mines, lead Masimong Group, a broad-based, black-owned and controlled investment company focusing on mining, industrials, financial services and agri-business. ", "TextSize": 8.0, "attributes": {"SpaceAfter": 18}}, {"Bounds": [35.42610168457031, 659.4145965576172, 123.3524169921875, 680.7425994873047], "Font": {"alt_family_name": "Lato", "embedded": true, "encoding": "WinAnsiEncoding", "family_name": "Lato", "font_type": "TrueType", "italic": false, "monospaced": false, "name": "OTZMHK+Lato-Black", "subset": true, "weight": 900}, "HasClip": false, "Lang": "en", "ObjectID": 147, "Page": 2, "Path": "//Document/Sect[4]/Sect[2]/H2", "Text": "Community Investment Holdings (CIH) ", "TextSize": 8.0}, {"Bounds": [35.42610168457031, 646.3506011962891, 101.73721313476562, 655.1585998535156], "Font": {"alt_family_name": "Lato", "embedded": true, "encoding": "WinAnsiEncoding", "family_name": "Lato", "font_type": "TrueType", "italic": false, "monospaced": false, "name": "OTZMHK+Lato-Regular", "subset": true, "weight": 400}, "HasClip": false, "ObjectID": 148, "Page": 2, "Path": "//Document/Sect[4]/Sect[2]/P/Sub", "Text": "Industry veterans, ", "TextSize": 8.0, "attributes": {"Placement": "Block"}}, {"Bounds": [35.42610168457031, 636.3506011962891, 139.50563049316406, 645.1585998535156], "Font": {"alt_family_name": "Lato", "embedded": true, "encoding": "Identity-H", "family_name": "Lato", "font_type": "CIDFontType2", "italic": false, "monospaced": false, "name": "OTZMHK+Lato-Regular", "subset": true, "weight": 400}, "HasClip": false, "ObjectID": 149, "Page": 2, "Path": "//Document/Sect[4]/Sect[2]/P/Sub[2]", "Text": "Dr Anna Mokgokong and Joe ", "TextSize": 8.0, "attributes": {"Placement": "Block"}}, {"Bounds": [35.42610168457031, 586.3506011962891, 148.2007598876953, 635.1585998535156], "Font": {"alt_family_name": "Lato", "embedded": true, "encoding": "WinAnsiEncoding", "family_name": "Lato", "font_type": "TrueType", "italic": false, "monospaced": false, "name": "OTZMHK+Lato-Regular", "subset": true, "weight": 400}, "HasClip": false, "Lang": "en", "ObjectID": 150, "Page": 2, "Path": "//Document/Sect[4]/Sect[2]/P[2]", "Text": "Madungandaba lead CIH Projects \u2013 a 100% black-owned conglomerate focusing on mining, energy, healthcare, information and ", "TextSize": 8.0}, {"Bounds": [35.42610168457031, 566.3506011962891, 138.23291015625, 585.1585998535156], "Font": {"alt_family_name": "Lato", "embedded": true, "encoding": "WinAnsiEncoding", "family_name": "Lato", "font_type": "TrueType", "italic": false, "monospaced": false, "name": "OTZMHK+Lato-Regular", "subset": true, "weight": 400}, "HasClip": false, "Lang": "en", "ObjectID": 151, "Page": 2, "Path": "//Document/Sect[4]/Sect[2]/P[3]", "Text": "communications technology, infrastructure and logistics. ", "TextSize": 8.0}, {"Bounds": [171.84210205078125, 669.4145965576172, 284.56129455566406, 680.7425994873047], "Font": {"alt_family_name": "Lato", "embedded": true, "encoding": "Identity-H", "family_name": "Lato", "font_type": "CIDFontType2", "italic": false, "monospaced": false, "name": "OTZMHK+Lato-Black", "subset": true, "weight": 900}, "HasClip": false, "Lang": "en", "ObjectID": 152, "Page": 2, "Path": "//Document/Sect[4]/Sect[3]/H2", "Text": "Thebe Investment Corporation ", "TextSize": 8.0}, {"Bounds": [171.84210205078125, 596.3506011962891, 277.29815673828125, 665.1585998535156], "Font": {"alt_family_name": "Lato", "embedded": true, "encoding": "WinAnsiEncoding", "family_name": "Lato", "font_type": "TrueType", "italic": false, "monospaced": false, "name": "OTZMHK+Lato-Regular", "subset": true, "weight": 400}, "HasClip": false, "Lang": "en", "ObjectID": 153, "Page": 2, "Path": "//Document/Sect[4]/Sect[3]/P", "Text": "Sizwe Mncwango leads Thebe Investment Corporation, which is one of South Africa\u2019s leading black- controlled investment companies with significant energy and mining services interests. ", "TextSize": 8.0}, {"Bounds": [308.06610107421875, 669.4145965576172, 400.3092498779297, 680.7425994873047], "Font": {"alt_family_name": "Lato", "embedded": true, "encoding": "WinAnsiEncoding", "family_name": "Lato", "font_type": "TrueType", "italic": false, "monospaced": false, "name": "OTZMHK+Lato-Black", "subset": true, "weight": 900}, "HasClip": false, "Lang": "en", "ObjectID": 154, "Page": 2, "Path": "//Document/Sect[4]/Sect[4]/H2", "Text": "Zungu Investments (Zico) ", "TextSize": 8.0}, {"Bounds": [308.06610107421875, 586.3506011962891, 420.50604248046875, 665.1585998535156], "Font": {"alt_family_name": "Lato", "embedded": true, "encoding": "WinAnsiEncoding", "family_name": "Lato", "font_type": "TrueType", "italic": false, "monospaced": false, "name": "OTZMHK+Lato-Regular", "subset": true, "weight": 400}, "HasClip": false, "Lang": "en", "ObjectID": 155, "Page": 2, "Path": "//Document/Sect[4]/Sect[4]/P", "Text": "Sandile Zungu is the founder and chairperson of Zungu Investments (Zico), a black-owned private equity business with significant mining and non-mining interests, which is the holding company of his business interests. ", "TextSize": 8.0}, {"Bounds": [444.6741027832031, 669.4145965576172, 473.45411682128906, 680.7425994873047], "Font": {"alt_family_name": "Lato", "embedded": true, "encoding": "WinAnsiEncoding", "family_name": "Lato", "font_type": "TrueType", "italic": false, "monospaced": false, "name": "OTZMHK+Lato-Black", "subset": true, "weight": 900}, "HasClip": false, "Lang": "en", "ObjectID": 156, "Page": 2, "Path": "//Document/Sect[4]/Sect[5]/H2", "Text": "Coalzar ", "TextSize": 8.0}, {"Bounds": [444.6741027832031, 606.3506011962891, 556.3780822753906, 665.1585998535156], "Font": {"alt_family_name": "Lato", "embedded": true, "encoding": "WinAnsiEncoding", "family_name": "Lato", "font_type": "TrueType", "italic": false, "monospaced": false, "name": "OTZMHK+Lato-Regular", "subset": true, "weight": 400}, "HasClip": false, "Lang": "en", "ObjectID": 157, "Page": 2, "Path": "//Document/Sect[4]/Sect[5]/P", "Text": "Coalzar is a broad-based, majority HDSA-owned South African company representing the interests of its shareholders who are focused on coal mining in the country. ", "TextSize": 8.0}, {"Bounds": [35.43260192871094, 489.99229431152344, 198.02127075195312, 515.4803009033203], "Font": {"alt_family_name": "Lato", "embedded": true, "encoding": "WinAnsiEncoding", "family_name": "Lato", "font_type": "TrueType", "italic": false, "monospaced": false, "name": "OTZMHK+Lato-Black", "subset": true, "weight": 900}, "HasClip": false, "Lang": "en", "ObjectID": 158, "Page": 2, "Path": "//Document/Sect[5]/H1", "Text": "Where We Operate ", "TextSize": 18.0, "attributes": {"LineHeight": 21.625, "SpaceAfter": 18}}, {"Bounds": [35.18269348144531, 308.0382995605469, 378.3573913574219, 467.2438049316406], "ObjectID": 159, "Page": 2, "Path": "//Document/Sect[5]/Figure", "attributes": {"BBox": [35.39859999999862, 308.1519999999873, 378.22499999999127, 467.0249999999942], "Placement": "Block"}}, {"Bounds": [385.9140930175781, 405.6112060546875, 474.8871765136719, 451.0971984863281], "Font": {"alt_family_name": "Lato", "embedded": true, "encoding": "Identity-H", "family_name": "Lato", "font_type": "CIDFontType2", "italic": false, "monospaced": false, "name": "OTZMHK+Lato-Black", "subset": true, "weight": 900}, "HasClip": false, "Lang": "en", "ObjectID": 160, "Page": 2, "Path": "//Document/Sect[5]/Aside/P", "Text": "Seriti by Numbers: ", "TextSize": 18.0, "attributes": {"SpaceAfter": 10.5}}, {"Bounds": [385.9140930175781, 389.35060119628906, 550.0588836669922, 398.1585998535156], "Font": {"alt_family_name": "Lato", "embedded": true, "encoding": "WinAnsiEncoding", "family_name": "Lato", "font_type": "TrueType", "italic": false, "monospaced": false, "name": "OTZMHK+Lato-Regular", "subset": true, "weight": 400}, "HasClip": false, "ObjectID": 161, "Page": 2, "Path": "//Document/Sect[5]/Aside/L/LI/LBody", "Text": "\u00b7 We are responsible for 32% of Eskom\u2019s supply ", "TextSize": 8.0}, {"Bounds": [385.9140930175781, 365.35060119628906, 547.5540466308594, 384.1585998535156], "Font": {"alt_family_name": "Lato", "embedded": true, "encoding": "WinAnsiEncoding", "family_name": "Lato", "font_type": "TrueType", "italic": false, "monospaced": false, "name": "OTZMHK+Lato-Regular", "subset": true, "weight": 400}, "HasClip": false, "ObjectID": 162, "Page": 2, "Path": "//Document/Sect[5]/Aside/L/LI[2]/LBody", "Text": "\u00b7 We produce around 34.3 Mt of domestic coal per annum ", "TextSize": 8.0}, {"Bounds": [385.9140930175781, 341.06260681152344, 550.5133056640625, 360.1585998535156], "Font": {"alt_family_name": "Lato", "embedded": true, "encoding": "WinAnsiEncoding", "family_name": "Lato", "font_type": "TrueType", "italic": false, "monospaced": false, "name": "OTZMHK+Lato-Regular", "subset": true, "weight": 400}, "HasClip": false, "ObjectID": 163, "Page": 2, "Path": "//Document/Sect[5]/Aside/L/LI[3]/LBody", "Text": "\u00b7 We have ring-fenced 10% of our shareholding for the benefit of employees and communities ", "TextSize": 8.0}, {"Bounds": [385.9140930175781, 327.35060119628906, 519.7628936767578, 336.1585998535156], "Font": {"alt_family_name": "Lato", "embedded": true, "encoding": "WinAnsiEncoding", "family_name": "Lato", "font_type": "TrueType", "italic": false, "monospaced": false, "name": "OTZMHK+Lato-Regular", "subset": true, "weight": 400}, "HasClip": false, "ObjectID": 164, "Page": 2, "Path": "//Document/Sect[5]/Aside/L/LI[4]/LBody", "Text": "\u00b7 We employ more than 15,000 people ", "TextSize": 8.0}, {"Bounds": [35.43260192871094, 271.5532989501953, 100.24461364746094, 282.8813018798828], "Font": {"alt_family_name": "Lato", "embedded": true, "encoding": "WinAnsiEncoding", "family_name": "Lato", "font_type": "TrueType", "italic": false, "monospaced": false, "name": "OTZMHK+Lato-Black", "subset": true, "weight": 900}, "HasClip": false, "Lang": "en", "ObjectID": 165, "Page": 2, "Path": "//Document/Sect[5]/Sect/H2", "Text": "New Vaal Colliery ", "TextSize": 8.0}, {"Bounds": [35.43260192871094, 248.2012939453125, 222.3365936279297, 267.29730224609375], "Font": {"alt_family_name": "Lato", "embedded": true, "encoding": "WinAnsiEncoding", "family_name": "Lato", "font_type": "TrueType", "italic": false, "monospaced": false, "name": "OTZMHK+Lato-Regular", "subset": true, "weight": 400}, "HasClip": false, "Lang": "en", "ObjectID": 166, "Page": 2, "Path": "//Document/Sect[5]/Sect/P", "Text": "This open-cast mine is located south of Vereeniging, in the Free State, about 70km south of Johannesburg. ", "TextSize": 8.0}, {"Bounds": [35.43260192871094, 238.4893035888672, 249.00059509277344, 247.29730224609375], "Font": {"alt_family_name": "Lato", "embedded": true, "encoding": "WinAnsiEncoding", "family_name": "Lato", "font_type": "TrueType", "italic": false, "monospaced": false, "name": "OTZMHK+Lato-Regular", "subset": true, "weight": 400}, "HasClip": false, "Lang": "en", "ObjectID": 167, "Page": 2, "Path": "//Document/Sect[5]/Sect/P[2]", "Text": "It was established in 1983, and came into production in 1985. ", "TextSize": 8.0}, {"Bounds": [35.43260192871094, 208.4893035888672, 283.0717468261719, 237.29730224609375], "Font": {"alt_family_name": "Lato", "embedded": true, "encoding": "WinAnsiEncoding", "family_name": "Lato", "font_type": "TrueType", "italic": false, "monospaced": false, "name": "OTZMHK+Lato-Regular", "subset": true, "weight": 400}, "HasClip": false, "Lang": "en", "ObjectID": 168, "Page": 2, "Path": "//Document/Sect[5]/Sect/P[3]", "Text": "The mine produces ~17Mtpa of thermal coal, supplied to the Lethabo Power Station. The New Vaal mine has sufficient current and additional coal resources to supply the Lethabo Power Station until 2039. ", "TextSize": 8.0}, {"Bounds": [35.43260192871094, 193.5532989501953, 84.11665344238281, 204.8813018798828], "Font": {"alt_family_name": "Lato", "embedded": true, "encoding": "WinAnsiEncoding", "family_name": "Lato", "font_type": "TrueType", "italic": false, "monospaced": false, "name": "OTZMHK+Lato-Black", "subset": true, "weight": 900}, "HasClip": false, "Lang": "en", "ObjectID": 169, "Page": 2, "Path": "//Document/Sect[5]/Sect[2]/H2", "Text": "Kriel Colliery ", "TextSize": 8.0}, {"Bounds": [35.43260192871094, 130.4893035888672, 275.68861389160156, 189.29730224609375], "Font": {"alt_family_name": "Lato", "embedded": true, "encoding": "Identity-H", "family_name": "Lato", "font_type": "CIDFontType2", "italic": false, "monospaced": false, "name": "OTZMHK+Lato-Regular", "subset": true, "weight": 400}, "HasClip": false, "Lang": "en", "ObjectID": 170, "Page": 2, "Path": "//Document/Sect[5]/Sect[2]/P", "Text": "Located around 45km south of eMalahleni (formerly Witbank), this is an underground bord-and- pillar mining operation. Originally established in 1975, Kriel supplies the Kriel Power Station. The colliery produces around 5Mtpa of thermal coal. The Kriel mine has sufficient current and additional coal resources to supply the Kriel Power Station until 2029. ", "TextSize": 8.0}, {"Bounds": [35.43260192871094, 115.55329895019531, 118.82545471191406, 126.88130187988281], "Font": {"alt_family_name": "Lato", "embedded": true, "encoding": "WinAnsiEncoding", "family_name": "Lato", "font_type": "TrueType", "italic": false, "monospaced": false, "name": "OTZMHK+Lato-Black", "subset": true, "weight": 900}, "HasClip": false, "Lang": "en", "ObjectID": 171, "Page": 2, "Path": "//Document/Sect[5]/Sect[3]/H2", "Text": "New Denmark Colliery ", "TextSize": 8.0}, {"Bounds": [35.43260192871094, 52.48930358886719, 287.8013916015625, 111.29730224609375], "Font": {"alt_family_name": "Lato", "embedded": true, "encoding": "WinAnsiEncoding", "family_name": "Lato", "font_type": "TrueType", "italic": false, "monospaced": false, "name": "OTZMHK+Lato-Regular", "subset": true, "weight": 400}, "HasClip": false, "Lang": "en", "ObjectID": 172, "Page": 2, "Path": "//Document/Sect[5]/Sect[3]/P", "Text": "The New Denmark Colliery is located 30km north of Standerton in Mpumalanga. Commissioned in 1982, this mine is one of the deepest coal mines in South Africa, and employs the longwall mining method. The mine supplies ~5Mtpa of thermal coal to the Tutuka Power Station. The New Denmark mine has sufficient current and additional coal resources to supply the Tutuka Power Station until 2039. ", "TextSize": 8.0}, {"Bounds": [308.2581024169922, 271.55059814453125, 376.9781036376953, 282.87860107421875], "Font": {"alt_family_name": "Lato", "embedded": true, "encoding": "Identity-H", "family_name": "Lato", "font_type": "CIDFontType2", "italic": false, "monospaced": false, "name": "OTZMHK+Lato-Black", "subset": true, "weight": 900}, "HasClip": false, "Lang": "en", "ObjectID": 173, "Page": 2, "Path": "//Document/Sect[5]/Sect[4]/H2", "Text": "New Largo Project ", "TextSize": 8.0}, {"Bounds": [308.2581024169922, 218.48660278320312, 558.162109375, 267.2946014404297], "Font": {"alt_family_name": "Lato", "embedded": true, "encoding": "WinAnsiEncoding", "family_name": "Lato", "font_type": "TrueType", "italic": false, "monospaced": false, "name": "OTZMHK+Lato-Regular", "subset": true, "weight": 400}, "HasClip": false, "Lang": "en", "ObjectID": 174, "Page": 2, "Path": "//Document/Sect[5]/Sect[4]/P", "Text": "The New Largo Coal Project is located adjacent to Kusile Power Station. New Largo covers an undeveloped, shallow, 600mt opencast coal reserve which is expected to be developed into a large - scale mine capable of supplying approximately 12mt of coal per annum to the Kusile Power Station over a 50 year period. ", "TextSize": 8.0}, {"Bounds": [308.2581024169922, 203.55059814453125, 375.1581573486328, 214.87860107421875], "Font": {"alt_family_name": "Lato", "embedded": true, "encoding": "WinAnsiEncoding", "family_name": "Lato", "font_type": "TrueType", "italic": false, "monospaced": false, "name": "OTZMHK+Lato-Black", "subset": true, "weight": 900}, "HasClip": false, "Lang": "en", "ObjectID": 175, "Page": 2, "Path": "//Document/Sect[5]/Sect[5]/H2", "Text": "Klipspruit Colliery ", "TextSize": 8.0}, {"Bounds": [308.2581024169922, 170.19859313964844, 559.5293121337891, 199.2946014404297], "Font": {"alt_family_name": "Lato", "embedded": true, "encoding": "WinAnsiEncoding", "family_name": "Lato", "font_type": "TrueType", "italic": false, "monospaced": false, "name": "OTZMHK+Lato-Regular", "subset": true, "weight": 400}, "HasClip": false, "Lang": "en", "ObjectID": 176, "Page": 2, "Path": "//Document/Sect[5]/Sect[5]/P", "Text": "Situated 5km from the town of Ogies and the Phola Township, Klipspruit Colliery is an opencast mine that produces 2.4 Mtpa (DB) and 0.35Mtpa (AD) for domestic consumption and 5.1 Mtpa (AR) for export. ", "TextSize": 8.0}, {"Bounds": [308.2581024169922, 155.60659790039062, 367.4180450439453, 166.79859924316406], "Font": {"alt_family_name": "Lato", "embedded": true, "encoding": "WinAnsiEncoding", "family_name": "Lato", "font_type": "TrueType", "italic": false, "monospaced": false, "name": "OTZMHK+Lato-Heavy", "subset": true, "weight": 900}, "HasClip": false, "Lang": "en", "ObjectID": 177, "Page": 2, "Path": "//Document/Sect[5]/Sect[5]/Sect/H3", "Text": "Khutala Colliery ", "TextSize": 8.0}, {"Bounds": [308.2581024169922, 112.19859313964844, 561.0103302001953, 151.2946014404297], "Font": {"alt_family_name": "Lato", "embedded": true, "encoding": "Identity-H", "family_name": "Lato", "font_type": "CIDFontType2", "italic": false, "monospaced": false, "name": "OTZMHK+Lato-Regular", "subset": true, "weight": 400}, "HasClip": false, "Lang": "en", "ObjectID": 178, "Page": 2, "Path": "//Document/Sect[5]/Sect[5]/Sect/P", "Text": "Khutala Colliery is situated in the Witbank coalfield, located approximately 30km southwest of the town of eMalahleni. The operation produces 5.5 Mtpa on average to the Kendal Power Station and has sufficient resource to supply the power station until 2033. ", "TextSize": 8.0}, {"Bounds": [308.2581024169922, 97.55059814453125, 404.18687438964844, 108.87860107421875], "Font": {"alt_family_name": "Lato", "embedded": true, "encoding": "WinAnsiEncoding", "family_name": "Lato", "font_type": "TrueType", "italic": false, "monospaced": false, "name": "OTZMHK+Lato-Black", "subset": true, "weight": 900}, "HasClip": false, "Lang": "en", "ObjectID": 179, "Page": 2, "Path": "//Document/Sect[5]/Sect[6]/H2", "Text": "Middelburg Mine Services ", "TextSize": 8.0}, {"Bounds": [308.2581024169922, 44.19859313964844, 560.7461242675781, 93.29460144042969], "Font": {"alt_family_name": "Lato", "embedded": true, "encoding": "Identity-H", "family_name": "Lato", "font_type": "CIDFontType2", "italic": false, "monospaced": false, "name": "OTZMHK+Lato-Regular", "subset": true, "weight": 400}, "HasClip": false, "Lang": "en", "ObjectID": 180, "Page": 2, "Path": "//Document/Sect[5]/Sect[6]/P", "Text": "Located in the Witbank Coalfield in Western Mpumalanga, approximately 25 kilometres due south east of eMalahleni, this opencast mine provides 6.5Mtpa on average (AR) of power station grade coal to the Duvha Power Station and 9.0Mtpa on average (AR) of higher quality export grade products for the seaborne steam coal markets. ", "TextSize": 8.0}], "pages": [{"boxes": {"CropBox": [0.0, 0.0, 595.2760009765625, 841.8900146484375], "MediaBox": [0.0, 0.0, 595.2760009765625, 841.8900146484375]}, "height": 841.8900146484375, "is_scanned": false, "page_number": 0, "rotation": 0, "width": 595.2760009765625}, {"boxes": {"CropBox": [0.0, 0.0, 595.2760009765625, 841.8900146484375], "MediaBox": [0.0, 0.0, 595.2760009765625, 841.8900146484375]}, "height": 841.8900146484375, "is_scanned": false, "page_number": 1, "rotation": 0, "width": 595.2760009765625}, {"boxes": {"CropBox": [0.0, 0.0, 595.2760009765625, 841.8900146484375], "MediaBox": [0.0, 0.0, 595.2760009765625, 841.8900146484375]}, "height": 841.8900146484375, "is_scanned": false, "page_number": 2, "rotation": 0, "width": 595.2760009765625}]}