File,Codes,Page,ID,Text
"Australia_Rio Tinto, 2023, Climate Report 2023",[e],3,fbc18460bf8a40d179a443da79797882,"2023 was another year of extreme weather and broken temperature records. In December, I attended the UN climate summit (COP28) and came away concerned the world is not on track with the Paris Agreement goal to limit warming to 1.5C by 2100. National targets are not in line with the overall goal, and current climate policies in many countries are not yet aligned with their stated ambitions. "
"Australia_Rio Tinto, 2023, Climate Report 2023","[e, k]",3,6496cfc0dc9de3920317f608af7cff8d,"Many 1.5C scenarios now overshoot the long-term temperature goal and rely on significant deployment of carbon dioxide removals to get to net zero that may not be plausible. No single company or country can halt the course of climate change alone, so partnering to reduce emissions is vital. This is why we put the low-carbon transition at the heart of our business strategy and are working with governments, customers, communities and others to decarbonise our operations and value chains. "
"Australia_Rio Tinto, 2023, Climate Report 2023",[e],3,4810c22816c2766f42eb350afbb8e6d6,"Our Scope 1 and 2 emissions targets are a 15 reduction by 2025 and 50 by 2030 relative to 2018 levels. These targets are ambitious and aligned with 1.5C, the stretch goal of the Paris Agreement. They are particularly ambitious as, unlike our competitors, around 80 of our emissions come from processing activities, which are typically hard to abate. "
"Australia_Rio Tinto, 2023, Climate Report 2023",[e],9,5d1104af0856e2b501a078abe43e1323,Capital allocation alignment with our 1.5C decarbonisation strategy  We estimate the total capital expenditure on decarbonisation between 2022 and 2030 is expected to be 5-6 billion1 and 1.5 billion in the period 2024-2026. 
"Australia_Rio Tinto, 2023, Climate Report 2023","[e, k]",10,4afd4b6445828e2519c466c5ef4a653b,"While there is no universal standard for determining the alignment of targets with the Paris Agreement goals, we conclude our Scope 1 and 2 targets for 2030 are aligned with efforts to limit warming to 1.5C. In 2021, KPMG provided limited assurance over the alignment of our Scope 1 and 2 targets with efforts to limit warming to 1.5C. For this 2023 report, KPMG provide limited assurance over our progress reporting against our Climate Action Plan commitments (in addition to their assurance of our Scope 1, 2 and 3 emissions). Their statement is included at the end of the report. "
"Australia_Rio Tinto, 2023, Climate Report 2023",[k],29,431323c21b46ef22d701001ecac2253a,"Approximately 78 of our Scope 3 processing emissions come from China, which has pledged to be carbon neutral by 2060. 18 come from Japan, South Korea and other countries that have pledged to be carbon neutral by 2050. "
"Australia_Rio Tinto, 2023, Climate Report 2023",[k],29,72f618e31322e86c3b58f9a39636dd78,"Illustrative Scope 3 emissions trajectories (Mt CO2e)  Estimates are based on current product and customer mix. The net zero trajectory for our Scope 3 emissions and the illustrative Scope 3 trajectory represent two potential pathways, and are not definitive forecasts. "
"Australia_Rio Tinto, 2023, Climate Report 2023",[e],34,c8d9487d02b33085477288a03704f8e2,"Pricing of future carbon penalties remains uncertain, but based on todays policies we expect a long-term return across our portfolio of 3 to 5. While this is currently below our cost of capital, when modelled under our Competitive Leadership scenario which limits the global temperature outcome to 1.8C, we see returns increasing to 10 to 13, indicating that the business of decarbonisation is good business. "
"Australia_Rio Tinto, 2023, Climate Report 2023",[e],35,ac5c5339deea7240c1e7a5a7c73e6113,"Solar PV plant at the Rio Tinto QIT Madagascar Minerals mine in Fort Dauphin, Southern Madagascar  We support the goals of the Paris Agreement, to pursue efforts to limit the global average temperature increase to 1.5 degrees and do not advocate for policies that undermine this or discount Nationally Determined Contributions. "
