File,Codes,Page,ID,Text
"Australia_Woodside, 2021, Climate Transition Action Plan 2021",[k],3,80c0286309c74f8013c90899a873016e,"This report includes our updated Climate Policy, which reinforces our objective to thrive through the energy transition as a low-cost, lower carbon energy provider. The report outlines a plan to meet our near- and medium-term targets to reduce our net equity Scope 1 and Scope 2 greenhouse gas emissions by 15 in 2025 and 30 in 2030 in support of our aspiration of net zero emissions by  2050 or sooner.1 The report also details Woodsides Scope 3 emissions plan which includes a target to invest US5 billion in new energy products and lower-carbon services by 20302. "
"Australia_Woodside, 2021, Climate Transition Action Plan 2021","[b, e]",5,67671fdb9e553a68f2c2400a517a00ae,"We have tested our portfolio of producing and sanctioned assets against a range of climate-related scenarios from the International Energy Agency, including scenarios aligned with limiting climate change to 1.5 degrees Celsius. "
"Australia_Woodside, 2021, Climate Transition Action Plan 2021",[e],6,a679e409b7880a18bbcf8d208262086b,"Setting science-based1 near, mid, and long-term net emissions reduction targets that are consistent with Paris-aligned2 scenarios, covering equity scope 1 and 2 emissions, both operated and non-operated.3  Developing and operating oil and gas projects in a manner that is consistent with these targets. This includes the deployment of lower-emission technologies (Design Out), supporting efficient operations (Operate Out) and use of robust offsets (Offset) as methods to reduce and offset greenhouse gas emissions. "
"Australia_Woodside, 2021, Climate Transition Action Plan 2021",[e],6,6dcc95cf78867df66bad6286bdba731e,1 Woodside is using the draft Prototype IFRS Sustainability Disclosure Standard definition of science-based (published 2021) which states targets are considered science-based if they are in line with what the most recent climate science sets out is necessary to meet the goals of the Paris Agreementlimiting global warming to below 2 degrees Celsius above pre-industrial levels and pursuing efforts to limit warming to 1.5 degrees Celsius.. See httpswww.ifrs.orgcontentdamifrsgroupstrwgtrwg-climate- related-disclosures-prototype.pdf (Appendix A). 
"Australia_Woodside, 2021, Climate Transition Action Plan 2021",[e],6,a4817a232a01383ba4cf7dcf42e95724,2 Woodside is using the draft Prototype IFRS Sustainability Disclosure Standard definition of Paris-aligned scenarios (published 2021) which states scenarios consistent with limiting global warming to below 2 degrees Celsius above pre-industrial levels and pursuing efforts to limit warming to 1.5 degrees Celsius. See httpswww.ifrs.org contentdamifrsgroupstrwgtrwg-climate-related- disclosures-prototype.pdf (Appendix A). 
"Australia_Woodside, 2021, Climate Transition Action Plan 2021",[b],10,4af66ab0d2509b40f67642c9e66b3894,"The Scope 1 and 2 greenhouse gas emissions from projects in all capital allocation categories need to be managed to meet our net equity emissions reduction target of 30 by 2030 and a net zero aspiration by 2050 or sooner.3   OIL GAS NEW ENERGY OFFSHORE PIPELINE LNG DIVERSIFIED Focus Generate high returns to fund diversified growth, focusing on high quality resources Leveraging infrastructure to monetise undeveloped gas, including optionality for hydrogen New energy products and lower-carbon services to reduce customers emissions hydrogen, ammonia, CCUS1 Characteristics High cash generation Shorter payback period Quick to market Stable long-term cash flow profile Resilient to commodity pricing Long-term cash flow Strong forecast demand Upside potential Developing market Lower capital requirement Lower risk profile Opportunity targets IRR > 15 Payback within 5 years2 IRR > 12 Payback within 7 years2 IRR > 10 Payback within 10 years2 Emissions reduction 30 net equity emissions reduction by 2030, net zero aspiration by 2050 or sooner3  Natural gas is the dominant product in Woodsides portfolio, representing approximately 81 of equity production in 2021. Most of our natural gas is sold as liquefied natural gas (LNG). Some relevant attributes of natural gas are  When used to generate electricity, natural gas emits around half the life cycle emissions of coal4  The International Energy Agency (IEA) advises that while renewable, nuclear and other low carbon power sources are expected to meet most additional power demand, gas and coal are expected to compete to fill the gap5  More than half of the worlds natural gas supply is used in sectors other than power generation, such as in industrial applications and fertiliser manufacturing, some of which have lower emissions intensity than power generation6,7  In the form of LNG, natural gas is transportable and flexible between destinations, which is an advantage during an uncertain and potentially volatile energy transition8  While energy storage technologies (such as batteries) continue to improve, natural gas enables cost-effective and reliable conversion of power grids to renewable electricity because of its ability to firm up intermittent generation (that is, support intermittent renewable generation by quickly ramping up or down to ensure stable electricity supply)9  Natural gas is also used for hydrogen manufacture by steam methane reforming. This process, including carbon capture and storage (CCS), is predicted by the IEA to represent almost half of hydrogen production in 2030 in their Net Zero Emissions by 2050 Scenario (NZE).10  (<httpiea.orgreportsthe-role-of-gas-in-todays-energy-transitions>)Refer to IEA report at iea.orgreportsthe-role-of-gas-in-todays-energy-transitions  1 CCUS refers to carbon capture utilisation and storage. "
"Australia_Woodside, 2021, Climate Transition Action Plan 2021","[b, k]",11,0b06e66ec02768763e5234389b68d001,"Oil plays an important part in Woodsides portfolio. Even in the most ambitious decarbonisation scenarios, such as the IEAs NZE scenario, oil consumption is modelled to remain in excess of 24 million barrels per day in 2050 (compared to 90 million in 2020).5 On average, the Scope 1 and 2 greenhouse gas emissions arising from conventional offshore oil production are lower than from the production of LNG, but when combusted the Scope 3 emissions from using the product are higher.6,7  Oil demand will be increasingly substituted out of the relatively easy to abate sectors such as power generation and road passenger vehicle transportation, but remain stronger for hard-to-abate and non-combustion uses such as aviation and synthetic materials.8  Oil projects typically have shorter payback periods than LNG projects.4 They also typically generate strong cash flow, so we expect them to be an important part of funding Woodsides investment into new energy and lower-carbon services through the energy transition. For future oil developments we will target an IRR greater than 15 and payback within 5 years.4  New energy products and lower-carbon services in our portfolio  We recognise that while unabated natural gas can help countries move towards net zero greenhouse gas emissions, it cannot help them reach zero on its own because most end uses of natural gas result in greenhouse gas emissions. "
"Australia_Woodside, 2021, Climate Transition Action Plan 2021",[b],12,52487531a1d9bcb09504d8115739a2da,"The IEA has modelled a range of scenarios by which the energy transition could unfold. It is clear there is an important role for oil, gas and hydrogen in all IEA scenarios. Even in the Net Zero Emissions scenario the forecast cumulative global investment in oil and gas needed to meet the worlds energy needs is approximately US10 trillion by 2050. "
"Australia_Woodside, 2021, Climate Transition Action Plan 2021","[b, e, f]",12,006f3a2d7fa9448948a94792d7b152e2,"ESTIMATED CUMULATIVE GLOBAL INVESTMENT UNDER THE RANGE OF IEA SCENARIOS (US TRILLION)1  Oil and gas Hydrogen Net Zero Emissions (NZE) 1.5C Paris aligned scenario. Global temperature rise is limited to 1.5C with a 50 probability NZE 0 2020 2030 2040 2050 10 20 30 10.0 7.9 Sustainable Development (SDS) 1.5 to 1.65C Paris aligned scenario. Global temperature rise is limited to 1.65C with a 50 probability (potentially 1.5C with some level of net negative emissions) SDS 0 2020 2030 2040 2050 10 20 30 14.9 1.6 Announced Pledges (APS) 2.1C Not Paris aligned. Global temperature rise to 2.1C with a 50 probability APS 0 2020 2030 2040 2050 10 20 30 19.5 1.2 Stated Policies (STEPS) >2.0C Not Paris aligned. Global temperature rise above 2C STEPS 0 2020 2030 2040 2050 10 20 30 26.1 0.3  1 Based on data from IEA 2021. World Energy Outlook 2021 and IEA 2021 Net Zero by 2050 a roadmap for the global energy sector (all rights reserved) as modified by Woodside analysis, real terms 2019. These scenarios are described in full on page 22. "
"Australia_Woodside, 2021, Climate Transition Action Plan 2021",[e],12,76532da998dda0820b6ecfe6a221c998, Karratha Gas Plant and Pluto LNG are part of Woodsides portfolio of oil and gas assets Woodside Petroleum Ltd 13  The decarbonisation plans of Woodsides target markets provide insight into their future energy mix and inform Woodside strategy. Under the terms of the Paris Agreement each country submits its Nationally Determined Contribution (NDC) to the Agreements goals. These NDCs summarise national targets and plans. They are published by the United Nations Framework Convention on Climate Change (UNFCCC) secretariat. 
"Australia_Woodside, 2021, Climate Transition Action Plan 2021","[a, e]",14,c4318b1dd14949b8b89be617417e7267,"Woodside reports and sets company-wide targets to reduce Scope 1 and 2 greenhouse gas emissions on a net equity basis, including both operated and non-operated assets.1  In 2020, Woodside announced targets for near- and medium-term emissions reduction below the gross annual average equity Scope 1 and 2 greenhouse gas emissions over 2016-2020. These targets are to reduce net equity Scope 1 and 2 greenhouse gas emissions by  Towards an aspiration of net zero by 2050 or sooner.2  Woodside considers targets to be science-based if they are in line with what the most recent climate science sets out is necessary to meet the goals of the Paris Agreement - limiting global warming to below 2 degrees Celsius above pre-industrial levels and pursuing efforts to limit warming to 1.5 degrees Celsius. This is also the definition included in the International Financial Reporting Standards (IFRS) Foundations draft Climate-related Disclosures Prototype.3  The chart below is drawn from the IPCCs AR6-WG1 report, published in August 2021. Woodsides targets and net zero aspiration are superimposed upon the chart, to demonstrate that they are aligned to the IPCCs SSP1-1.9 scenario which would achieve a 1.4 degrees Celsius outcome by 2100. Woodside uses the IPCC Pathways when considering greenhouse gas emissions as they are a definitive and peer-reviewed source for global emissions pathways linked to climate impacts. "
"Australia_Woodside, 2021, Climate Transition Action Plan 2021","[a, e]",14,71f0f88b6fd20cdedbc44277d41ba998,"Woodside is aware that the Science Based Targets Initiative (SBTi) is considering a methodology for the oil and gas sector. The methodology is not yet complete. Woodside has discussed technical matters with SBTi in respect of the methodology that need to be resolved in order for it to be applicable to Woodside. Woodside also monitors and engages with the Transition Pathway Initiative, Climate Action 100, Carbon Tracker and Influencemap.4  WOODSIDES SCOPE 1 AND 2 GREENHOUSE GAS EMISSIONS REDUCTION TARGETS ARE ALIGNED WITH THE IPCCS PARIS-ALIGNED SCENARIOS  2020 2030 2040 2050 2060 2070 2080 2090 2100 SSP5-8.5 Best estimate temperature increase 4.4C (2081 to 2100) SSP3-7.0 Best estimate temperature increase 3.6C (2081 to 2100) SSP2-4.5 Best estimate temperature increase 2.7C (2081 to 2100) NET ZERO SSP1-2.6 Best estimate temperature increase 1.8C (2081 to 2100) SSP1-1.9 Best estimate temperature increase 1.4C (2081 to 2100) Trajectory of Woodsides net equity Scope 1 and 2 greenhouse gas emissions reduction targets and net zero aspiration Paris-aligned range This chart depicts global CO emissions trajectories associated with IPCC Shared Socioeconomic Pathways with Woodsides targets indexed to 2020.2,  1 Greenhouse gas emissions, energy values and global warming potentials are estimated in accordance with the National Greenhouse and Energy Reporting (NGER) methodology as applicable in FY20-21. Equity share is calculated in accordance with the GHG Protocols Corporate Accounting and Reporting Standard, page 17 Under the equity share approach, a company accounts for GHG emissions from operations according to its share of equity in the operation. The equity share reflects economic interest, which is the extent of rights a company has to the risks and rewards flowing from an operation. www.ghgprotocol.org. Please refer to the Glossary on page 41 for further definition of Scope 1 and 2 greenhouse gas emissions. "
"Australia_Woodside, 2021, Climate Transition Action Plan 2021",[l],15,970abde1e8b251b5a427ebea511e2a38,"Avoiding and reducing emissions depends on changing the design or operating practice at our assets, which may require joint venture approval and face technical and economic constraints. However, offsets can be pursued on a project basis to meet regulatory requirements, or a Woodside-only basis to meet our voluntary targets. The role of offsets is discussed further on page 19. "
"Australia_Woodside, 2021, Climate Transition Action Plan 2021",[l],17,bbbaf1584737b2cb2748d0db0c1350fa," Tree planting in Western Australia forms part of our portfolio of carbon origination projects 18 Climate Report 2021  The use of offsets to achieve net emissions reduction  Avoiding and reducing emissions are our first priority when planning how to achieve our net equity Scope 1 and 2 greenhouse gas emissions reduction targets. However, offsets  where emissions from within Woodsides business are balanced by reduction or avoidance of emissions elsewhere  also play an important role. "
"Australia_Woodside, 2021, Climate Transition Action Plan 2021",[l],18,8641992153ebae3706061f80b1abbbe9,"In the short- to medium-term, offsets can help Woodside to accelerate net equity emissions reduction beyond technical and economic limits for design-out or operate-out opportunities within our business, or while these opportunities are being implemented. This is important because near-term net emissions reduction preserves the worlds carbon budget, which is the amount that can be emitted prior to achieving net zero emissions, if it is to stay within any given temperature increase. "
"Australia_Woodside, 2021, Climate Transition Action Plan 2021","[a, l]",18,b1156f186621845e7720ce2ff20bd11d,"In the longer term, some of the technologies that underpin offsets are expected to play a sustained role in both neutralising the emissions from hard-to-abate sectors, and in driving towards net negative global emissions so that the concentration of greenhouse gases in the atmosphere begins to reverse. The importance of carbon dioxide removal (CDR) has most recently been described in the IPCCs AR6-WG1 report.1 Woodsides use of offsets provides investment into these technologies to help them develop and scale, and our direct participation helps to improve the robustness of methodologies and accounting techniques. "
"Australia_Woodside, 2021, Climate Transition Action Plan 2021","[e, l]",20,d10eb1c6dd36464a0d7615dd04aa1d08,"INVEST NEW ENERGY PRODUCTS  LOWER-CARBON SERVICES Collaboration with customers to build market demand Recent announcements Heliogen, H2Perth, H2TAS, H2OK, CCS SUPPORT CUSTOMER AND SUPPLIER EMISSIONS REDUCTION Carbon offset cargoes    Methane Shipping   Contracting    Business travel PROMOTE GLOBAL MEASUREMENT AND REPORTING Emerging harmonisation of global standards Transparent emissions reporting New energy investment consistent with Paris-aligned pathways1  1. Invest in new energy products and lower-carbon services  Woodside expects increasing demand for new energy products such as hydrogen and ammonia, and lower-carbon services such as CCUS. These can reduce the emissions arising when our customers consume energy compared to unabated use of fossil fuels. "
"Australia_Woodside, 2021, Climate Transition Action Plan 2021","[b, e]",20,f1a19e753af8fc702120a2e84f0705ae,1 Relative oil and gas versus hydrogen potential investment consistent with a range of outcomes predicted between IEAs Net Zero Emissions (NZE2050) and Sustainable Development Scenario (SDS). The NZE2050 global temperature rise is limited to 1.5 degrees Celsius with a 50 probability and the SDS global temperature rise is limited to 1.65 degrees Celsius with a 50 probability (potentially 1.5 degrees Celsius with some level of net negative emissions). 2 Investment target assumes completion of the proposed merger with BHPs petroleum business. Individual investment decisions are subject to Woodsides investment hurdles. Not guidance. 
"Australia_Woodside, 2021, Climate Transition Action Plan 2021","[b, j]",21,535d103865c6a8957792e9b6a9e2141d,"Financial resilience testing of Woodsides portfolio using scenarios  Woodside uses a range of climate scenarios to test the financial resilience of our portfolio of producing assets and sanctioned projects, including the four scenarios published in the IEAs 2021 World Energy Outlook. The IEA scenarios were selected because they are publicly available and provide a wide range of potential energy transition pathways linked to different climate outcomes for resilience testing. "
"Australia_Woodside, 2021, Climate Transition Action Plan 2021","[e, b]",21,b6d9ba8af7002c19863dbac8210957b5,"A summary of insights from the scenario analysis is  FCF is positive in all scenarios, including NZE, a 1.5 degrees Celsius scenario. The APS, SDS and STEPS scenarios generate additional FCF, but of these only SDS is aligned with the Paris Agreement outcomes  Average FCF from 2022 to 2026 is lower than subsequent periods due to high capital expenditure during this period for Scarborough, Pluto Train 2 and the Sangomar Field Development Phase 1  FCF generation increases from the late 2020s after Scarborough start-up. This then declines due to the natural field decline of older assets in our portfolio,  because the analysis assumes no new oil and gas investment  Oil and gas price differences between the scenarios have a greater impact on FCF through to 2040 than carbon pricing. "
"Australia_Woodside, 2021, Climate Transition Action Plan 2021","[b, k]",21,9fd5419ed44a97e9e8dc5aea604d21a6,The analysis includes a price on carbon for all emissions above our net equity Scope 1 and 2 greenhouse gas emissions reduction targets of 15 by 2025 and 30 by 2030.1 Carbon pricing is not applied to Scope 3 emissions as this is accounted for in the demand and therefore the oil price calculated in each scenario by the IEAs World Energy Model.2 The carbon price assumptions used in the analysis are provided on page 23. 
"Australia_Woodside, 2021, Climate Transition Action Plan 2021","[b, e, f]",21,4af2e7bb128fdab2d8ebcbb4b51143e1,"The IEAs World Energy Outlook 2021 (WEO) explores three main scenarios in the analyses in the chapters and also includes projections for the Sustainable Development Scenario (SDS) for continuity with previous editions of the WEO and to provide pathways that are compliant with the Paris Agreement for regions that have not yet announced net zero pledges. These scenarios are not predictions  the IEA does not have a single view on the future of the energy system. In contrast to the 2020 edition of the WEO, it does not vary the assumptions about public health and economic recovery implications across the scenarios. The scenarios are The Net Zero Emissions by 2050 Scenario (NZE) shows a narrow but achievable pathway for the global energy sector to achieve net zero CO2 emissions by 2050, with advanced economies reaching net zero emissions in advance of others. This scenario also meets key energy-related United Nations Sustainable Development Goals (SDGs), in particular achieving universal energy access by 2030. The NZE does not rely on emissions reductions from outside the energy sector to achieve its goals, but assumes that non-energy emissions will be reduced in the same proportion as energy emissions. It is consistent with limiting the global temperature rise to 1.5C without a temperature overshoot (with a 50 probability). The Sustainable Development Scenario (SDS) is a well below 2C pathway, and represents a gateway to achieving the outcomes targeted by the Paris Agreement. The SDS assumes all energy-related SDGs are met, all current net zero pledges are achieved in full, and there are increased efforts to realise near-term emissions reductions advanced economies reach net zero emissions by 2050, China around 2060, and all other countries by 2070 at the latest. Without assuming extensive net negative emissions, this scenario is consistent with limiting the global temperature rise to 1.65C (with a 50 probability). With some level of net negative emissions after 2070, the temperature rise could be reduced to 1.5C in 2100. The Announced Pledges Scenario (APS) takes account of all of the climate commitments made by governments around the world, including Nationally Determined Contributions as well as longer term net zero targets, and assumes that they will be met in full and on time. The global trends in this scenario represent the cumulative extent of the worlds ambition to tackle climate change as of mid-2021. The remaining difference in global emissions between the APS and the goals in the NZE or the Sustainable Development Scenario shows the ambition gap that needs to be closed to achieve the goals agreed in the Paris Agreement in 2015. The Stated Policies Scenario (STEPS) does not take for granted that governments will reach all announced goals. Instead, the STEPS explores where the energy system might go without additional policy implementation. As with the APS, it is not designed to achieve a particular outcome. It takes a granular, sector-by-sector look at existing policies and measures and those under development. The remaining difference in global emissions between the STEPS and the APS, represents the implementation gap that needs to be closed for countries to achieve their announced decarbonisation targets. "
"Australia_Woodside, 2021, Climate Transition Action Plan 2021",[b],22,7dc6c01f875543119e70f281f7f9d47e,"MODELLED IMPACT OF CLIMATE SCENARIOS ON POTENTIAL ANNUAL AVERAGE FREE CASH FLOW FROM CURRENT PRODUCING AND SANCTIONED ASSETS (NOT GUIDANCE)1,2  Oil price (USbbl, Brent) 3 and carbon price (US t CO2-e) average real 20204 IEA NZE 48 59 36 117 31 160 29 194 IEA SDS 62 55 57 108 54 140 53 163 IEA APS 70 55 68 108 66 140 66 163 IEA STEPS 74 23 76 37 79 50 82 61 2017 - 2021 1.0 0.0 2.0 3.0 4.0 2022 - 2026 2027 - 2031 2032 - 2036 2037 - 2040 Actual IEA SDS IEA APS IEA STEPSAnnual Average Free Cashflow USb (Nominal) IEA NZE 2017-2021 average real terms 2020 Brent price was US62bbl. "
"Australia_Woodside, 2021, Climate Transition Action Plan 2021","[b, j]",22,e3493ac7c02cc5167be9d4b900f8aa7d,"Climate considerations for the Scarborough investment decision  The final investment decisions for the Scarborough and Pluto Train 2 projects demonstrate how climate-related considerations can inform decision making by Woodside. These considerations included  The project economics included the cost of meeting our net equity Scope 1 and 2 greenhouse gas emission targets given the incremental emissions from Scarborough. This was modelled using an US80 t CO2-e (real terms 2022) long-term cost of carbon applied to meeting the expected regulatory abatement requirements and our corporate voluntary abatement targets. Sensitivities were considered at higher and lower-carbon prices based on IEA and other published scenarios  The resilience of the business case was tested for a range of gas prices based on the assumptions that Woodside applies to economic evaluation which are in turn informed by a wide range of externally published scenarios including those from the IEA  The Board and executive team considered a range of opportunities to avoid emissions through the design of  the facilities including power generation options and electrification  A risk assessment for the decision was undertaken, covering climate-related issues such as regulatory and legal factors and informed by externally published scenarios. "
"Australia_Woodside, 2021, Climate Transition Action Plan 2021",[b],22,687e1457d6c259ce6e476c9944bba225,"4 Based on data from IEA 2021. World Energy Outlook 2021 as modified by Woodside analysis. The IEA only provide carbon prices from 2030 onwards. As a result, Woodside used a 2020 average Australian regulatory carbon price to derive a starting price point of US11.51 t CO2-e RT2022. Woodside used the 2020 starting price point and the IEAs published 2030 and 2040 carbon prices for each scenario to interpolate annual price points through to 2040. "
"Australia_Woodside, 2021, Climate Transition Action Plan 2021","[e, k]",31,aae43a024c1f7cf3937a3e446eef8b5e,"Short-, medium- and long-term risks and opportunities  Adopt and deliver science-based targets for net equity emissions reduction  Build a diverse, high quality carbon offsets portfolio  Increased pricing or other regulatory control of emissions  Maintain internal capability with proven track record  Higher than expected costs of transition to new technologies  Faster than expected substitution of hydrocarbon products  Reduced demand for hydrocarbon, new energy or lower-carbon services relative to investment case  Natural gas crowded out of carbon budget by coal and unable to attract lower-carbon premium  Under or over investment in product portfolio components  Adopt the Scope 3 emissions plan focused on demand side risk management  Slower than expected adoption of new energy and lower-carbon services  Uncertaintyregional variation in transition pathways  Adopt and deliver science-based targets for net equity emissions reduction  Inability to pursue full range of Paris-aligned pathways  This table describes potential risk and opportunities, potential financial impacts and potential mitigations. This does not necessarily mean that the risks have materialised in practice or that the mitigations are currently being pursued. "
"Australia_Woodside, 2021, Climate Transition Action Plan 2021",[e],41,eb2cbdd8241384e22a2ded17a6264031,"Consistent with limiting global warming to below 2 degrees Celsius above pre-industrial levels and pursuing efforts to limit warming to 1.5 degrees Celsius.1  Targets are considered science-based if they are in line with what the most recent climate science sets out is necessary to meet the goals of the Paris Agreementlimiting global warming to below 2 degrees Celsius above pre-industrial levels and pursuing efforts to limit warming to 1.5 degrees Celsius.1  This report refers to ranges of time as follows short-term means from now until 2025 medium-term means 2026-2035  Woodside also refers to near-term and medium-term in the specific context of its net equity Scope 1 and 2 greenhouse gas emissions reduction targets. In this context near-term refers to the 2025 as a point in time, and medium term refers to 2030 as a point in time, being the years to which the targets relate. "
"Australia_Woodside, 2021, Climate Transition Action Plan 2021","[j, f]",42,299c60f1b704876369f6760fb88eaf88,"Describe the resilience of the organizations strategy, taking into consideration different climate-related scenarios, including a 2C or lower scenario. "
"Australia_Woodside, 2021, Climate Transition Action Plan 2021",[b],44,6dda9114bbf6827ca09faa2191aa3ba2,"Woodside makes no representation, assurance or guarantee as to the accuracy or likelihood of fulfilment of any forward looking statement or any outcomes expressed or implied in any forward looking statement. The forward looking statements in this report reflect expectations held at the date of this report and scenario analysis undertaken by Woodside. There are inherent limitations with scenario analysis, including the limitations set out on page 23 of this report, and it is difficult to predict which, if any, of the scenarios might eventuate. Scenario analysis relies on assumptions that may or may not be, or prove to be, correct and that may or may not eventuate and scenarios may also be impacted by additional factors to the assumptions disclosed. As part of its scenario analysis, Woodside has used climate scenarios published in the IEAs 2021 World Energy Outlook. The TCFD Guidance on Scenario Analysis for Non-Financial Companies (on page 66) describes limitations and uncertainties associated with the use of the IEA scenarios, while also noting the benefits, including that the IEA scenarios are widely used and accepted.1  Woodside does not undertake to provide ongoing market updates on the plan to achieve its objective or targets, or performance against the plan, except to the extent it has a legal obligation to do so. "
