File,Codes,Page,ID,Text
"Switzerland_Holcim, 2021, climate report 2021",[e],51,94c5d3b1894391b363751c10ab89a2e3,"in line with the worlds urgency to keep global warming within 1.5C. Reaching 85 material recycling rate across our economy would reduce CO2 emissions by up to 50 billion tons, the equivalent of taking 10 billion cars off our roads. "
"Switzerland_Holcim, 2021, climate report 2021","[a, g]",59,656563a55a3798502a49015f611a3817,"Three climate scenarios (representative concentration pathways 2.6, 4.5 and 8.5) were considered based on the Intergovernmental Panel on Climate Change Fifth Assessment Report. The scenarios consider greenhouse gas concentration trajectories in the  atmosphere and relate to a 1.5C2C, 2C3C and >4C increase in the global average surface temperature in 2100. "
"Switzerland_Holcim, 2021, climate report 2021","[a, g, i]",59,74db79821b00252297173e0a2ca05945,"Zeelandbrug, Netherlands is built with Holcim Basalton Quattroblock  PHYSICAL CLIMATE-RELATED RISKS SCENARIO ANALYSIS CONTINUED  HEAT Blend of days per year exceeding temperatures of 35C and 38C WILDFIRE Number of fires that ignite and grow to a detectable size WIND Maximum one-minute sustained wind speed for a predefined event representing extreme winds like hurricanes PRECIPITATION Maximum daily precipitation (in mm) for a predefined event FLOOD Inundation height and extent for predefined flood event, incl. riverine, coastal flood impacted by sea level rise and tidal levels DROUGHT Water stress of locations based on an index describing precipitation and evaporation  Representative concentration pathway (RCP 2.6, RCP 4.5, RCP 8.5) Intergovernmental Panel on Climate Change  LOCATIONS FOR PHYSICAL CLIMATE-RELATED RISKS SCENARIO ANALYSIS  Reason It resides next to the Deer river in the vicinity of the Gulf of Mexico. This makes it prone to hurricanes, flooding and extreme precipitation. "
"Switzerland_Holcim, 2021, climate report 2021",[f],61,e2f0c8d67a1ba84872f977a19583e692,"Based on a likely increase in precipitation extremes with a changing climate, high water levels are expected to occur more frequently in both a 2C and 4C scenario by 2050. "
"Switzerland_Holcim, 2021, climate report 2021",[f],61,17095afefac20a83482827468a4617dd,"Low water level extremes will likely occur more frequently in 2C scenarios but decrease in a 4C world. Hence, in the near term, the drought-flood variability will be a considerable challenge, while in the long-term, high water levels will dominate the supply chain risk. "
"Switzerland_Holcim, 2021, climate report 2021","[e, j]",61,ed7c886e8b078b467b68de1e0ee63421,"Georgetown Universitys new 12-story residential building uses ECOPact green concrete with 46 lower CO2 to achieve LEED Platinum certification  Circular Explorer, the recycling catamaran, powered by 700 renewable energy, recovering plastic from our oceans  Holcim has developed two distinct and plausible climate change scenarios, including one adhering to the Paris Agreement, to test the resiliency of the organization in different climate change futures. "
"Switzerland_Holcim, 2021, climate report 2021","[e, i]",63,192cf5ad205f570c42d03049dfc8a770,"Two scenarios have been considered to present Holcims assessment on climate related transitional and physical risks. A Paris Agreement aligned scenario (1.5C), where Governments and Industries are coordinated to make carbon neutrality possible and an Ineffective Collective Action Against Climate Change scenario (2.7C4.4C Degrees Scenario). "
"Switzerland_Holcim, 2021, climate report 2021",[e],63,3c341eebaa71db5a44f60986e69848e7,"The Paris Agreement-aligned scenario is favorable for Holcim, its shareholders and the global community. New market conditions will support a growing demand for low-carbon products and solutions, increasing our market share in the range of green cement, concrete and sustainable solutions. Holcims sustainability leadership brings strategic resilience to the Group, and Holcim is well positioned to build on its net-zero journey and help create a net-zero future that works for people and the planet. "
"Switzerland_Holcim, 2021, climate report 2021","[b, a]",64,b76b947e92f5849fdb7c47967e242094,"New CAP Group Headquarters, Milan, is built with ECOPact green concrete with 35 lower CO2 to achieve LEED Gold certification  INEFFECTIVE COLLECTIVE ACTION AGAINST CLIMATE CHANGE  IEA net-zero Emissions Scenario (NZE) Source IEA World Energy Outlook 2021  IEA Reference Technology Scenario (RTS) Source IEA Technology Roadmap - Low Carbon Transition in the Cement Industry  Carbon Emissions Pathway, IPCC 5th Assessment Report  Growth until 2030 in emerging markets From 20302050 demand decreases due to smart design  Trend following RTS until 2030 Growth until 2030 in emerging markets Marginal growth after 2030  Advanced economies 2030 130, 2050 250 Selected emerging markets  (incl. China, Russia, Brazil, South Africa) 2030 90, 2050 200  Canada 2030 55 2050 75 Colombia 2030 15 2050 30 China 2030 30 2050 55  Risk to be watched continuously by Holcim and risk governance to be adjusted accordingly to limit negative business impact. "
"Switzerland_Holcim, 2021, climate report 2021","[e, l]",65,479d1b0858074eea082df4aafd7479c0,"INEFFECTIVE COLLECTIVE ACTION AGAINST CLIMATE CHANGE SCENARIO  2.3 Circular construction (recycling materials, smart design and driving repair and renovation)  3.1 Decarbonization of supply chain (energy and transportation)  3.2 Deployment of breakthrough technologies at a large scale  5.1 Chronic  higher average temperatures and sea level rise  In the Paris Agreement-aligned scenario, Governments and industries are aligned to make carbon neutrality possible. The cement industry is making significant efforts toward net-zero development and innovation, while climate change mitigation and adaptation have a growing importance. Carbon capture, utilization and storage technologies are developing at a pace consistent with the industrys transition to net-zero. Demand for low-carbon and material-efficient solutions and those that mitigate the impacts of climate change accelerates. Physical impacts of climate change are manageable without significant business or societal disruption. Holcims sustainability leadership brings strategic resilience to the company. Holcim is well positioned to build on its net-zero journey and build a net-zero future that works for people and the planet. "
"Switzerland_Holcim, 2021, climate report 2021",[e],66,589e5afec1bef7b30f54a8be9aefe7d4,"In the short term, Holcims cement production segment remains in the spotlight as a CO2 intensive business, bringing reputational risks. However, as the net-zero roadmap is delivered and Holcim is seen as a keen contributor to mitigate climate change, its reputation, trust and credibility grows and the strategy is aligned with the expectations of a 1.5 degree world. "
"Switzerland_Holcim, 2021, climate report 2021",[j],66,0482dfbdc60177b466dee29d964898a0,"INEFFECTIVE COLLECTIVE ACTION AGAINST CLIMATE CHANGE SCENARIO  Ineffective collective action against climate change creates a misalignment between our efforts to reach net-zero emissions and the applicable regulations, resulting in a competitive disadvantage that a zero-carbon strategy imposes on our company compared to other sectors. Limited benefit would be taken from the development of low-carbon and material and energy-efficient solutions. Physical impacts of climate change are severe including water stress and extreme weather events. Holcim develops a strong response strategy in order to protect its assets and adapt to new market demand features. "
