{"version": {"json_export": "203", "page_segmentation": "5", "schema": "1.1.0", "structure": "1.1099.0", "table_structure": "5"}, "extended_metadata": {"ID_instance": "96 B2 17 0A 6A BA B2 11 0A 00 67 45 8B 6B C6 23 ", "ID_permanent": "41 38 20 46 43 20 31 32 20 30 41 20 36 41 20 42 41 20 42 32 20 31 31 20 30 41 20 30 30 20 36 37 20 34 35 20 38 42 20 36 42 20 43 36 20 32 33 20 ", "has_acroform": false, "has_embedded_files": false, "is_XFA": false, "is_certified": false, "is_encrypted": false, "is_digitally_signed": false, "language": "en", "page_count": 6, "pdf_version": "1.6", "pdfa_compliance_level": "", "pdfua_compliance_level": ""}, "elements": [{"Bounds": [131.63999938964844, 747.6983032226562, 463.5509948730469, 772.6822967529297], "Font": {"alt_family_name": "Calibri", "embedded": true, "encoding": "WinAnsiEncoding", "family_name": "Calibri", "font_type": "TrueType", "italic": false, "monospaced": false, "name": "GCFBBA+Calibri-Bold", "subset": true, "weight": 700}, "HasClip": false, "Lang": "en", "ObjectID": 382, "Page": 0, "Path": "//Document/Title", "Text": "THE EDF GROUP CLIMATE TRANSITION PLAN ", "TextSize": 18.0, "attributes": {"LineHeight": 21.625, "SpaceAfter": 10.625, "TextAlign": "Center"}}, {"Bounds": [70.85592651367188, 667.1682739257812, 524.5274963378906, 740.3685150146484], "Font": {"alt_family_name": "Calibri", "embedded": true, "encoding": "WinAnsiEncoding", "family_name": "Calibri", "font_type": "TrueType", "italic": false, "monospaced": false, "name": "GCFAPP+Calibri", "subset": true, "weight": 400}, "HasClip": false, "Lang": "en", "ObjectID": 383, "Page": 0, "Path": "//Document/P", "Text": "The Intergovernmental Panel on Climate Change (IPCC) has established that the warming of the atmosphere, the ocean and the land surface observed since 1750 is \"unequivocally\" caused by human1 activities. Faced with the climate emergency, the EDF Group wants to build, wherever it is present, a new energy model that emits less CO2, is more efficient and more respectful of the environment and populations2. This is in fact its raison d'\u00eatre3. ", "TextSize": 10.979995727539062, "attributes": {"LineHeight": 14.5, "SpaceAfter": 7.875, "TextAlign": "Justify"}}, {"Bounds": [70.85760498046875, 616.4898223876953, 524.4543609619141, 659.9105072021484], "Font": {"alt_family_name": "Calibri", "embedded": true, "encoding": "WinAnsiEncoding", "family_name": "Calibri", "font_type": "TrueType", "italic": true, "monospaced": false, "name": "GCFBCC+Calibri-Italic", "subset": true, "weight": 400}, "HasClip": false, "Lang": "en", "ObjectID": 389, "Page": 0, "Path": "//Document/P[2]", "Text": "Accordingly, the Group is implementing a climate transition plan based on three pillars, complemented by a governance component that meets the best practices recommended by the TCFD4. ", "TextSize": 10.979995727539062, "attributes": {"LineHeight": 14.5, "SpaceAfter": 18, "TextAlign": "Justify"}}, {"Bounds": [70.85820007324219, 594.0027770996094, 78.65400695800781, 607.4532775878906], "Font": {"alt_family_name": "Symbol", "embedded": true, "encoding": "Identity-H", "family_name": "Symbol MT", "font_type": "CIDFontType2", "italic": false, "monospaced": false, "name": "GCFBCD+SymbolMT", "subset": true, "weight": 400}, "HasClip": false, "ObjectID": 392, "Page": 0, "Path": "//Document/L/LI/Lbl", "Text": "\u2022 ", "TextSize": 10.979995727539062}, {"Bounds": [85.07730102539062, 592.5863647460938, 303.9964141845703, 607.8265991210938], "Font": {"alt_family_name": "Calibri", "embedded": true, "encoding": "WinAnsiEncoding", "family_name": "Calibri", "font_type": "TrueType", "italic": false, "monospaced": false, "name": "GCFBBA+Calibri-Bold", "subset": true, "weight": 700}, "HasClip": false, "ObjectID": 393, "Page": 0, "Path": "//Document/L/LI/LBody", "Text": "Reducing the Group's greenhouse gas emissions ", "TextSize": 10.979995727539062}, {"Bounds": [70.85820007324219, 580.0252380371094, 78.65400695800781, 593.4757385253906], "Font": {"alt_family_name": "Symbol", "embedded": true, "encoding": "Identity-H", "family_name": "Symbol MT", "font_type": "CIDFontType2", "italic": false, "monospaced": false, "name": "GCFBCD+SymbolMT", "subset": true, "weight": 400}, "HasClip": false, "ObjectID": 394, "Page": 0, "Path": "//Document/L/LI[2]/Lbl", "Text": "\u2022 ", "TextSize": 10.979995727539062}, {"Bounds": [85.07730102539062, 578.6088256835938, 306.3757781982422, 593.8490600585938], "Font": {"alt_family_name": "Calibri", "embedded": true, "encoding": "WinAnsiEncoding", "family_name": "Calibri", "font_type": "TrueType", "italic": false, "monospaced": false, "name": "GCFBBA+Calibri-Bold", "subset": true, "weight": 700}, "HasClip": false, "ObjectID": 395, "Page": 0, "Path": "//Document/L/LI[2]/LBody", "Text": "Adapting the Group's facilities to climate change ", "TextSize": 10.979995727539062}, {"Bounds": [70.83624267578125, 565.9818267822266, 78.63203430175781, 579.4323272705078], "Font": {"alt_family_name": "Symbol", "embedded": true, "encoding": "Identity-H", "family_name": "Symbol MT", "font_type": "CIDFontType2", "italic": false, "monospaced": false, "name": "GCFBCD+SymbolMT", "subset": true, "weight": 400}, "HasClip": false, "ObjectID": 396, "Page": 0, "Path": "//Document/L/LI[3]/Lbl", "Text": "\u2022 ", "TextSize": 10.979995727539062}, {"Bounds": [85.05534362792969, 564.5653991699219, 286.4478454589844, 579.8056335449219], "Font": {"alt_family_name": "Calibri", "embedded": true, "encoding": "WinAnsiEncoding", "family_name": "Calibri", "font_type": "TrueType", "italic": false, "monospaced": false, "name": "GCFBBA+Calibri-Bold", "subset": true, "weight": 700}, "HasClip": false, "ObjectID": 397, "Page": 0, "Path": "//Document/L/LI[3]/LBody", "Text": "Developing the use of low\u2010carbon electricity ", "TextSize": 10.979995727539062}, {"Bounds": [181.9199981689453, 525.9963226318359, 406.3672332763672, 544.0680847167969], "Font": {"alt_family_name": "Calibri", "embedded": true, "encoding": "WinAnsiEncoding", "family_name": "Calibri", "font_type": "TrueType", "italic": false, "monospaced": false, "name": "GCFBBA+Calibri-Bold", "subset": true, "weight": 700}, "HasClip": false, "Lang": "en", "ObjectID": 398, "Page": 0, "Path": "//Document/H1", "Text": "REDUCING THE GROUP'S GHG EMISSIONS ", "TextSize": 13.020004272460938, "attributes": {"LineHeight": 15.625, "SpaceAfter": 10, "TextAlign": "Center"}}, {"Bounds": [70.86000061035156, 503.54827880859375, 297.9266052246094, 518.7885131835938], "Font": {"alt_family_name": "Calibri", "embedded": true, "encoding": "WinAnsiEncoding", "family_name": "Calibri", "font_type": "TrueType", "italic": false, "monospaced": false, "name": "GCFBBA+Calibri-Bold", "subset": true, "weight": 700}, "HasClip": false, "Lang": "en", "ObjectID": 399, "Page": 0, "Path": "//Document/H2", "Text": "Contribute to achieving carbon neutrality by 2050 ", "TextSize": 10.979995727539062, "attributes": {"LineHeight": 13.125, "SpaceAfter": 8.125}}, {"Bounds": [70.85032653808594, 423.48667907714844, 524.457275390625, 496.14776611328125], "Font": {"alt_family_name": "Calibri", "embedded": true, "encoding": "WinAnsiEncoding", "family_name": "Calibri", "font_type": "TrueType", "italic": false, "monospaced": false, "name": "GCFAPP+Calibri", "subset": true, "weight": 400}, "HasClip": false, "Lang": "en", "ObjectID": 403, "Page": 0, "Path": "//Document/P[3]", "Text": "The EDF Group is the world's leading producer of electricity with zero direct CO25 emissions and, in relation to its production, the Group's CO2 emissions are much lower than those of other major electricity producers. Nevertheless, the Group has made a commitment since 2018 to contribute to achieving carbon neutrality, in particular by reducing its direct greenhouse gas emissions to zero or close to zero by 2050. ", "TextSize": 10.979995727539062, "attributes": {"LineHeight": 14.5, "SpaceAfter": 9.25, "TextAlign": "Justify"}}, {"Bounds": [70.87228393554688, 400.5933837890625, 279.82708740234375, 415.8336181640625], "Font": {"alt_family_name": "Calibri", "embedded": true, "encoding": "WinAnsiEncoding", "family_name": "Calibri", "font_type": "TrueType", "italic": false, "monospaced": false, "name": "GCFBBA+Calibri-Bold", "subset": true, "weight": 700}, "HasClip": false, "Lang": "en", "ObjectID": 406, "Page": 0, "Path": "//Document/H2[2]", "Text": "Defining a CO2 emissions reduction trajectory ", "TextSize": 10.979995727539062, "attributes": {"LineHeight": 13.125, "SpaceAfter": 8.125}}, {"Bounds": [70.86129760742188, 334.9988555908203, 524.4163665771484, 393.19285583496094], "Font": {"alt_family_name": "Calibri", "embedded": true, "encoding": "WinAnsiEncoding", "family_name": "Calibri", "font_type": "TrueType", "italic": false, "monospaced": false, "name": "GCFAPP+Calibri", "subset": true, "weight": 400}, "HasClip": false, "Lang": "en", "ObjectID": 407, "Page": 0, "Path": "//Document/P[4]", "Text": "The Group has aligned its ambitions with the Paris Climate Agreement and has set greenhouse gas reduction targets for 2030 with a milestone in 2023, covering both its direct emissions (scope 1) and indirect emissions (scope 2 and 3). This target trajectory has been validated as \"Well Below 2\u00b0C\" by the Science Based Targets initiative. ", "TextSize": 10.979995727539062, "attributes": {"LineHeight": 14.5, "SpaceAfter": 18, "TextAlign": "Justify"}}, {"Bounds": [71.33999633789062, 256.92413330078125, 515.1268157958984, 313.4311828613281], "ObjectID": 449, "Page": 0, "Path": "//Document/Table", "attributes": {"BBox": [71.03709999999774, 271.4229999999952, 440.6219999999885, 312.7019999999902], "NumCol": 3, "NumRow": 3, "Placement": "Block", "SpaceAfter": 18}}, {"Bounds": [183.0, 299.52342224121094, 245.00149536132812, 313.4311828613281], "ObjectID": 481, "Page": 0, "Path": "//Document/Table/TR/TH", "attributes": {"BBox": [70.79709999999977, 291.82199999998556, 356.98499999998603, 313.4219999999914], "BackgroundColor": [0.945098999999999, 0.945098999999999, 0.945098999999999], "BlockAlign": "Before", "BorderColor": [[0, 0, 0], [0, 0, 0], null, null], "BorderStyle": ["Double", "Double", "None", "None"], "BorderThickness": [0.75, 0.375, 0, 0], "ColIndex": 0, "Height": 21.625, "InlineAlign": "Center", "RowIndex": 0, "Width": 286.25}}, {"Bounds": [183.0, 299.52342224121094, 245.00149536132812, 313.4311828613281], "Font": {"alt_family_name": "Calibri", "embedded": true, "encoding": "WinAnsiEncoding", "family_name": "Calibri", "font_type": "TrueType", "italic": false, "monospaced": false, "name": "GCFBBA+Calibri-Bold", "subset": true, "weight": 700}, "HasClip": false, "Lang": "en", "ObjectID": 408, "Page": 0, "Path": "//Document/Table/TR/TH/P", "Text": "SBTI objectives ", "TextSize": 10.020004272460938, "attributes": {"LineHeight": 12}}, {"Bounds": [375.47999572753906, 299.52342224121094, 423.74269104003906, 313.4311828613281], "ObjectID": 482, "Page": 0, "Path": "//Document/Table/TR/TH[2]", "attributes": {"BBox": [356.98499999998603, 292.18199999998615, 440.6219999999885, 312.7019999999902], "BackgroundColor": [0.945098999999999, 0.945098999999999, 0.945098999999999], "BlockAlign": "Before", "ColIndex": 1, "Height": 20.5, "InlineAlign": "Center", "RowIndex": 0, "Width": 83.625}}, {"Bounds": [375.47999572753906, 299.52342224121094, 423.74269104003906, 313.4311828613281], "Font": {"alt_family_name": "Calibri", "embedded": true, "encoding": "WinAnsiEncoding", "family_name": "Calibri", "font_type": "TrueType", "italic": false, "monospaced": false, "name": "GCFBBA+Calibri-Bold", "subset": true, "weight": 700}, "HasClip": false, "Lang": "en", "ObjectID": 409, "Page": 0, "Path": "//Document/Table/TR/TH[2]/P", "Text": "Target 2030 ", "TextSize": 10.020004272460938, "attributes": {"LineHeight": 12}}, {"Bounds": [451.13999938964844, 299.52342224121094, 515.1268157958984, 313.4311828613281], "ObjectID": 483, "Page": 0, "Path": "//Document/Table/TR/TH[3]", "attributes": {"BBox": [440.6219999999885, 292.18199999998615, 524.618999999977, 312.7019999999902], "BackgroundColor": [0.945098999999999, 0.945098999999999, 0.945098999999999], "BlockAlign": "Before", "ColIndex": 2, "Height": 20.5, "InlineAlign": "Start", "RowIndex": 0, "Width": 84}}, {"Bounds": [451.13999938964844, 299.52342224121094, 515.1268157958984, 313.4311828613281], "Font": {"alt_family_name": "Calibri", "embedded": true, "encoding": "WinAnsiEncoding", "family_name": "Calibri", "font_type": "TrueType", "italic": false, "monospaced": false, "name": "GCFBBA+Calibri-Bold", "subset": true, "weight": 700}, "HasClip": false, "Lang": "en", "ObjectID": 410, "Page": 0, "Path": "//Document/Table/TR/TH[3]/P", "Text": "Update to 2021 ", "TextSize": 10.020004272460938, "attributes": {"LineHeight": 12}}, {"Bounds": [71.33999633789062, 277.6840362548828, 324.70538330078125, 291.10081481933594], "ObjectID": 467, "Page": 0, "Path": "//Document/Table/TR[2]/TD", "attributes": {"BBox": [71.03709999999774, 271.06299999999464, 356.98499999998603, 292.54199999998673], "BackgroundColor": [1, 1, 1], "BlockAlign": "Before", "BorderColor": [[0, 0, 0], [0, 0, 0], null, null], "BorderStyle": ["Double", "Double", "None", "None"], "BorderThickness": [0.375, 0.375, 0, 0], "ColIndex": 0, "Height": 21.5, "InlineAlign": "Start", "RowIndex": 1, "Width": 286}}, {"Bounds": [71.33999633789062, 277.6840362548828, 324.70538330078125, 291.10081481933594], "Font": {"alt_family_name": "Calibri", "embedded": true, "encoding": "WinAnsiEncoding", "family_name": "Calibri", "font_type": "TrueType", "italic": false, "monospaced": false, "name": "GCFAPP+Calibri", "subset": true, "weight": 400}, "HasClip": false, "Lang": "en", "ObjectID": 476, "Page": 0, "Path": "//Document/Table/TR[2]/TD/P", "Text": "Emission reduction rate associated with the sale of electricity 6 ", "TextSize": 6.4799957275390625, "attributes": {"LineHeight": 12}}, {"Bounds": [388.6195068359375, 279.1239471435547, 409.0635223388672, 292.5407257080078], "ObjectID": 468, "Page": 0, "Path": "//Document/Table/TR[2]/TD[2]", "attributes": {"BBox": [356.98499999998603, 271.4229999999952, 440.6219999999885, 292.18199999998615], "BlockAlign": "Before", "ColIndex": 1, "Height": 20.75, "InlineAlign": "Center", "RowIndex": 1, "Width": 83.625}}, {"Bounds": [388.6195068359375, 279.1239471435547, 409.0635223388672, 292.5407257080078], "Font": {"alt_family_name": "Calibri", "embedded": true, "encoding": "Identity-H", "family_name": "Calibri", "font_type": "CIDFontType2", "italic": false, "monospaced": false, "name": "GCFANO+Calibri", "subset": true, "weight": 400}, "HasClip": false, "Lang": "en", "ObjectID": 413, "Page": 0, "Path": "//Document/Table/TR[2]/TD[2]/P", "Text": "\u201050%", "TextSize": 10.020004272460938, "attributes": {"LineHeight": 12}}, {"Bounds": [408.9500732421875, 279.1239471435547, 492.7215576171875, 292.5407257080078], "ObjectID": 469, "Page": 0, "Path": "//Document/Table/TR[2]/TD[3]", "attributes": {"BBox": [440.6219999999885, 271.4229999999952, 524.618999999977, 292.18199999998615], "BlockAlign": "Before", "ColIndex": 2, "Height": 20.75, "InlineAlign": "Center", "RowIndex": 1, "Width": 84}}, {"Bounds": [408.9500732421875, 279.1239471435547, 492.7215576171875, 292.5407257080078], "Font": {"alt_family_name": "Calibri", "embedded": true, "encoding": "Identity-H", "family_name": "Calibri", "font_type": "CIDFontType2", "italic": false, "monospaced": false, "name": "GCFANO+Calibri", "subset": true, "weight": 400}, "HasClip": false, "Lang": "en", "ObjectID": 415, "Page": 0, "Path": "//Document/Table/TR[2]/TD[3]/P/NbspModSpan", "Text": " \u201028% ", "TextSize": 10.020004272460938, "attributes": {"LineHeight": 12}}, {"Bounds": [71.33999633789062, 256.92413330078125, 325.3053894042969, 270.34092712402344], "ObjectID": 453, "Page": 0, "Path": "//Document/Table/TR[3]/TD", "attributes": {"BBox": [71.03709999999774, 249.46399999999994, 356.98499999998603, 271.7829999999958], "BackgroundColor": [1, 1, 1], "BlockAlign": "Before", "BorderColor": [[0, 0, 0], [0, 0, 0], null, null], "BorderStyle": ["Double", "Double", "None", "None"], "BorderThickness": [0.375, 0.75, 0, 0], "ColIndex": 0, "Height": 22.375, "InlineAlign": "Start", "RowIndex": 2, "Width": 286}}, {"Bounds": [71.33999633789062, 256.92413330078125, 325.3053894042969, 270.34092712402344], "Font": {"alt_family_name": "Calibri", "embedded": true, "encoding": "WinAnsiEncoding", "family_name": "Calibri", "font_type": "TrueType", "italic": false, "monospaced": false, "name": "GCFAPP+Calibri", "subset": true, "weight": 400}, "HasClip": false, "Lang": "en", "ObjectID": 462, "Page": 0, "Path": "//Document/Table/TR[3]/TD/P", "Text": "Rate of reduction of emissions associated with the sale of gas 7 ", "TextSize": 6.4799957275390625, "attributes": {"LineHeight": 12}}, {"Bounds": [388.2595977783203, 258.42413330078125, 408.70361328125, 271.84092712402344], "ObjectID": 454, "Page": 0, "Path": "//Document/Table/TR[3]/TD[2]", "attributes": {"BBox": [356.98499999998603, 250.18399999999383, 440.6219999999885, 271.4229999999952], "BlockAlign": "Before", "ColIndex": 1, "Height": 21.25, "InlineAlign": "Center", "RowIndex": 2, "Width": 83.625}}, {"Bounds": [388.2595977783203, 258.42413330078125, 408.70361328125, 271.84092712402344], "Font": {"alt_family_name": "Calibri", "embedded": true, "encoding": "Identity-H", "family_name": "Calibri", "font_type": "CIDFontType2", "italic": false, "monospaced": false, "name": "GCFANO+Calibri", "subset": true, "weight": 400}, "HasClip": false, "Lang": "en", "ObjectID": 418, "Page": 0, "Path": "//Document/Table/TR[3]/TD[2]/P", "Text": "\u201028%", "TextSize": 10.020004272460938, "attributes": {"LineHeight": 12}}, {"Bounds": [408.60020446777344, 258.42413330078125, 492.3152313232422, 271.84092712402344], "ObjectID": 455, "Page": 0, "Path": "//Document/Table/TR[3]/TD[3]", "attributes": {"BBox": [440.6219999999885, 250.18399999999383, 524.618999999977, 271.4229999999952], "BlockAlign": "Before", "ColIndex": 2, "Height": 21.25, "InlineAlign": "Center", "RowIndex": 2, "Width": 84}}, {"Bounds": [408.60020446777344, 258.42413330078125, 492.3152313232422, 271.84092712402344], "Font": {"alt_family_name": "Calibri", "embedded": true, "encoding": "Identity-H", "family_name": "Calibri", "font_type": "CIDFontType2", "italic": false, "monospaced": false, "name": "GCFANO+Calibri", "subset": true, "weight": 400}, "HasClip": false, "Lang": "en", "ObjectID": 420, "Page": 0, "Path": "//Document/Table/TR[3]/TD[3]/P/NbspModSpan", "Text": " \u201024% ", "TextSize": 10.020004272460938, "attributes": {"LineHeight": 12}}, {"Bounds": [70.86000061035156, 222.00289916992188, 524.3124694824219, 251.16578674316406], "Font": {"alt_family_name": "Calibri", "embedded": true, "encoding": "WinAnsiEncoding", "family_name": "Calibri", "font_type": "TrueType", "italic": false, "monospaced": false, "name": "GCFAPP+Calibri", "subset": true, "weight": 400}, "HasClip": false, "Lang": "en", "ObjectID": 423, "Page": 0, "Path": "//Document/P[5]", "Text": "This trajectory corresponds to an absolute level of direct greenhouse gas emissions of 25 MtCO2 by 2030. ", "TextSize": 10.979995727539062, "attributes": {"LineHeight": 14.5, "SpaceAfter": 18}}, {"Bounds": [70.86000061035156, 130.0417938232422, 111.05479431152344, 136.83949279785156], "Font": {"alt_family_name": "Arial", "embedded": true, "encoding": "WinAnsiEncoding", "family_name": "Arial MT", "font_type": "TrueType", "italic": false, "monospaced": false, "name": "GCFBEE+ArialMT", "subset": true, "weight": 400}, "HasClip": false, "Lang": "en", "ObjectID": 424, "Page": 0, "Path": "//Document/Footnote", "Text": "1  See the IPCC ", "TextSize": 4.9799957275390625, "attributes": {"LineHeight": 6, "SpaceAfter": -6}}, {"Bounds": [111.11334228515625, 130.0417938232422, 278.94090270996094, 136.83949279785156], "Font": {"alt_family_name": "Arial", "embedded": true, "encoding": "WinAnsiEncoding", "family_name": "Arial MT", "font_type": "TrueType", "italic": false, "monospaced": false, "name": "GCFBEE+ArialMT", "subset": true, "weight": 400}, "HasClip": false, "Lang": "en", "ObjectID": 425, "Page": 0, "Path": "//Document/Footnote[2]", "Text": "6th Assessment Report (August 2021) - https://www.ipcc.ch/report/ar6/wg1/ ", "TextSize": 4.9799957275390625, "attributes": {"LineHeight": 6}}, {"Bounds": [70.86000061035156, 121.88180541992188, 185.0164794921875, 128.67950439453125], "Font": {"alt_family_name": "Arial", "embedded": true, "encoding": "WinAnsiEncoding", "family_name": "Arial MT", "font_type": "TrueType", "italic": false, "monospaced": false, "name": "GCFBEE+ArialMT", "subset": true, "weight": 400}, "HasClip": false, "Lang": "en", "ObjectID": 427, "Page": 0, "Path": "//Document/Footnote[3]", "Text": "2  See the EDF Group report on the just transition ", "TextSize": 4.9799957275390625, "attributes": {"LineHeight": 6}}, {"Bounds": [70.86000061035156, 105.92587280273438, 516.2100067138672, 120.7015380859375], "Font": {"alt_family_name": "Arial", "embedded": true, "encoding": "WinAnsiEncoding", "family_name": "Arial MT", "font_type": "TrueType", "italic": false, "monospaced": false, "name": "GCFBEE+ArialMT", "subset": true, "weight": 400}, "HasClip": false, "Lang": "en", "ObjectID": 428, "Page": 0, "Path": "//Document/Footnote[4]", "Text": "3  Now enshrined in EDF's Articles of Association, the Group's raison d'\u00eatre is at the heart of its business model and CAP 2030 strategy: \"To build a net zero energy future with electricity and innovative solutions and services, to help save the planet and drive wellbeing and economic development\u201d ", "TextSize": 4.9799957275390625, "attributes": {"LineHeight": 8}}, {"Bounds": [70.86000061035156, 97.55029296875, 188.3168182373047, 105.74029541015625], "Font": {"alt_family_name": "Arial", "embedded": true, "encoding": "WinAnsiEncoding", "family_name": "Arial MT", "font_type": "TrueType", "italic": false, "monospaced": false, "name": "GCFBEE+ArialMT", "subset": true, "weight": 400}, "HasClip": false, "Lang": "en", "ObjectID": 429, "Page": 0, "Path": "//Document/Footnote[5]", "Text": "4  Taskforce on Climate related Financial Disclosure ", "TextSize": 6.0, "attributes": {"LineHeight": 7.25}}, {"Bounds": [70.86198425292969, 89.90383911132812, 181.9106903076172, 96.7015380859375], "Font": {"alt_family_name": "Arial", "embedded": true, "encoding": "WinAnsiEncoding", "family_name": "Arial MT", "font_type": "TrueType", "italic": false, "monospaced": false, "name": "GCFBEE+ArialMT", "subset": true, "weight": 400}, "HasClip": false, "Lang": "en", "ObjectID": 430, "Page": 0, "Path": "//Document/Footnote[6]", "Text": "5    https://power-producers-ranking.enerdata.net/ ", "TextSize": 4.9799957275390625, "attributes": {"LineHeight": 6}}, {"Bounds": [70.86000061035156, 81.92179870605469, 463.8910217285156, 88.71949768066406], "Font": {"alt_family_name": "Arial", "embedded": true, "encoding": "WinAnsiEncoding", "family_name": "Arial MT", "font_type": "TrueType", "italic": false, "monospaced": false, "name": "GCFBEE+ArialMT", "subset": true, "weight": 400}, "HasClip": false, "Lang": "en", "ObjectID": 432, "Page": 0, "Path": "//Document/Footnote[7]", "Text": "6  Scopes 1 and 2 emissions, also including emissions from non-consolidated assets and emissions associated with electricity purchased for sale to end-customers (2017 base) ", "TextSize": 4.9799957275390625, "attributes": {"LineHeight": 6}}, {"Bounds": [70.86000061035156, 73.87910461425781, 231.42092895507812, 80.67680358886719], "Font": {"alt_family_name": "Arial", "embedded": true, "encoding": "WinAnsiEncoding", "family_name": "Arial MT", "font_type": "TrueType", "italic": false, "monospaced": false, "name": "GCFBEE+ArialMT", "subset": true, "weight": 400}, "HasClip": false, "Lang": "en", "ObjectID": 433, "Page": 0, "Path": "//Document/Footnote[8]", "Text": "7  Combustion emissions from gas sold to final customers (Base 2019) ", "TextSize": 4.9799957275390625, "attributes": {"LineHeight": 6}}, {"Bounds": [70.86000061035156, 756.8082733154297, 336.6607360839844, 772.0485229492188], "Font": {"alt_family_name": "Calibri", "embedded": true, "encoding": "WinAnsiEncoding", "family_name": "Calibri", "font_type": "TrueType", "italic": false, "monospaced": false, "name": "GCFBBA+Calibri-Bold", "subset": true, "weight": 700}, "HasClip": false, "Lang": "en", "ObjectID": 652, "Page": 1, "Path": "//Document/H2[3]", "Text": "Managing various levers to decarbonise power generation ", "TextSize": 10.979995727539062, "attributes": {"LineHeight": 13.125, "SpaceAfter": 9}}, {"Bounds": [70.84901428222656, 694.4440460205078, 524.4790649414062, 749.6053924560547], "Font": {"alt_family_name": "Calibri", "embedded": true, "encoding": "WinAnsiEncoding", "family_name": "Calibri", "font_type": "TrueType", "italic": false, "monospaced": false, "name": "GCFAPP+Calibri", "subset": true, "weight": 400}, "HasClip": false, "Lang": "en", "ObjectID": 653, "Page": 1, "Path": "//Document/P[6]", "Text": "Over the past 20 years, the Group has implemented and supported the closure of 48 coal and heavy8 fuel oil units, which has reduced the annual greenhouse gas emissions of the European electricity sector by more than 40 MtCO2e9. In 2019, the EDF Group committed to stop generating coal\u2010based electricity by 2030, across all geographies. ", "TextSize": 10.979995727539062, "attributes": {"LineHeight": 13.5, "SpaceAfter": 2.875, "TextAlign": "Justify"}}, {"Bounds": [70.8511962890625, 618.6276245117188, 524.5453338623047, 691.8307952880859], "Font": {"alt_family_name": "Calibri", "embedded": true, "encoding": "WinAnsiEncoding", "family_name": "Calibri", "font_type": "TrueType", "italic": false, "monospaced": false, "name": "GCFAPP+Calibri", "subset": true, "weight": 400}, "HasClip": false, "Lang": "en", "ObjectID": 658, "Page": 1, "Path": "//Document/P[7]", "Text": "The Group is committed to the greening of its heating networks and has defined a set of criteria in favour of decarbonised thermal energy to align its gas activities with its climate commitments. In the island territories, the EDF Group is, for example, gradually replacing fuel oil with liquid biomass in existing thermal power plants. The Group uses alternative technologies to SF6 as soon as possible and is working to reduce the climate impact of HFCs. ", "TextSize": 10.979995727539062, "attributes": {"LineHeight": 14.5, "SpaceAfter": 18, "TextAlign": "Justify"}}, {"Bounds": [70.8511962890625, 596.1295928955078, 266.45497131347656, 611.3698425292969], "Font": {"alt_family_name": "Calibri", "embedded": true, "encoding": "WinAnsiEncoding", "family_name": "Calibri", "font_type": "TrueType", "italic": false, "monospaced": false, "name": "GCFBBA+Calibri-Bold", "subset": true, "weight": 700}, "HasClip": false, "Lang": "en", "ObjectID": 662, "Page": 1, "Path": "//Document/H2[4]", "Text": "Measuring the reduction of GHG emissions ", "TextSize": 10.979995727539062, "attributes": {"LineHeight": 13.125, "SpaceAfter": 7.875}}, {"Bounds": [70.84022521972656, 530.5279998779297, 524.4875335693359, 588.871826171875], "Font": {"alt_family_name": "Calibri", "embedded": true, "encoding": "WinAnsiEncoding", "family_name": "Calibri", "font_type": "TrueType", "italic": false, "monospaced": false, "name": "GCFAPP+Calibri", "subset": true, "weight": 400}, "HasClip": false, "Lang": "en", "ObjectID": 663, "Page": 1, "Path": "//Document/P[8]", "Text": "Since 2011, the EDF Group has published its complete greenhouse gas emissions assessment each year, showing that the Group's direct and indirect emissions are falling at a steady pace. The Group's initial target of direct emissions of between 28 and 30 MtCO2e by 2023 has been achieved two years ahead of schedule. The Group has already begun to review its emissions trajectory to 2030. ", "TextSize": 10.979995727539062, "attributes": {"LineHeight": 14.5, "SpaceAfter": 13.75, "TextAlign": "Justify"}}, {"Bounds": [71.33999633789062, 470.7640380859375, 500.24700927734375, 522.4110870361328], "ObjectID": 713, "Page": 1, "Path": "//Document/Table[2]", "attributes": {"BBox": [71.03709999999774, 483.69499999999243, 455.74099999999453, 521.7329999999783], "NumCol": 4, "NumRow": 4, "Placement": "Block", "SpaceAfter": 16.5}}, {"Bounds": [72.1199951171875, 508.5033264160156, 315.9706268310547, 522.4110870361328], "ObjectID": 770, "Page": 1, "Path": "//Document/Table[2]/TR/TH", "attributes": {"BBox": [70.79709999999977, 508.17399999999907, 318.94699999998556, 522.4529999999795], "BackgroundColor": [0.945098999999999, 0.945098999999999, 0.945098999999999], "BlockAlign": "Middle", "BorderColor": [[0, 0, 0], [0, 0, 0], null, null], "BorderStyle": ["Double", "Double", "None", "None"], "BorderThickness": [0.75, 0.375, 0, 0], "ColIndex": 0, "Height": 14.25, "InlineAlign": "Start", "RowIndex": 0, "Width": 248.125}}, {"Bounds": [72.1199951171875, 508.5033264160156, 315.9706268310547, 522.4110870361328], "Font": {"alt_family_name": "Calibri", "embedded": true, "encoding": "WinAnsiEncoding", "family_name": "Calibri", "font_type": "TrueType", "italic": true, "monospaced": false, "name": "GCFBCC+Calibri-Italic", "subset": true, "weight": 400}, "HasClip": false, "Lang": "en", "ObjectID": 777, "Page": 1, "Path": "//Document/Table[2]/TR/TH/P", "Text": "EDF Group greenhouse gas emissions assessment (MtCO2e) ", "TextSize": 10.020004272460938, "attributes": {"LineHeight": 12}}, {"Bounds": [343.0800018310547, 508.5033264160156, 363.447021484375, 522.4110870361328], "ObjectID": 771, "Page": 1, "Path": "//Document/Table[2]/TR/TH[2]", "attributes": {"BBox": [318.94699999998556, 509.1339999999909, 387.3439999999973, 521.7329999999783], "BackgroundColor": [0.945098999999999, 0.945098999999999, 0.945098999999999], "BlockAlign": "Middle", "ColIndex": 1, "Height": 12.625, "InlineAlign": "Center", "RowIndex": 0, "Width": 68.375}}, {"Bounds": [343.0800018310547, 508.5033264160156, 363.447021484375, 522.4110870361328], "Font": {"alt_family_name": "Calibri", "embedded": true, "encoding": "WinAnsiEncoding", "family_name": "Calibri", "font_type": "TrueType", "italic": false, "monospaced": false, "name": "GCFBBA+Calibri-Bold", "subset": true, "weight": 700}, "HasClip": false, "Lang": "en", "ObjectID": 670, "Page": 1, "Path": "//Document/Table[2]/TR/TH[2]/P", "Text": "2019 ", "TextSize": 10.020004272460938, "attributes": {"LineHeight": 12}}, {"Bounds": [411.47999572753906, 508.5033264160156, 431.8470153808594, 522.4110870361328], "ObjectID": 772, "Page": 1, "Path": "//Document/Table[2]/TR/TH[3]", "attributes": {"BBox": [387.3439999999973, 509.1339999999909, 455.74099999999453, 521.7329999999783], "BackgroundColor": [0.945098999999999, 0.945098999999999, 0.945098999999999], "BlockAlign": "Middle", "ColIndex": 2, "Height": 12.625, "InlineAlign": "Center", "RowIndex": 0, "Width": 68.375}}, {"Bounds": [411.47999572753906, 508.5033264160156, 431.8470153808594, 522.4110870361328], "Font": {"alt_family_name": "Calibri", "embedded": true, "encoding": "WinAnsiEncoding", "family_name": "Calibri", "font_type": "TrueType", "italic": false, "monospaced": false, "name": "GCFBBA+Calibri-Bold", "subset": true, "weight": 700}, "HasClip": false, "Lang": "en", "ObjectID": 671, "Page": 1, "Path": "//Document/Table[2]/TR/TH[3]/P", "Text": "2020 ", "TextSize": 10.020004272460938, "attributes": {"LineHeight": 12}}, {"Bounds": [479.8800048828125, 508.5033264160156, 500.24700927734375, 522.4110870361328], "ObjectID": 773, "Page": 1, "Path": "//Document/Table[2]/TR/TH[4]", "attributes": {"BBox": [455.74099999999453, 509.1339999999909, 524.618999999977, 521.7329999999783], "BackgroundColor": [0.945098999999999, 0.945098999999999, 0.945098999999999], "BlockAlign": "Middle", "ColIndex": 3, "Height": 12.625, "InlineAlign": "Center", "RowIndex": 0, "Width": 68.875}}, {"Bounds": [479.8800048828125, 508.5033264160156, 500.24700927734375, 522.4110870361328], "Font": {"alt_family_name": "Calibri", "embedded": true, "encoding": "WinAnsiEncoding", "family_name": "Calibri", "font_type": "TrueType", "italic": false, "monospaced": false, "name": "GCFBBA+Calibri-Bold", "subset": true, "weight": 700}, "HasClip": false, "Lang": "en", "ObjectID": 672, "Page": 1, "Path": "//Document/Table[2]/TR/TH[4]/P", "Text": "2021 ", "TextSize": 10.020004272460938, "attributes": {"LineHeight": 12}}, {"Bounds": [71.33999633789062, 496.14404296875, 313.71722412109375, 509.5608215332031], "ObjectID": 760, "Page": 1, "Path": "//Document/Table[2]/TR[2]/TD", "attributes": {"BBox": [71.03709999999774, 495.8139999999985, 318.94699999998556, 509.4939999999915], "BackgroundColor": [1, 1, 1], "BlockAlign": "Middle", "BorderColor": [[0, 0, 0], [0, 0, 0], null, null], "BorderStyle": ["Double", "Double", "None", "None"], "BorderThickness": [0.375, 0.375, 0, 0], "ColIndex": 0, "Height": 13.625, "InlineAlign": "Start", "RowIndex": 1, "Width": 247.875}}, {"Bounds": [71.33999633789062, 496.14404296875, 313.71722412109375, 509.5608215332031], "Font": {"alt_family_name": "Calibri", "embedded": true, "encoding": "WinAnsiEncoding", "family_name": "Calibri", "font_type": "TrueType", "italic": false, "monospaced": false, "name": "GCFAPP+Calibri", "subset": true, "weight": 400}, "HasClip": false, "Lang": "en", "ObjectID": 767, "Page": 1, "Path": "//Document/Table[2]/TR[2]/TD/P", "Text": "Scope 1 emissions (target 25 in 2030, and from 28 to 30 in 2023) ", "TextSize": 10.020004272460938, "attributes": {"LineHeight": 12}}, {"Bounds": [347.75999450683594, 496.14404296875, 357.98365783691406, 509.5608215332031], "ObjectID": 761, "Page": 1, "Path": "//Document/Table[2]/TR[2]/TD[2]", "attributes": {"BBox": [318.94699999998556, 496.41399999998976, 387.3439999999973, 509.1339999999909], "BlockAlign": "Middle", "ColIndex": 1, "Height": 12.75, "InlineAlign": "Center", "RowIndex": 1, "Width": 68.375}}, {"Bounds": [347.75999450683594, 496.14404296875, 357.98365783691406, 509.5608215332031], "Font": {"alt_family_name": "Calibri", "embedded": true, "encoding": "WinAnsiEncoding", "family_name": "Calibri", "font_type": "TrueType", "italic": false, "monospaced": false, "name": "GCFAPP+Calibri", "subset": true, "weight": 400}, "HasClip": false, "Lang": "en", "ObjectID": 674, "Page": 1, "Path": "//Document/Table[2]/TR[2]/TD[2]/P", "Text": "33 ", "TextSize": 10.020004272460938, "attributes": {"LineHeight": 12}}, {"Bounds": [416.1565246582031, 496.14404296875, 426.3801727294922, 509.5608215332031], "ObjectID": 762, "Page": 1, "Path": "//Document/Table[2]/TR[2]/TD[3]", "attributes": {"BBox": [387.3439999999973, 496.41399999998976, 455.74099999999453, 509.1339999999909], "BlockAlign": "Middle", "ColIndex": 2, "Height": 12.75, "InlineAlign": "Center", "RowIndex": 1, "Width": 68.375}}, {"Bounds": [416.1565246582031, 496.14404296875, 426.3801727294922, 509.5608215332031], "Font": {"alt_family_name": "Calibri", "embedded": true, "encoding": "WinAnsiEncoding", "family_name": "Calibri", "font_type": "TrueType", "italic": false, "monospaced": false, "name": "GCFAPP+Calibri", "subset": true, "weight": 400}, "HasClip": false, "Lang": "en", "ObjectID": 675, "Page": 1, "Path": "//Document/Table[2]/TR[2]/TD[3]/P", "Text": "28 ", "TextSize": 10.020004272460938, "attributes": {"LineHeight": 12}}, {"Bounds": [484.55303955078125, 496.14404296875, 494.7766876220703, 509.5608215332031], "ObjectID": 763, "Page": 1, "Path": "//Document/Table[2]/TR[2]/TD[4]", "attributes": {"BBox": [455.74099999999453, 496.41399999998976, 524.618999999977, 509.1339999999909], "BlockAlign": "Middle", "ColIndex": 3, "Height": 12.75, "InlineAlign": "Center", "RowIndex": 1, "Width": 68.875}}, {"Bounds": [484.55303955078125, 496.14404296875, 494.7766876220703, 509.5608215332031], "Font": {"alt_family_name": "Calibri", "embedded": true, "encoding": "WinAnsiEncoding", "family_name": "Calibri", "font_type": "TrueType", "italic": false, "monospaced": false, "name": "GCFAPP+Calibri", "subset": true, "weight": 400}, "HasClip": false, "Lang": "en", "ObjectID": 676, "Page": 1, "Path": "//Document/Table[2]/TR[2]/TD[4]/P", "Text": "27 ", "TextSize": 10.020004272460938, "attributes": {"LineHeight": 12}}, {"Bounds": [71.33999633789062, 483.4840393066406, 145.0370330810547, 496.90081787109375], "ObjectID": 752, "Page": 1, "Path": "//Document/Table[2]/TR[3]/TD", "attributes": {"BBox": [71.03709999999774, 483.2149999999965, 318.94699999998556, 496.77399999999034], "BackgroundColor": [1, 1, 1], "BlockAlign": "Middle", "BorderColor": [[0, 0, 0], [0, 0, 0], null, null], "BorderStyle": ["Double", "Double", "None", "None"], "BorderThickness": [0.375, 0.375, 0, 0], "ColIndex": 0, "Height": 13.5, "InlineAlign": "Start", "RowIndex": 2, "Width": 247.875}}, {"Bounds": [71.33999633789062, 483.4840393066406, 145.0370330810547, 496.90081787109375], "Font": {"alt_family_name": "Calibri", "embedded": true, "encoding": "WinAnsiEncoding", "family_name": "Calibri", "font_type": "TrueType", "italic": false, "monospaced": false, "name": "GCFAPP+Calibri", "subset": true, "weight": 400}, "HasClip": false, "Lang": "en", "ObjectID": 677, "Page": 1, "Path": "//Document/Table[2]/TR[3]/TD/P", "Text": "Scope 2 emissions ", "TextSize": 10.020004272460938, "attributes": {"LineHeight": 12}}, {"Bounds": [346.5092468261719, 483.4840393066406, 359.2589874267578, 496.90081787109375], "ObjectID": 753, "Page": 1, "Path": "//Document/Table[2]/TR[3]/TD[2]", "attributes": {"BBox": [318.94699999998556, 483.69499999999243, 387.3439999999973, 496.41399999998976], "BlockAlign": "Middle", "ColIndex": 1, "Height": 12.75, "InlineAlign": "Center", "RowIndex": 2, "Width": 68.375}}, {"Bounds": [346.5092468261719, 483.4840393066406, 359.2589874267578, 496.90081787109375], "Font": {"alt_family_name": "Calibri", "embedded": true, "encoding": "WinAnsiEncoding", "family_name": "Calibri", "font_type": "TrueType", "italic": false, "monospaced": false, "name": "GCFAPP+Calibri", "subset": true, "weight": 400}, "HasClip": false, "Lang": "en", "ObjectID": 678, "Page": 1, "Path": "//Document/Table[2]/TR[3]/TD[2]/P", "Text": "0,3 ", "TextSize": 10.020004272460938, "attributes": {"LineHeight": 12}}, {"Bounds": [414.90576171875, 483.4840393066406, 427.655517578125, 496.90081787109375], "ObjectID": 754, "Page": 1, "Path": "//Document/Table[2]/TR[3]/TD[3]", "attributes": {"BBox": [387.3439999999973, 483.69499999999243, 455.74099999999453, 496.41399999998976], "BlockAlign": "Middle", "ColIndex": 2, "Height": 12.75, "InlineAlign": "Center", "RowIndex": 2, "Width": 68.375}}, {"Bounds": [414.90576171875, 483.4840393066406, 427.655517578125, 496.90081787109375], "Font": {"alt_family_name": "Calibri", "embedded": true, "encoding": "WinAnsiEncoding", "family_name": "Calibri", "font_type": "TrueType", "italic": false, "monospaced": false, "name": "GCFAPP+Calibri", "subset": true, "weight": 400}, "HasClip": false, "Lang": "en", "ObjectID": 679, "Page": 1, "Path": "//Document/Table[2]/TR[3]/TD[3]/P", "Text": "0,3 ", "TextSize": 10.020004272460938, "attributes": {"LineHeight": 12}}, {"Bounds": [483.3022766113281, 483.4840393066406, 496.0520324707031, 496.90081787109375], "ObjectID": 755, "Page": 1, "Path": "//Document/Table[2]/TR[3]/TD[4]", "attributes": {"BBox": [455.74099999999453, 483.69499999999243, 524.618999999977, 496.41399999998976], "BlockAlign": "Middle", "ColIndex": 3, "Height": 12.75, "InlineAlign": "Center", "RowIndex": 2, "Width": 68.875}}, {"Bounds": [483.3022766113281, 483.4840393066406, 496.0520324707031, 496.90081787109375], "Font": {"alt_family_name": "Calibri", "embedded": true, "encoding": "WinAnsiEncoding", "family_name": "Calibri", "font_type": "TrueType", "italic": false, "monospaced": false, "name": "GCFAPP+Calibri", "subset": true, "weight": 400}, "HasClip": false, "Lang": "en", "ObjectID": 680, "Page": 1, "Path": "//Document/Table[2]/TR[3]/TD[4]/P", "Text": "0,3 ", "TextSize": 10.020004272460938, "attributes": {"LineHeight": 12}}, {"Bounds": [71.33999633789062, 470.7640380859375, 145.0370330810547, 484.1808166503906], "ObjectID": 744, "Page": 1, "Path": "//Document/Table[2]/TR[4]/TD", "attributes": {"BBox": [71.03709999999774, 469.7749999999942, 318.94699999998556, 484.054999999993], "BackgroundColor": [1, 1, 1], "BlockAlign": "Middle", "BorderColor": [[0, 0, 0], [0, 0, 0], null, null], "BorderStyle": ["Double", "Double", "None", "None"], "BorderThickness": [0.375, 0.75, 0, 0], "ColIndex": 0, "Height": 14.25, "InlineAlign": "Start", "RowIndex": 3, "Width": 247.875}}, {"Bounds": [71.33999633789062, 470.7640380859375, 145.0370330810547, 484.1808166503906], "Font": {"alt_family_name": "Calibri", "embedded": true, "encoding": "WinAnsiEncoding", "family_name": "Calibri", "font_type": "TrueType", "italic": false, "monospaced": false, "name": "GCFAPP+Calibri", "subset": true, "weight": 400}, "HasClip": false, "Lang": "en", "ObjectID": 681, "Page": 1, "Path": "//Document/Table[2]/TR[4]/TD/P", "Text": "Scope 3 emissions ", "TextSize": 10.020004272460938, "attributes": {"LineHeight": 12}}, {"Bounds": [345.24671936035156, 470.7640380859375, 360.512451171875, 484.1808166503906], "ObjectID": 745, "Page": 1, "Path": "//Document/Table[2]/TR[4]/TD[2]", "attributes": {"BBox": [318.94699999998556, 470.49499999999534, 387.3439999999973, 483.69499999999243], "BlockAlign": "Middle", "ColIndex": 1, "Height": 13.25, "InlineAlign": "Center", "RowIndex": 3, "Width": 68.375}}, {"Bounds": [345.24671936035156, 470.7640380859375, 360.512451171875, 484.1808166503906], "Font": {"alt_family_name": "Calibri", "embedded": true, "encoding": "WinAnsiEncoding", "family_name": "Calibri", "font_type": "TrueType", "italic": false, "monospaced": false, "name": "GCFAPP+Calibri", "subset": true, "weight": 400}, "HasClip": false, "Lang": "en", "ObjectID": 682, "Page": 1, "Path": "//Document/Table[2]/TR[4]/TD[2]/P", "Text": "119 ", "TextSize": 10.020004272460938, "attributes": {"LineHeight": 12}}, {"Bounds": [413.6432342529297, 470.7640380859375, 428.9089813232422, 484.1808166503906], "ObjectID": 746, "Page": 1, "Path": "//Document/Table[2]/TR[4]/TD[3]", "attributes": {"BBox": [387.3439999999973, 470.49499999999534, 455.74099999999453, 483.69499999999243], "BlockAlign": "Middle", "ColIndex": 2, "Height": 13.25, "InlineAlign": "Center", "RowIndex": 3, "Width": 68.375}}, {"Bounds": [413.6432342529297, 470.7640380859375, 428.9089813232422, 484.1808166503906], "Font": {"alt_family_name": "Calibri", "embedded": true, "encoding": "WinAnsiEncoding", "family_name": "Calibri", "font_type": "TrueType", "italic": false, "monospaced": false, "name": "GCFAPP+Calibri", "subset": true, "weight": 400}, "HasClip": false, "Lang": "en", "ObjectID": 683, "Page": 1, "Path": "//Document/Table[2]/TR[4]/TD[3]/P", "Text": "107 ", "TextSize": 10.020004272460938, "attributes": {"LineHeight": 12}}, {"Bounds": [482.0397644042969, 470.7640380859375, 497.3054962158203, 484.1808166503906], "ObjectID": 747, "Page": 1, "Path": "//Document/Table[2]/TR[4]/TD[4]", "attributes": {"BBox": [455.74099999999453, 470.49499999999534, 524.618999999977, 483.69499999999243], "BlockAlign": "Middle", "ColIndex": 3, "Height": 13.25, "InlineAlign": "Center", "RowIndex": 3, "Width": 68.875}}, {"Bounds": [482.0397644042969, 470.7640380859375, 497.3054962158203, 484.1808166503906], "Font": {"alt_family_name": "Calibri", "embedded": true, "encoding": "WinAnsiEncoding", "family_name": "Calibri", "font_type": "TrueType", "italic": false, "monospaced": false, "name": "GCFAPP+Calibri", "subset": true, "weight": 400}, "HasClip": false, "Lang": "en", "ObjectID": 684, "Page": 1, "Path": "//Document/Table[2]/TR[4]/TD[4]/P", "Text": "102 ", "TextSize": 10.020004272460938, "attributes": {"LineHeight": 12}}, {"Bounds": [70.83804321289062, 419.7626953125, 524.4045257568359, 449.0683135986328], "Font": {"alt_family_name": "Calibri", "embedded": true, "encoding": "WinAnsiEncoding", "family_name": "Calibri", "font_type": "TrueType", "italic": false, "monospaced": false, "name": "GCFAPP+Calibri", "subset": true, "weight": 400}, "HasClip": false, "Lang": "en", "ObjectID": 685, "Page": 1, "Path": "//Document/P[9]", "Text": "The carbon intensity of the electricity and heat produced by the EDF Group continues to fall in 2021, reaching its lowest value ever, i.e. 48 gCO2/kWh compared with the European10 average of 231g/kWh. ", "TextSize": 10.979995727539062, "attributes": {"LineHeight": 14.5, "SpaceAfter": 14.625, "TextAlign": "Justify"}}, {"Bounds": [76.13999938964844, 356.9396057128906, 515.6547241210938, 411.6510772705078], "ObjectID": 714, "Page": 1, "Path": "//Document/Table[3]", "attributes": {"BBox": [70.67709999999715, 382.1789999999892, 467.2609999999986, 410.8579999999929], "NumCol": 5, "NumRow": 2, "Placement": "Block", "SpaceAfter": 16.5}}, {"Bounds": [76.13999938964844, 397.6833190917969, 240.33599853515625, 411.59107971191406], "ObjectID": 727, "Page": 1, "Path": "//Document/Table[3]/TR/TH", "attributes": {"BBox": [70.43709999999919, 382.1789999999892, 295.18799999999464, 410.8579999999929], "BackgroundColor": [0.945098999999999, 0.945098999999999, 0.945098999999999], "BlockAlign": "Before", "ColIndex": 0, "Height": 28.625, "InlineAlign": "Start", "RowIndex": 0, "Width": 224.75}}, {"Bounds": [76.13999938964844, 397.6833190917969, 240.33599853515625, 411.59107971191406], "Font": {"alt_family_name": "Calibri", "embedded": true, "encoding": "WinAnsiEncoding", "family_name": "Calibri", "font_type": "TrueType", "italic": false, "monospaced": false, "name": "GCFAPP+Calibri", "subset": true, "weight": 400}, "HasClip": false, "Lang": "en", "ObjectID": 692, "Page": 1, "Path": "//Document/Table[3]/TR/TH/P", "Text": "EDF Group carbon intensity (gCO2/kWh) ", "TextSize": 10.020004272460938, "attributes": {"LineHeight": 12}}, {"Bounds": [313.8000030517578, 397.6833190917969, 334.16700744628906, 411.59107971191406], "ObjectID": 728, "Page": 1, "Path": "//Document/Table[3]/TR/TH[2]", "attributes": {"BBox": [295.18799999999464, 382.1789999999892, 352.54599999998754, 410.8579999999929], "BackgroundColor": [0.945098999999999, 0.945098999999999, 0.945098999999999], "BlockAlign": "Before", "ColIndex": 1, "Height": 28.625, "InlineAlign": "Center", "RowIndex": 0, "Width": 57.375}}, {"Bounds": [313.8000030517578, 397.6833190917969, 334.16700744628906, 411.59107971191406], "Font": {"alt_family_name": "Calibri", "embedded": true, "encoding": "WinAnsiEncoding", "family_name": "Calibri", "font_type": "TrueType", "italic": false, "monospaced": false, "name": "GCFBBA+Calibri-Bold", "subset": true, "weight": 700}, "HasClip": false, "Lang": "en", "ObjectID": 693, "Page": 1, "Path": "//Document/Table[3]/TR/TH[2]/P", "Text": "2019 ", "TextSize": 10.020004272460938, "attributes": {"LineHeight": 12}}, {"Bounds": [371.1600036621094, 397.6833190917969, 391.5270080566406, 411.59107971191406], "ObjectID": 729, "Page": 1, "Path": "//Document/Table[3]/TR/TH[3]", "attributes": {"BBox": [352.54599999998754, 382.1789999999892, 409.90299999999115, 410.8579999999929], "BackgroundColor": [0.945098999999999, 0.945098999999999, 0.945098999999999], "BlockAlign": "Before", "ColIndex": 2, "Height": 28.625, "InlineAlign": "Center", "RowIndex": 0, "Width": 57.375}}, {"Bounds": [371.1600036621094, 397.6833190917969, 391.5270080566406, 411.59107971191406], "Font": {"alt_family_name": "Calibri", "embedded": true, "encoding": "WinAnsiEncoding", "family_name": "Calibri", "font_type": "TrueType", "italic": false, "monospaced": false, "name": "GCFBBA+Calibri-Bold", "subset": true, "weight": 700}, "HasClip": false, "Lang": "en", "ObjectID": 694, "Page": 1, "Path": "//Document/Table[3]/TR/TH[3]/P", "Text": "2020 ", "TextSize": 10.020004272460938, "attributes": {"LineHeight": 12}}, {"Bounds": [428.52000427246094, 397.6833190917969, 448.8870086669922, 411.59107971191406], "ObjectID": 730, "Page": 1, "Path": "//Document/Table[3]/TR/TH[4]", "attributes": {"BBox": [409.90299999999115, 382.1789999999892, 467.2609999999986, 410.8579999999929], "BackgroundColor": [0.945098999999999, 0.945098999999999, 0.945098999999999], "BlockAlign": "Before", "ColIndex": 3, "Height": 28.625, "InlineAlign": "Center", "RowIndex": 0, "Width": 57.375}}, {"Bounds": [428.52000427246094, 397.6833190917969, 448.8870086669922, 411.59107971191406], "Font": {"alt_family_name": "Calibri", "embedded": true, "encoding": "WinAnsiEncoding", "family_name": "Calibri", "font_type": "TrueType", "italic": false, "monospaced": false, "name": "GCFBBA+Calibri-Bold", "subset": true, "weight": 700}, "HasClip": false, "Lang": "en", "ObjectID": 695, "Page": 1, "Path": "//Document/Table[3]/TR/TH[4]/P", "Text": "2021 ", "TextSize": 10.020004272460938, "attributes": {"LineHeight": 12}}, {"Bounds": [476.1000061035156, 385.4433135986328, 515.6547241210938, 411.6510772705078], "ObjectID": 731, "Page": 1, "Path": "//Document/Table[3]/TR/TH[5]", "attributes": {"BBox": [467.2609999999986, 382.1789999999892, 524.9789999999921, 410.8579999999929], "BackgroundColor": [0.945098999999999, 0.945098999999999, 0.945098999999999], "BlockAlign": "Before", "ColIndex": 4, "Height": 28.625, "InlineAlign": "Center", "RowIndex": 0, "Width": 57.75}}, {"Bounds": [476.1000061035156, 385.4433135986328, 515.6547241210938, 411.6510772705078], "Font": {"alt_family_name": "Calibri", "embedded": true, "encoding": "WinAnsiEncoding", "family_name": "Calibri", "font_type": "TrueType", "italic": false, "monospaced": false, "name": "GCFBBA+Calibri-Bold", "subset": true, "weight": 700}, "HasClip": false, "Lang": "en", "ObjectID": 697, "Page": 1, "Path": "//Document/Table[3]/TR/TH[5]/P", "Text": "Objective 2030 ", "TextSize": 10.020004272460938, "attributes": {"LineHeight": 12.25, "TextAlign": "Center"}}, {"Bounds": [76.13999938964844, 356.9396057128906, 289.93341064453125, 382.60081481933594], "ObjectID": 717, "Page": 1, "Path": "//Document/Table[3]/TR[2]/TH", "attributes": {"BBox": [70.67709999999715, 352.77999999999884, 295.18799999999464, 382.1789999999892], "BlockAlign": "Before", "ColIndex": 0, "Height": 29.375, "InlineAlign": "Start", "RowIndex": 1, "Width": 224.5}}, {"Bounds": [76.13999938964844, 356.9396057128906, 289.93341064453125, 382.60081481933594], "Font": {"alt_family_name": "Calibri", "embedded": true, "encoding": "WinAnsiEncoding", "family_name": "Calibri", "font_type": "TrueType", "italic": false, "monospaced": false, "name": "GCFAPP+Calibri", "subset": true, "weight": 400}, "HasClip": false, "Lang": "en", "ObjectID": 700, "Page": 1, "Path": "//Document/Table[3]/TR[2]/TH/P", "Text": "Specific CO2 emissions from electricity and heat production / kWh ", "TextSize": 10.020004272460938, "attributes": {"LineHeight": 12.25}}, {"Bounds": [318.8498840332031, 363.0618133544922, 329.0735321044922, 376.4786071777344], "ObjectID": 718, "Page": 1, "Path": "//Document/Table[3]/TR[2]/TD", "attributes": {"BBox": [295.18799999999464, 352.77999999999884, 352.54599999998754, 382.1789999999892], "BlockAlign": "Middle", "ColIndex": 1, "Height": 29.375, "InlineAlign": "Center", "RowIndex": 1, "Width": 57.375}}, {"Bounds": [318.8498840332031, 363.0618133544922, 329.0735321044922, 376.4786071777344], "Font": {"alt_family_name": "Calibri", "embedded": true, "encoding": "WinAnsiEncoding", "family_name": "Calibri", "font_type": "TrueType", "italic": false, "monospaced": false, "name": "GCFAPP+Calibri", "subset": true, "weight": 400}, "HasClip": false, "Lang": "en", "ObjectID": 701, "Page": 1, "Path": "//Document/Table[3]/TR[2]/TD/P", "Text": "55 ", "TextSize": 10.020004272460938, "attributes": {"LineHeight": 12}}, {"Bounds": [376.2143859863281, 363.0618133544922, 386.4380340576172, 376.4786071777344], "ObjectID": 719, "Page": 1, "Path": "//Document/Table[3]/TR[2]/TD[2]", "attributes": {"BBox": [352.54599999998754, 352.77999999999884, 409.90299999999115, 382.1789999999892], "BlockAlign": "Middle", "ColIndex": 2, "Height": 29.375, "InlineAlign": "Center", "RowIndex": 1, "Width": 57.375}}, {"Bounds": [376.2143859863281, 363.0618133544922, 386.4380340576172, 376.4786071777344], "Font": {"alt_family_name": "Calibri", "embedded": true, "encoding": "WinAnsiEncoding", "family_name": "Calibri", "font_type": "TrueType", "italic": false, "monospaced": false, "name": "GCFAPP+Calibri", "subset": true, "weight": 400}, "HasClip": false, "Lang": "en", "ObjectID": 702, "Page": 1, "Path": "//Document/Table[3]/TR[2]/TD[2]/P", "Text": "51 ", "TextSize": 10.020004272460938, "attributes": {"LineHeight": 12}}, {"Bounds": [433.57887268066406, 363.0618133544922, 443.8025360107422, 376.4786071777344], "ObjectID": 720, "Page": 1, "Path": "//Document/Table[3]/TR[2]/TD[3]", "attributes": {"BBox": [409.90299999999115, 352.77999999999884, 467.2609999999986, 382.1789999999892], "BlockAlign": "Middle", "ColIndex": 3, "Height": 29.375, "InlineAlign": "Center", "RowIndex": 1, "Width": 57.375}}, {"Bounds": [433.57887268066406, 363.0618133544922, 443.8025360107422, 376.4786071777344], "Font": {"alt_family_name": "Calibri", "embedded": true, "encoding": "WinAnsiEncoding", "family_name": "Calibri", "font_type": "TrueType", "italic": false, "monospaced": false, "name": "GCFAPP+Calibri", "subset": true, "weight": 400}, "HasClip": false, "Lang": "en", "ObjectID": 703, "Page": 1, "Path": "//Document/Table[3]/TR[2]/TD[3]/P", "Text": "48 ", "TextSize": 10.020004272460938, "attributes": {"LineHeight": 12}}, {"Bounds": [490.82313537597656, 363.0618133544922, 501.0467987060547, 376.4786071777344], "ObjectID": 721, "Page": 1, "Path": "//Document/Table[3]/TR[2]/TD[4]", "attributes": {"BBox": [467.2609999999986, 352.77999999999884, 524.9789999999921, 382.1789999999892], "BlockAlign": "Middle", "ColIndex": 4, "Height": 29.375, "InlineAlign": "Center", "RowIndex": 1, "Width": 57.75}}, {"Bounds": [490.82313537597656, 363.0618133544922, 501.0467987060547, 376.4786071777344], "Font": {"alt_family_name": "Calibri", "embedded": true, "encoding": "WinAnsiEncoding", "family_name": "Calibri", "font_type": "TrueType", "italic": false, "monospaced": false, "name": "GCFAPP+Calibri", "subset": true, "weight": 400}, "HasClip": false, "Lang": "en", "ObjectID": 704, "Page": 1, "Path": "//Document/Table[3]/TR[2]/TD[4]/P", "Text": "35 ", "TextSize": 10.020004272460938, "attributes": {"LineHeight": 12}}, {"Bounds": [139.13999938964844, 313.5364227294922, 449.13218688964844, 331.6081848144531], "Font": {"alt_family_name": "Calibri", "embedded": true, "encoding": "WinAnsiEncoding", "family_name": "Calibri", "font_type": "TrueType", "italic": false, "monospaced": false, "name": "GCFBBA+Calibri-Bold", "subset": true, "weight": 700}, "HasClip": false, "Lang": "en", "ObjectID": 705, "Page": 1, "Path": "//Document/H1[2]", "Text": "ADAPTING THE GROUP'S FACILITIES TO CLIMATE CHANGE ", "TextSize": 13.020004272460938, "attributes": {"LineHeight": 15.625, "SpaceAfter": 10, "TextAlign": "Center"}}, {"Bounds": [70.86000061035156, 291.02838134765625, 175.49935913085938, 306.26861572265625], "Font": {"alt_family_name": "Calibri", "embedded": true, "encoding": "WinAnsiEncoding", "family_name": "Calibri", "font_type": "TrueType", "italic": false, "monospaced": false, "name": "GCFBBA+Calibri-Bold", "subset": true, "weight": 700}, "HasClip": false, "Lang": "en", "ObjectID": 706, "Page": 1, "Path": "//Document/H2[5]", "Text": "Prioritising climate risk ", "TextSize": 10.979995727539062, "attributes": {"LineHeight": 13.125, "SpaceAfter": 8.125}}, {"Bounds": [70.84901428222656, 167.48141479492188, 524.4594268798828, 283.6278533935547], "Font": {"alt_family_name": "Calibri", "embedded": true, "encoding": "WinAnsiEncoding", "family_name": "Calibri", "font_type": "TrueType", "italic": false, "monospaced": false, "name": "GCFAPP+Calibri", "subset": true, "weight": 400}, "HasClip": false, "Lang": "en", "ObjectID": 707, "Page": 1, "Path": "//Document/P[10]", "Text": "With facilities whose technical life span potentially exceeds 40 years, the EDF Group must adapt its installations to the physical consequences of climate change. Following the first IPCC report in 1990, the EDF Group set up a climate services department, unique among the major electricity companies, to support the Group's entities in taking into account the impact of climate change. In 2004, the EDF Group adopted a \"Climate Hazards\" plan, followed by a climate change adaptation strategy in 2010. Since 2018, climate risk has been a priority risk for the EDF Group. The scoring is supported by the conclusions of the report on the impacts, adaptation and vulnerability to climate change published by the IPCC in February 2022. ", "TextSize": 10.979995727539062, "attributes": {"LineHeight": 14.5, "SpaceAfter": 18, "TextAlign": "Justify"}}, {"Bounds": [70.86000061035156, 89.90179443359375, 390.3195495605469, 96.69949340820312], "Font": {"alt_family_name": "Arial", "embedded": true, "encoding": "WinAnsiEncoding", "family_name": "Arial MT", "font_type": "TrueType", "italic": false, "monospaced": false, "name": "GCFBEE+ArialMT", "subset": true, "weight": 400}, "HasClip": false, "Lang": "en", "ObjectID": 708, "Page": 1, "Path": "//Document/Footnote[9]", "Text": "8   The closures are all accompanied by measures to redeploy employees within the Group and actions to develop new local economic activities ", "TextSize": 4.9799957275390625, "attributes": {"LineHeight": 6}}, {"Bounds": [70.86000061035156, 81.92384338378906, 262.28993225097656, 88.72154235839844], "Font": {"alt_family_name": "Arial", "embedded": true, "encoding": "WinAnsiEncoding", "family_name": "Arial MT", "font_type": "TrueType", "italic": false, "monospaced": false, "name": "GCFBEE+ArialMT", "subset": true, "weight": 400}, "HasClip": false, "Lang": "en", "ObjectID": 709, "Page": 1, "Path": "//Document/Footnote[10]", "Text": "9   Emissions estimated considering an average load factor of 50% for coal plants and ", "TextSize": 4.9799957275390625, "attributes": {"LineHeight": 6, "SpaceAfter": -6}}, {"Bounds": [262.35096740722656, 81.92384338378906, 327.6139373779297, 88.72154235839844], "Font": {"alt_family_name": "Arial", "embedded": true, "encoding": "WinAnsiEncoding", "family_name": "Arial MT", "font_type": "TrueType", "italic": false, "monospaced": false, "name": "GCFBEE+ArialMT", "subset": true, "weight": 400}, "HasClip": false, "Lang": "en", "ObjectID": 710, "Page": 1, "Path": "//Document/Footnote[11]", "Text": "10% for heavy fuel oil plants. ", "TextSize": 4.9799957275390625, "attributes": {"LineHeight": 6}}, {"Bounds": [70.86000061035156, 73.94587707519531, 286.96522521972656, 80.61410522460938], "Font": {"alt_family_name": "Calibri", "embedded": true, "encoding": "WinAnsiEncoding", "family_name": "Calibri", "font_type": "TrueType", "italic": false, "monospaced": false, "name": "GCFAPP+Calibri", "subset": true, "weight": 400}, "HasClip": false, "Lang": "en", "ObjectID": 711, "Page": 1, "Path": "//Document/Footnote[12]", "Text": "10 Source EEA for EU27 in 2020 https://www.eea.europa.eu/ims/greenhouse\u2010gas\u2010emission\u2010intensity\u2010of\u20101. ", "TextSize": 4.9799957275390625, "attributes": {"LineHeight": 6}}, {"Bounds": [70.86000061035156, 756.8082733154297, 265.5004119873047, 772.0485229492188], "Font": {"alt_family_name": "Calibri", "embedded": true, "encoding": "WinAnsiEncoding", "family_name": "Calibri", "font_type": "TrueType", "italic": false, "monospaced": false, "name": "GCFBBA+Calibri-Bold", "subset": true, "weight": 700}, "HasClip": false, "Lang": "en", "ObjectID": 853, "Page": 2, "Path": "//Document/H2[6]", "Text": "Defining the adaptation policy for facilities ", "TextSize": 10.979995727539062, "attributes": {"LineHeight": 13.125, "SpaceAfter": 8}}, {"Bounds": [70.82705688476562, 690.8733825683594, 524.3272705078125, 749.4077606201172], "Font": {"alt_family_name": "Calibri", "embedded": true, "encoding": "WinAnsiEncoding", "family_name": "Calibri", "font_type": "TrueType", "italic": false, "monospaced": false, "name": "GCFAPP+Calibri", "subset": true, "weight": 400}, "HasClip": false, "Lang": "en", "ObjectID": 854, "Page": 2, "Path": "//Document/P[11]", "Text": "The EDF Group's climate transition plan includes an adaptation component, under the terms of which the Group undertakes, in particular, to assess the impacts of climate change and it\u2019s evolution assumptions, to adapt existing facilities, to make them less sensitive to climatic conditions and resilient to extreme situations, and to integrate them into design of new facilities. ", "TextSize": 10.979995727539062, "attributes": {"LineHeight": 14.5, "SpaceAfter": 9.375, "TextAlign": "Justify"}}, {"Bounds": [70.80509948730469, 668.3753662109375, 235.66290283203125, 683.6156005859375], "Font": {"alt_family_name": "Calibri", "embedded": true, "encoding": "WinAnsiEncoding", "family_name": "Calibri", "font_type": "TrueType", "italic": false, "monospaced": false, "name": "GCFBBA+Calibri-Bold", "subset": true, "weight": 700}, "HasClip": false, "Lang": "en", "ObjectID": 855, "Page": 2, "Path": "//Document/H2[7]", "Text": "Extreme events and summer season ", "TextSize": 10.979995727539062, "attributes": {"LineHeight": 13.125, "SpaceAfter": 18}}, {"Bounds": [70.80509948730469, 573.8595275878906, 524.4240875244141, 660.9748382568359], "Font": {"alt_family_name": "Calibri", "embedded": true, "encoding": "WinAnsiEncoding", "family_name": "Calibri", "font_type": "TrueType", "italic": false, "monospaced": false, "name": "GCFAPP+Calibri", "subset": true, "weight": 400}, "HasClip": false, "Lang": "en", "ObjectID": 856, "Page": 2, "Path": "//Document/P[12]", "Text": "During the summer of 2003, some plants had to reduce their production to avoid contributing to the warming of river water, resulting in a loss of production equivalent to 1% of EDF's output. The \"Grands Chauds\" (\u2019Heatwaves\u2019) plan subsequently led EDF to improve the cooling efficiency of some of its power plants and to reinforce the electronics of the reactor buildings in order to withstand temperatures above 50\u00b0C. The EDF Group's power plants currently under construction have all been designed to take into account the most recent climate scenarios. ", "TextSize": 10.979995727539062, "attributes": {"LineHeight": 14.5, "SpaceAfter": 9.25, "TextAlign": "Justify"}}, {"Bounds": [70.84901428222656, 550.9662170410156, 332.64208984375, 566.2064666748047], "Font": {"alt_family_name": "Calibri", "embedded": true, "encoding": "WinAnsiEncoding", "family_name": "Calibri", "font_type": "TrueType", "italic": false, "monospaced": false, "name": "GCFBBA+Calibri-Bold", "subset": true, "weight": 700}, "HasClip": false, "Lang": "en", "ObjectID": 857, "Page": 2, "Path": "//Document/H2[8]", "Text": "Adapting the facilities of all the Group's major businesses ", "TextSize": 10.979995727539062, "attributes": {"LineHeight": 13.125, "SpaceAfter": 8.125}}, {"Bounds": [70.82705688476562, 369.43556213378906, 524.5048675537109, 543.7084350585938], "Font": {"alt_family_name": "Calibri", "embedded": true, "encoding": "WinAnsiEncoding", "family_name": "Calibri", "font_type": "TrueType", "italic": false, "monospaced": false, "name": "GCFAPP+Calibri", "subset": true, "weight": 400}, "HasClip": false, "Lang": "en", "ObjectID": 858, "Page": 2, "Path": "//Document/P[13]", "Text": "The Group has launched the ADAPT program to analyse the level of adaptation of the existing nuclear fleet to climate change. A detailed study is being carried out at Chooz to produce a full\u2010scale analysis of all potential vulnerabilities to the consequences of climate change, and then to propose an action plan. In order to strengthen the resilience of hydraulic structures to extreme climatic events and the risks associated with massive influxes of water into reservoirs, the Group regularly reassesses the flows of extreme floods \u2010 in order to ensure that the capacity of the structures to evacuate these floods is maintained \u2010 and has developed and installed an innovative technology called \"Piano Key Weir\" 11on 9 of its structures, which allows a larger quantity of water to be discharged without increasing the size of the dams. To reduce the vulnerability of the distribution networks, Enedis is working on burying the high\u2010voltage overhead lines and has created a Rapid Intervention Force (FIRE) which makes it possible to reposition resources and men throughout the country in order to restore the power supply as soon as possible. The FIRE is a key mechanism of the EDF Group with regard to extreme climate risks. ", "TextSize": 10.979995727539062, "attributes": {"LineHeight": 14.5, "SpaceAfter": 9.375, "TextAlign": "Justify"}}, {"Bounds": [70.84451293945312, 346.5422668457031, 306.9076843261719, 361.7825012207031], "Font": {"alt_family_name": "Calibri", "embedded": true, "encoding": "WinAnsiEncoding", "family_name": "Calibri", "font_type": "TrueType", "italic": false, "monospaced": false, "name": "GCFBBA+Calibri-Bold", "subset": true, "weight": 700}, "HasClip": false, "Lang": "en", "ObjectID": 859, "Page": 2, "Path": "//Document/H2[9]", "Text": "Strengthening action through new adaptation plans ", "TextSize": 10.979995727539062, "attributes": {"LineHeight": 13.125, "SpaceAfter": 7.875}}, {"Bounds": [70.84451293945312, 295.0680236816406, 524.4066467285156, 339.19664001464844], "Font": {"alt_family_name": "Calibri", "embedded": true, "encoding": "WinAnsiEncoding", "family_name": "Calibri", "font_type": "TrueType", "italic": false, "monospaced": false, "name": "GCFAPP+Calibri", "subset": true, "weight": 400}, "HasClip": false, "Lang": "en", "ObjectID": 860, "Page": 2, "Path": "//Document/P[14]", "Text": "In addition to these long\u2010standing actions by the Group, new climate change adaptation plans are now being deployed in order to strengthen the actions carried out as close as possible to the Group's entities exposed to the physical risks of climate change. ", "TextSize": 10.979995727539062, "attributes": {"LineHeight": 14.5, "SpaceAfter": 18, "TextAlign": "Justify"}}, {"Bounds": [152.16000366210938, 247.476318359375, 436.0859680175781, 265.54808044433594], "Font": {"alt_family_name": "Calibri", "embedded": true, "encoding": "WinAnsiEncoding", "family_name": "Calibri", "font_type": "TrueType", "italic": false, "monospaced": false, "name": "GCFBBA+Calibri-Bold", "subset": true, "weight": 700}, "HasClip": false, "Lang": "en", "ObjectID": 861, "Page": 2, "Path": "//Document/H1[3]", "Text": "DEVELOPING THE USE OF CARBON\u2010FREE ELECTRICITY ", "TextSize": 13.020004272460938, "attributes": {"LineHeight": 15.625, "SpaceAfter": 8.875, "TextAlign": "Center"}}, {"Bounds": [70.84901428222656, 196.38734436035156, 524.4827728271484, 240.06578063964844], "Font": {"alt_family_name": "Calibri", "embedded": true, "encoding": "WinAnsiEncoding", "family_name": "Calibri", "font_type": "TrueType", "italic": false, "monospaced": false, "name": "GCFAPP+Calibri", "subset": true, "weight": 400}, "HasClip": false, "Lang": "en", "ObjectID": 862, "Page": 2, "Path": "//Document/P[15]", "Text": "With a largely decarbonised electricity, the development of electricity uses, which is likely to increase, is a major lever for supporting customers towards carbon neutrality and contributes to the adaptation of the economy to the consequences of climate change. ", "TextSize": 10.979995727539062, "attributes": {"LineHeight": 14.5, "SpaceAfter": 9.375, "TextAlign": "Justify"}}, {"Bounds": [70.87098693847656, 173.49403381347656, 515.3745269775391, 188.73428344726562], "Font": {"alt_family_name": "Calibri", "embedded": true, "encoding": "WinAnsiEncoding", "family_name": "Calibri", "font_type": "TrueType", "italic": false, "monospaced": false, "name": "GCFBBA+Calibri-Bold", "subset": true, "weight": 700}, "HasClip": false, "Lang": "en", "ObjectID": 863, "Page": 2, "Path": "//Document/H2[10]", "Text": "Supporting customers' decarbonisation with a wide range of innovative and low\u2010carbon solutions ", "TextSize": 10.979995727539062, "attributes": {"LineHeight": 13.125, "SpaceAfter": 7.875, "TextAlign": "Center"}}, {"Bounds": [70.86000061035156, 136.93063354492188, 524.2755737304688, 166.09352111816406], "Font": {"alt_family_name": "Calibri", "embedded": true, "encoding": "WinAnsiEncoding", "family_name": "Calibri", "font_type": "TrueType", "italic": false, "monospaced": false, "name": "GCFAPP+Calibri", "subset": true, "weight": 400}, "HasClip": false, "ObjectID": 920, "Page": 2, "Path": "//Document/P[16]/ParagraphSpan", "Text": "The Group's ambition is to support customers and territories in decarbonising their activities. To this end, the Group is developing a wide range of offers adapted to different markets. Efficient, accessible ", "TextSize": 10.979995727539062}, {"Bounds": [70.86000061035156, 742.7429046630859, 524.4442291259766, 771.9057769775391], "Font": {"alt_family_name": "Calibri", "embedded": true, "encoding": "WinAnsiEncoding", "family_name": "Calibri", "font_type": "TrueType", "italic": false, "monospaced": false, "name": "GCFAPP+Calibri", "subset": true, "weight": 400}, "HasClip": false, "ObjectID": 921, "Page": 3, "Path": "//Document/P[16]/ParagraphSpan[2]", "Text": "and innovative solutions enable each customer (individuals, companies, regions) to become more involved in the energy transition. ", "TextSize": 10.979995727539062}, {"Bounds": [70.86000061035156, 70.25030517578125, 525.2039489746094, 90.21949768066406], "Font": {"alt_family_name": "Times New Roman PSMT", "embedded": true, "encoding": "WinAnsiEncoding", "family_name": "Times New Roman PSMT", "font_type": "TrueType", "italic": false, "monospaced": false, "name": "GCFCFA+TimesNewRomanPSMT", "subset": true, "weight": 400}, "HasClip": false, "Lang": "en", "ObjectID": 865, "Page": 2, "Path": "//Document/Footnote[13]", "Text": "11 These spillways in the shape of piano keys (\u201cPiano Key Weir\u201d) are constituted of supply and discharge tanks. Their crenellated shape offers a larger surface for the flow of water, while occupying a reduced space, which is an advantage for the dams collected in narrow places. ", "TextSize": 6.4799957275390625, "attributes": {"LineHeight": 7.75}}, {"Bounds": [70.8819580078125, 662.2924346923828, 524.6039886474609, 735.08984375], "Font": {"alt_family_name": "Calibri", "embedded": true, "encoding": "WinAnsiEncoding", "family_name": "Calibri", "font_type": "TrueType", "italic": false, "monospaced": false, "name": "GCFAPP+Calibri", "subset": true, "weight": 400}, "HasClip": false, "Lang": "en", "ObjectID": 866, "Page": 3, "Path": "//Document/P[17]", "Text": "The EDF Group offers services and solutions to its individual and collective housing customers, such as insulation, heat pumps, thermodynamic or solar water heaters, self\u2010consumption solutions or consumption control. The Group is already the leader in solar self\u2010consumption for individuals and offers business customers new supply models enabling them to buy local green electricity directly from a renewable energy producer. ", "TextSize": 10.979995727539062, "attributes": {"LineHeight": 14.5, "SpaceAfter": 8, "TextAlign": "Justify"}}, {"Bounds": [70.87098693847656, 581.4467010498047, 524.4243011474609, 654.6393737792969], "Font": {"alt_family_name": "Calibri", "embedded": true, "encoding": "WinAnsiEncoding", "family_name": "Calibri", "font_type": "TrueType", "italic": false, "monospaced": false, "name": "GCFAPP+Calibri", "subset": true, "weight": 400}, "HasClip": false, "Lang": "en", "ObjectID": 867, "Page": 3, "Path": "//Document/P[18]", "Text": "The Group supports companies and regions in optimising their energy flows, reducing their environmental footprint and improving their economic performance. Key areas of focus include switching from fossil\u2010based heat to low\u2010carbon heat (biomass boilers, waste heat recovery) and mature electrical solutions, and deploying high and very high temperature industrial heat pumps for industrial customers. ", "TextSize": 10.979995727539062, "attributes": {"LineHeight": 14.5, "SpaceAfter": 18, "TextAlign": "Justify"}}, {"Bounds": [70.86000061035156, 544.88330078125, 524.5807952880859, 574.1889190673828], "Font": {"alt_family_name": "Calibri", "embedded": true, "encoding": "WinAnsiEncoding", "family_name": "Calibri", "font_type": "TrueType", "italic": false, "monospaced": false, "name": "GCFAPP+Calibri", "subset": true, "weight": 400}, "HasClip": false, "Lang": "en", "ObjectID": 868, "Page": 3, "Path": "//Document/P[19]", "Text": "In the transport sector, and following the ambitions set out in its Electric Mobility Plan initiated in 2018, the Group is now one of the leading operators of electric charging networks. ", "TextSize": 10.979995727539062, "attributes": {"LineHeight": 14.375, "SpaceAfter": 9.375}}, {"Bounds": [70.83804321289062, 521.9900054931641, 258.4593505859375, 537.2302398681641], "Font": {"alt_family_name": "Calibri", "embedded": true, "encoding": "WinAnsiEncoding", "family_name": "Calibri", "font_type": "TrueType", "italic": false, "monospaced": false, "name": "GCFBBA+Calibri-Bold", "subset": true, "weight": 700}, "HasClip": false, "Lang": "en", "ObjectID": 869, "Page": 3, "Path": "//Document/H2[11]", "Text": "Set targets in terms of avoided emissions ", "TextSize": 10.979995727539062, "attributes": {"LineHeight": 13.125, "SpaceAfter": 7.875}}, {"Bounds": [70.82705688476562, 456.3673400878906, 524.4280853271484, 514.5894775390625], "Font": {"alt_family_name": "Calibri", "embedded": true, "encoding": "WinAnsiEncoding", "family_name": "Calibri", "font_type": "TrueType", "italic": false, "monospaced": false, "name": "GCFAPP+Calibri", "subset": true, "weight": 400}, "HasClip": false, "Lang": "en", "ObjectID": 870, "Page": 3, "Path": "//Document/P[20]", "Text": "Supporting customers in decarbonisation contributes to climate change mitigation through avoided emissions. To date, the Group's target is 15 MtCOe2 of avoided emissions by 203012.\ue001The results are published in Extra\u2010Financial Performance Statement and the methodology for calculating these emissions has been verified by the Independent Third Party Body. ", "TextSize": 10.979995727539062, "attributes": {"LineHeight": 14.5, "SpaceAfter": 9.25, "TextAlign": "Justify"}}, {"Bounds": [70.85772705078125, 433.4740447998047, 520.6581115722656, 448.7142791748047], "Font": {"alt_family_name": "Calibri", "embedded": true, "encoding": "WinAnsiEncoding", "family_name": "Calibri", "font_type": "TrueType", "italic": false, "monospaced": false, "name": "GCFBBA+Calibri-Bold", "subset": true, "weight": 700}, "HasClip": false, "Lang": "en", "ObjectID": 871, "Page": 3, "Path": "//Document/H2[12]", "Text": "At the same time, commit to setting the conditions for the optimal development of electricity uses ", "TextSize": 10.979995727539062, "attributes": {"LineHeight": 13.125, "SpaceAfter": 9}}, {"Bounds": [70.84674072265625, 384.5445251464844, 524.4605102539062, 426.12841796875], "Font": {"alt_family_name": "Calibri", "embedded": true, "encoding": "WinAnsiEncoding", "family_name": "Calibri", "font_type": "TrueType", "italic": false, "monospaced": false, "name": "GCFAPP+Calibri", "subset": true, "weight": 400}, "HasClip": false, "Lang": "en", "ObjectID": 872, "Page": 3, "Path": "//Document/P[21]", "Text": "Because electrifying the sectors that emit the most CO2 implies having the right conditions for such development, the EDF Group is committed to transforming the electricity distribution network in depth towards ever greater robustness, intelligence and flexibility. ", "TextSize": 10.979995727539062, "attributes": {"LineHeight": 13.5, "SpaceAfter": 18, "TextAlign": "Justify"}}, {"Bounds": [185.33999633789062, 346.53631591796875, 402.94683837890625, 364.6080780029297], "Font": {"alt_family_name": "Calibri", "embedded": true, "encoding": "WinAnsiEncoding", "family_name": "Calibri", "font_type": "TrueType", "italic": false, "monospaced": false, "name": "GCFBBA+Calibri-Bold", "subset": true, "weight": 700}, "HasClip": false, "Lang": "en", "ObjectID": 873, "Page": 3, "Path": "//Document/H1[4]", "Text": "STRENGTHENED CLIMATE GOVERNANCE ", "TextSize": 13.020004272460938, "attributes": {"LineHeight": 15.625, "SpaceAfter": 10, "TextAlign": "Center"}}, {"Bounds": [70.86000061035156, 324.0882873535156, 251.69363403320312, 339.3285217285156], "Font": {"alt_family_name": "Calibri", "embedded": true, "encoding": "WinAnsiEncoding", "family_name": "Calibri", "font_type": "TrueType", "italic": false, "monospaced": false, "name": "GCFBBA+Calibri-Bold", "subset": true, "weight": 700}, "HasClip": false, "Lang": "en", "ObjectID": 874, "Page": 3, "Path": "//Document/H2[13]", "Text": "Building on the TCFD recommendations ", "TextSize": 10.979995727539062, "attributes": {"LineHeight": 13.125, "SpaceAfter": 7.875}}, {"Bounds": [70.84901428222656, 287.46998596191406, 524.3544921875, 316.68775939941406], "Font": {"alt_family_name": "Calibri", "embedded": true, "encoding": "WinAnsiEncoding", "family_name": "Calibri", "font_type": "TrueType", "italic": false, "monospaced": false, "name": "GCFAPP+Calibri", "subset": true, "weight": 400}, "HasClip": false, "Lang": "en", "ObjectID": 875, "Page": 3, "Path": "//Document/P[22]", "Text": "The EDF Group was one of the first companies to adopt the TCFD recommendations, which specify expected items of climate reporting in terms of governance, strategy, risk management and indicators. ", "TextSize": 10.979995727539062, "attributes": {"LineHeight": 14.5, "SpaceAfter": 9.375, "TextAlign": "Justify"}}, {"Bounds": [70.8819580078125, 264.57667541503906, 227.283935546875, 279.8169250488281], "Font": {"alt_family_name": "Calibri", "embedded": true, "encoding": "WinAnsiEncoding", "family_name": "Calibri", "font_type": "TrueType", "italic": false, "monospaced": false, "name": "GCFBBA+Calibri-Bold", "subset": true, "weight": 700}, "HasClip": false, "Lang": "en", "ObjectID": 876, "Page": 3, "Path": "//Document/H2[14]", "Text": "Strengthening climate governance ", "TextSize": 10.979995727539062, "attributes": {"LineHeight": 13.125, "SpaceAfter": 8}}, {"Bounds": [70.8819580078125, 213.55262756347656, 524.38134765625, 257.23106384277344], "Font": {"alt_family_name": "Calibri", "embedded": true, "encoding": "WinAnsiEncoding", "family_name": "Calibri", "font_type": "TrueType", "italic": false, "monospaced": false, "name": "GCFAPP+Calibri", "subset": true, "weight": 400}, "HasClip": false, "Lang": "en", "ObjectID": 877, "Page": 3, "Path": "//Document/P[23]", "Text": "EDF's governance aims to raise climate issues to the highest level of the company and to strengthen the involvement and commitment of the Board of Directors on all climate\u2010related issues, in line with EDF's raison d'\u00eatre. ", "TextSize": 10.979995727539062, "attributes": {"LineHeight": 14.5, "SpaceAfter": 18, "TextAlign": "Justify"}}, {"Bounds": [70.86000061035156, 73.55029296875, 263.86798095703125, 81.74029541015625], "Font": {"alt_family_name": "Arial", "embedded": true, "encoding": "WinAnsiEncoding", "family_name": "Arial MT", "font_type": "TrueType", "italic": false, "monospaced": false, "name": "GCFBEE+ArialMT", "subset": true, "weight": 400}, "HasClip": false, "Lang": "en", "ObjectID": 878, "Page": 3, "Path": "//Document/Footnote[14]", "Text": "12 Thanks to some of the products/services sold by EDF SA and Dalkia. ", "TextSize": 6.0, "attributes": {"LineHeight": 7.25}}, {"Bounds": [70.66999816894531, 522.5, 524.5658111572266, 771.3800048828125], "ObjectID": 879, "Page": 4, "Path": "//Document/Figure", "attributes": {"BBox": [70.91709999999875, 522.8129999999946, 524.3789999999863, 771.0829999999842], "Placement": "Block"}}, {"Bounds": [70.66999816894531, 522.5, 524.5658111572266, 771.3800048828125], "Font": {"alt_family_name": "Calibri", "embedded": true, "encoding": "WinAnsiEncoding", "family_name": "Calibri", "font_type": "TrueType", "italic": false, "monospaced": false, "name": "GCFBBA+Calibri-Bold", "subset": true, "weight": 700}, "HasClip": false, "ObjectID": 879, "Page": 4, "Path": "//Document/Figure", "Text": "Steering the financial and strategic performance of the Group\u2019s entities Board Corporate Responsibility Committee of the Board Audit Committee of the Board EXCOM Risk Committee CECEG CSR Strategy Committee Entity Entity Entity Entity Entity Entity Entity Entity Entity Operational level Executive level Governance Level Scientific Council Stakeholder Council The Board of Directors defines strategic, financial and economic guidelines by taking into account EDF\u2019s climate issues Appointment of a climate point person within the Board The EXCOM Implements the EDF group\u2019s climate strategy Appointment of a climate point person within the EXCOM The Corporate Social Responsibility Strategy Committee Chaired by the Chairman and CEO of EDF, this EXCOM committee oversees the climate strategy and any other subject related to the Group's 16 CSR commitments The Executive Committee\u2019s Commitments Committee (CECEG) examines in depth the alignment of the Group\u2019s investment projects with the raison d\u2019\u00eatre and climate commitments The Group Risk Committee identifies the Group\u2019s priority risks, including climate risk, and shares its strategy for mitigation The Scientific Council informs the strategy by presenting the progress of scientific knowledge The Stakeholder Council raises the expectations of civil society The Public Authorities Relations Management Committee (CPRPP) coordinates actions to convey the Group's positions to the French and European authorities The Sustainable Development Committee (SDC) represents all the Group\u2019s businesses and prepares the issues presented to the CSR Strategy Committee CAP 2030 workstreams and deployment of the raison d\u2019\u00eatre integration of CSR commitments, including climate, in all Group policies Management of the financial and strategic performance of entities integration into the new CSR policy, and in the framework letters of the entities and subsidiaries Group Risk Department Sustainable Development Department Strategy Department Financial Department CAP 2030 workstreams and deployment of the raison d\u2019\u00eatre including EDF group\u2019s carbon neutrality workstream Climate point person member of the EXCOM Climate point person member of the Board SDC CPRPP ", "TextSize": 3.9279022216796875, "attributes": {"BBox": [70.91709999999875, 522.8129999999946, 524.3789999999863, 771.0829999999842], "Placement": "Block"}}, {"Bounds": [70.85969543457031, 470.16754150390625, 524.459716796875, 513.8459777832031], "Font": {"alt_family_name": "Calibri", "embedded": true, "encoding": "WinAnsiEncoding", "family_name": "Calibri", "font_type": "TrueType", "italic": false, "monospaced": false, "name": "GCFAPP+Calibri", "subset": true, "weight": 400}, "HasClip": false, "Lang": "en", "ObjectID": 880, "Page": 4, "Path": "//Document/P[24]", "Text": "The Board regularly reviews opportunities and risks, in relation to the strategy it defines, and in particular those opportunities and risks related to climate change and their impact on the Group's strategy, activities and assets. ", "TextSize": 10.979995727539062, "attributes": {"LineHeight": 14.5, "SpaceAfter": 9.25, "TextAlign": "Justify"}}, {"Bounds": [70.84872436523438, 447.6695251464844, 487.69407653808594, 462.3717346191406], "Font": {"alt_family_name": "Calibri", "embedded": true, "encoding": "WinAnsiEncoding", "family_name": "Calibri", "font_type": "TrueType", "italic": false, "monospaced": false, "name": "GCFAPP+Calibri", "subset": true, "weight": 400}, "HasClip": false, "Lang": "en", "ObjectID": 881, "Page": 4, "Path": "//Document/P[25]", "Text": "The Corporate Responsibility Committee examines how EDF addresses climate change issues. ", "TextSize": 10.979995727539062, "attributes": {"LineHeight": 13.125, "SpaceAfter": 18}}, {"Bounds": [70.82676696777344, 338.2428436279297, 524.5694732666016, 439.87371826171875], "Font": {"alt_family_name": "Calibri", "embedded": true, "encoding": "WinAnsiEncoding", "family_name": "Calibri", "font_type": "TrueType", "italic": false, "monospaced": false, "name": "GCFAPP+Calibri", "subset": true, "weight": 400}, "HasClip": false, "Lang": "en", "ObjectID": 882, "Page": 4, "Path": "//Document/P[26]", "Text": "The Climate point person member of the Board, who is also the Chair of the Corporate Responsibility Committee, is responsible for ensuring, in conjunction with the Chairman and Chief Executive Officer and the Climate point person member of the Executive Committee, that the Board identifies all the impacts of climate change for the Group and that the work of the Board and the strategy it defines integrate climate change issues. An annual work program on climate change issues is thus defined with the Climate point person before the beginning of each financial year for the Board and the Corporate Responsibility Committee. ", "TextSize": 10.979995727539062, "attributes": {"LineHeight": 14.5, "SpaceAfter": 8.125, "TextAlign": "Justify"}}, {"Bounds": [70.85969543457031, 272.3079376220703, 524.4657897949219, 330.44703674316406], "Font": {"alt_family_name": "Calibri", "embedded": true, "encoding": "WinAnsiEncoding", "family_name": "Calibri", "font_type": "TrueType", "italic": false, "monospaced": false, "name": "GCFAPP+Calibri", "subset": true, "weight": 400}, "HasClip": false, "Lang": "en", "ObjectID": 883, "Page": 4, "Path": "//Document/P[27]", "Text": "In 2021, the Board examined the EDF Group's climate strategy and carbon trajectory, the Group's adaptation to climate change in relation to the main physical climate risks, the mobilisation of the Group's stakeholders on climate and the issue of sustainable finance. The Board also discussed energy and climate policies in Europe. ", "TextSize": 10.979995727539062, "attributes": {"LineHeight": 14.5, "SpaceAfter": 8, "TextAlign": "Justify"}}, {"Bounds": [70.85969543457031, 206.373046875, 524.4148101806641, 264.51214599609375], "Font": {"alt_family_name": "Calibri", "embedded": true, "encoding": "WinAnsiEncoding", "family_name": "Calibri", "font_type": "TrueType", "italic": false, "monospaced": false, "name": "GCFAPP+Calibri", "subset": true, "weight": 400}, "HasClip": false, "Lang": "en", "ObjectID": 884, "Page": 4, "Path": "//Document/P[28]", "Text": "A climate workshop was organised, during which the directors participated in a Climate Fresk session. Directors also discussed with two climate negotiation experts the outcome of COP 26 in Glasgow and the progress that could be made to focus the multilateral process and countries' commitments towards a warming limit of 1.5\u00b0C by mid\u2010century. ", "TextSize": 10.979995727539062, "attributes": {"LineHeight": 14.5, "SpaceAfter": 9.375, "TextAlign": "Justify"}}, {"Bounds": [70.88165283203125, 183.479736328125, 382.9967803955078, 198.71998596191406], "Font": {"alt_family_name": "Calibri", "embedded": true, "encoding": "WinAnsiEncoding", "family_name": "Calibri", "font_type": "TrueType", "italic": false, "monospaced": false, "name": "GCFBBA+Calibri-Bold", "subset": true, "weight": 700}, "HasClip": false, "Lang": "en", "ObjectID": 885, "Page": 4, "Path": "//Document/H2[15]", "Text": "Include a climate criterion in the variable remuneration of managers ", "TextSize": 10.979995727539062, "attributes": {"LineHeight": 13.125, "SpaceAfter": 7.875}}, {"Bounds": [70.84912109375, 117.84356689453125, 524.5544586181641, 176.0792236328125], "Font": {"alt_family_name": "Calibri", "embedded": true, "encoding": "WinAnsiEncoding", "family_name": "Calibri", "font_type": "TrueType", "italic": false, "monospaced": false, "name": "GCFAPP+Calibri", "subset": true, "weight": 400}, "HasClip": false, "Lang": "en", "ObjectID": 886, "Page": 4, "Path": "//Document/P[29]", "Text": "The variable remuneration of executives is notably based on CSR criteria, including a climate13 criterion. The climate criterion used since 2020 is the carbon intensity of the Group's electricity and heat production, which accounts for 30% of the Group\u2010level component. For 2021, the target of 51 gCO2/kWh is exceeded (48 gCO2/kWh). ", "TextSize": 10.979995727539062, "attributes": {"LineHeight": 14.5, "SpaceAfter": 18, "TextAlign": "Justify"}}, {"Bounds": [70.86000061035156, 73.88180541992188, 377.33197021484375, 80.67950439453125], "Font": {"alt_family_name": "Arial", "embedded": true, "encoding": "WinAnsiEncoding", "family_name": "Arial MT", "font_type": "TrueType", "italic": false, "monospaced": false, "name": "GCFBEE+ArialMT", "subset": true, "weight": 400}, "HasClip": false, "Lang": "en", "ObjectID": 887, "Page": 4, "Path": "//Document/Footnote[15]", "Text": "13 The climate criterion used in 2021 is the carbon intensity of the Group's electricity and heat production, up to 30% of the Group's share. ", "TextSize": 4.9799957275390625, "attributes": {"LineHeight": 6}}, {"Bounds": [70.86000061035156, 756.8082733154297, 438.20001220703125, 772.0485229492188], "Font": {"alt_family_name": "Calibri", "embedded": true, "encoding": "WinAnsiEncoding", "family_name": "Calibri", "font_type": "TrueType", "italic": false, "monospaced": false, "name": "GCFBBA+Calibri-Bold", "subset": true, "weight": 700}, "HasClip": false, "Lang": "en", "ObjectID": 824, "Page": 5, "Path": "//Document/H2[16]", "Text": "Promote public policies that encourage the real decarbonisation of the economy ", "TextSize": 10.979995727539062, "attributes": {"LineHeight": 13.125, "SpaceAfter": 8}}, {"Bounds": [70.84872436523438, 618.7879943847656, 524.4334564208984, 749.4077606201172], "Font": {"alt_family_name": "Calibri", "embedded": true, "encoding": "WinAnsiEncoding", "family_name": "Calibri", "font_type": "TrueType", "italic": false, "monospaced": false, "name": "GCFBBA+Calibri-Bold", "subset": true, "weight": 700}, "HasClip": false, "Lang": "en", "ObjectID": 825, "Page": 5, "Path": "//Document/P[30]", "Text": "The EDF Group promotes public policies that encourage the real decarbonisation of the economy and has set up a specific governance structure to ensure the coherence of the positions defended14. The Group is particularly active on the European scene and fully supports the European Green Deal. It acts in its own name or through Eurelectric, an association representing European electricians, which its Chairman and CEO, Jean\u2010Bernard L\u00e9vy, has chaired since May 2021. The Group's commitment is recognised by all stakeholders, including NGOs15. For the EDF Group, the strengthening of policies aimed at contributing to carbon neutrality or the increase in the price of CO2 on the European market represent powerful opportunities to leverage its assets. It uses an internal carbon16 price to guide its investments. ", "TextSize": 10.979995727539062, "attributes": {"LineHeight": 14.5, "SpaceAfter": 9.375, "TextAlign": "Justify"}}, {"Bounds": [70.86329650878906, 595.8946990966797, 299.88494873046875, 611.1349334716797], "Font": {"alt_family_name": "Calibri", "embedded": true, "encoding": "WinAnsiEncoding", "family_name": "Calibri", "font_type": "TrueType", "italic": false, "monospaced": false, "name": "GCFBBA+Calibri-Bold", "subset": true, "weight": 700}, "HasClip": false, "Lang": "en", "ObjectID": 831, "Page": 5, "Path": "//Document/H2[17]", "Text": "Investing in technological and financial innovation ", "TextSize": 10.979995727539062, "attributes": {"LineHeight": 13.125, "SpaceAfter": 18}}, {"Bounds": [70.84133911132812, 529.9597930908203, 524.4351654052734, 588.6918182373047], "Font": {"alt_family_name": "Calibri", "embedded": true, "encoding": "WinAnsiEncoding", "family_name": "Calibri", "font_type": "TrueType", "italic": false, "monospaced": false, "name": "GCFAPP+Calibri", "subset": true, "weight": 400}, "HasClip": false, "Lang": "en", "ObjectID": 833, "Page": 5, "Path": "//Document/P[31]", "Text": "99% of EDF R&D's expenses in France are dedicated to decarbonisation and the transition of energy systems. To support its development in renewable energies, the Group has issued six Green Bonds since 2013 for the equivalent of approximately \u20ac8.75 billion and has put in place more than \u20ac9 billion in credit lines indexed to the Group's ESG indicators. ", "TextSize": 10.979995727539062, "attributes": {"LineHeight": 14.5, "SpaceAfter": 9.375, "TextAlign": "Justify"}}, {"Bounds": [70.85232543945312, 507.46177673339844, 170.7514190673828, 522.7020263671875], "Font": {"alt_family_name": "Calibri", "embedded": true, "encoding": "WinAnsiEncoding", "family_name": "Calibri", "font_type": "TrueType", "italic": false, "monospaced": false, "name": "GCFBBA+Calibri-Bold", "subset": true, "weight": 700}, "HasClip": false, "Lang": "en", "ObjectID": 834, "Page": 5, "Path": "//Document/H2[18]", "Text": "Mobilising employees ", "TextSize": 10.979995727539062, "attributes": {"LineHeight": 13.125, "SpaceAfter": 8}}, {"Bounds": [70.85232543945312, 383.95152282714844, 524.443603515625, 500.06126403808594], "Font": {"alt_family_name": "Calibri", "embedded": true, "encoding": "WinAnsiEncoding", "family_name": "Calibri", "font_type": "TrueType", "italic": false, "monospaced": false, "name": "GCFAPP+Calibri", "subset": true, "weight": 400}, "HasClip": false, "Lang": "en", "ObjectID": 835, "Page": 5, "Path": "//Document/P[32]", "Text": "The EDF Group promotes collective intelligence and implements training programs to enable its managers and all its employees to take ownership of its climate commitments. The innovation dynamic, structured around the \"EDF Pulse\"17 ecosystem, was complemented in 2021 by the \"Eco2\"18 programme. The \"Carbon Neutrality Passport\" allows people to test their knowledge of climate change, to estimate their carbon footprint and to take action through practical challenges. The EDF Group is also committed to raising awareness of climate issues among all its employees through a collective intelligence game, the \"Climate Fresk\", which is being deployed at a sustained pace, with nearly 22,000 employees having participated in a workshop by end\u20102021. ", "TextSize": 10.979995727539062, "attributes": {"LineHeight": 14.5, "SpaceAfter": 18, "TextAlign": "Justify"}}, {"Bounds": [70.86000061035156, 111.92179870605469, 273.8023681640625, 118.71949768066406], "Font": {"alt_family_name": "Arial", "embedded": true, "encoding": "WinAnsiEncoding", "family_name": "Arial MT", "font_type": "TrueType", "italic": false, "monospaced": false, "name": "GCFBEE+ArialMT", "subset": true, "weight": 400}, "HasClip": false, "Lang": "en", "ObjectID": 838, "Page": 5, "Path": "//Document/Footnote[16]", "Text": "14 These include the Steering Committee for Relations with the Public Authorities (CPRPP) ", "TextSize": 4.9799957275390625, "attributes": {"LineHeight": 6}}, {"Bounds": [70.86000061035156, 95.90113830566406, 493.33314514160156, 110.67680358886719], "Font": {"alt_family_name": "Arial", "embedded": true, "encoding": "WinAnsiEncoding", "family_name": "Arial MT", "font_type": "TrueType", "italic": false, "monospaced": false, "name": "GCFBEE+ArialMT", "subset": true, "weight": 400}, "HasClip": false, "Lang": "en", "ObjectID": 839, "Page": 5, "Path": "//Document/Footnote[17]", "Text": "15 InfluenceMap regularly ranks the EDF Group in its A-list, as one of the companies most actively promoting climate issues in European negotiations: influencemap.org 16 In its response to the CDP 2021 questionnaire, EDF indicates, for example, that the range of carbon prices currently used in its scenarios is from \u20ac47/t CO2 in 2020 to \u20ac150/t CO2 by 2040. ", "TextSize": 4.9799957275390625, "attributes": {"LineHeight": 8}}, {"Bounds": [70.86000061035156, 81.49897766113281, 523.1659240722656, 94.35734558105469], "Font": {"alt_family_name": "Arial", "embedded": true, "encoding": "WinAnsiEncoding", "family_name": "Arial MT", "font_type": "TrueType", "italic": false, "monospaced": false, "name": "GCFBEE+ArialMT", "subset": true, "weight": 400}, "HasClip": false, "Lang": "en", "ObjectID": 840, "Page": 5, "Path": "//Document/Footnote[18]", "Text": "17  EDF Pulse is based on support systems, prizes with a section for external start-ups and a section for internal start-ups, and a community to develop and disseminate best innovation practices within the Group. ", "TextSize": 4.9799957275390625, "attributes": {"LineHeight": 6.125}}, {"Bounds": [70.86000061035156, 73.87957763671875, 388.08006286621094, 80.67727661132812], "Font": {"alt_family_name": "Arial", "embedded": true, "encoding": "WinAnsiEncoding", "family_name": "Arial MT", "font_type": "TrueType", "italic": false, "monospaced": false, "name": "GCFBEE+ArialMT", "subset": true, "weight": 400}, "HasClip": false, "Lang": "en", "ObjectID": 841, "Page": 5, "Path": "//Document/Footnote[19]", "Text": "18 This is a collective intelligence initiative based on a series of scientific conferences dedicated to the challenges of a carbon neutral economy ", "TextSize": 4.9799957275390625, "attributes": {"LineHeight": 6}}], "pages": [{"boxes": {"CropBox": [0.0, 0.0, 595.219970703125, 842.0], "MediaBox": [0.0, 0.0, 595.219970703125, 842.0]}, "height": 842.0, "is_scanned": false, "page_number": 0, "rotation": 0, "width": 595.219970703125}, {"boxes": {"CropBox": [0.0, 0.0, 595.219970703125, 842.0], "MediaBox": [0.0, 0.0, 595.219970703125, 842.0]}, "height": 842.0, "is_scanned": false, "page_number": 1, "rotation": 0, "width": 595.219970703125}, {"boxes": {"CropBox": [0.0, 0.0, 595.219970703125, 842.0], "MediaBox": [0.0, 0.0, 595.219970703125, 842.0]}, "height": 842.0, "is_scanned": false, "page_number": 2, "rotation": 0, "width": 595.219970703125}, {"boxes": {"CropBox": [0.0, 0.0, 595.219970703125, 842.0], "MediaBox": [0.0, 0.0, 595.219970703125, 842.0]}, "height": 842.0, "is_scanned": false, "page_number": 3, "rotation": 0, "width": 595.219970703125}, {"boxes": {"CropBox": [0.0, 0.0, 595.219970703125, 842.0], "MediaBox": [0.0, 0.0, 595.219970703125, 842.0]}, "height": 842.0, "is_scanned": false, "page_number": 4, "rotation": 0, "width": 595.219970703125}, {"boxes": {"CropBox": [0.0, 0.0, 595.219970703125, 842.0], "MediaBox": [0.0, 0.0, 595.219970703125, 842.0]}, "height": 842.0, "is_scanned": false, "page_number": 5, "rotation": 0, "width": 595.219970703125}]}