{"version": {"json_export": "202", "page_segmentation": "5", "schema": "1.1.0", "structure": "1.1090.0", "table_structure": "5"}, "extended_metadata": {"ID_instance": "3D 61 D3 2A E6 B9 B2 11 0A 00 67 45 8B 6B C6 23 ", "ID_permanent": "30 39 20 35 31 20 43 46 20 32 41 20 45 36 20 42 39 20 42 32 20 31 31 20 30 41 20 30 30 20 36 37 20 34 35 20 38 42 20 36 42 20 43 36 20 32 33 20 ", "has_acroform": false, "has_embedded_files": false, "is_XFA": false, "is_certified": false, "is_encrypted": false, "is_digitally_signed": false, "language": "en-GB", "page_count": 6, "pdf_version": "1.6", "pdfa_compliance_level": "", "pdfua_compliance_level": ""}, "elements": [{"Bounds": [219.41000366210938, 730.3240051269531, 370.4420471191406, 741.8200073242188], "Font": {"alt_family_name": "Century Gothic", "embedded": true, "encoding": "WinAnsiEncoding", "family_name": "Century Gothic", "font_type": "TrueType", "italic": false, "monospaced": false, "name": "ABCDEE+Century Gothic", "subset": true, "weight": 400}, "HasClip": true, "Lang": "fr", "ObjectID": 306, "Page": 0, "Path": "//Document/Title", "Text": "COMMUNIQU\u00c9 DE PRESSE ", "TextSize": 12.0, "attributes": {"LineHeight": 14.375, "SpaceAfter": 18, "TextAlign": "Center"}}, {"Bounds": [328.99000549316406, 699.5079956054688, 503.2868194580078, 708.1300048828125], "Font": {"alt_family_name": "Century Gothic", "embedded": true, "encoding": "WinAnsiEncoding", "family_name": "Century Gothic", "font_type": "TrueType", "italic": false, "monospaced": false, "name": "ABCDEE+Century Gothic", "subset": true, "weight": 400}, "HasClip": true, "Lang": "fr", "ObjectID": 307, "Page": 0, "Path": "//Document/P", "Text": "Boulogne-Billancourt, 6 d\u00e9cembre 2021 ", "TextSize": 9.0, "attributes": {"LineHeight": 10.75, "SpaceAfter": 18, "TextAlign": "End"}}, {"Bounds": [94.2239990234375, 616.2203216552734, 506.17274475097656, 675.632080078125], "Font": {"alt_family_name": "Century Gothic", "embedded": true, "encoding": "WinAnsiEncoding", "family_name": "Century Gothic", "font_type": "TrueType", "italic": false, "monospaced": false, "name": "ABCDEE+Century Gothic,Bold", "subset": true, "weight": 700}, "HasClip": true, "Lang": "fr", "ObjectID": 308, "Page": 0, "Path": "//Document/Title[2]", "Text": "\u00ab Building sustainable growth \u00bb : Carmila annonce un nouveau plan strat\u00e9gique autour de la croissance et du d\u00e9veloppement durable ", "TextSize": 15.960006713867188, "attributes": {"LineHeight": 20.875, "TextAlign": "Center"}}, {"Bounds": [88.94400024414062, 588.8987274169922, 96.01559448242188, 600.0140838623047], "Font": {"alt_family_name": "Symbol", "embedded": true, "encoding": "Identity-H", "family_name": "Symbol", "font_type": "CIDFontType2", "italic": false, "monospaced": false, "name": "Symbol", "subset": false, "weight": 400}, "HasClip": false, "ObjectID": 402, "Page": 0, "Path": "//Document/L/LI/Lbl", "Text": "\uf0b7 ", "TextSize": 9.960006713867188}, {"Bounds": [106.94172668457031, 575.8013153076172, 527.1730499267578, 598.5399932861328], "Font": {"alt_family_name": "Century Gothic", "embedded": true, "encoding": "WinAnsiEncoding", "family_name": "Century Gothic", "font_type": "TrueType", "italic": false, "monospaced": false, "name": "ABCDEE+Century Gothic,Bold", "subset": true, "weight": 700}, "HasClip": false, "ObjectID": 403, "Page": 0, "Path": "//Document/L/LI/LBody", "Text": "Carmila pr\u00e9sentera son nouveau plan strat\u00e9gique et financier \u00e0 horizon 2022-2026 lors de sa journ\u00e9e investisseurs du 7 d\u00e9cembre 2021 \u00e0 Paris ", "TextSize": 9.960006713867188}, {"Bounds": [88.94400024414062, 562.5047149658203, 96.01559448242188, 573.6200866699219], "Font": {"alt_family_name": "Symbol", "embedded": true, "encoding": "Identity-H", "family_name": "Symbol", "font_type": "CIDFontType2", "italic": false, "monospaced": false, "name": "Symbol", "subset": false, "weight": 400}, "HasClip": false, "ObjectID": 399, "Page": 0, "Path": "//Document/L/LI[2]/Lbl", "Text": "\uf0b7 ", "TextSize": 9.960006713867188}, {"Bounds": [106.94172668457031, 536.0908050537109, 527.1043548583984, 572.14599609375], "Font": {"alt_family_name": "Century Gothic", "embedded": true, "encoding": "WinAnsiEncoding", "family_name": "Century Gothic", "font_type": "TrueType", "italic": false, "monospaced": false, "name": "ABCDEE+Century Gothic,Bold", "subset": true, "weight": 700}, "HasClip": false, "ObjectID": 400, "Page": 0, "Path": "//Document/L/LI[2]/LBody", "Text": "Ce plan d\u00e9crit la nouvelle ambition de Carmila de construire une croissance durable et d\u2019investir dans de nouvelles lignes m\u00e9tiers. Carmila r\u00e9pond ainsi aux \u00e9volutions structurelles du retail, qui ont connu une acc\u00e9l\u00e9ration avec la crise sanitaire ", "TextSize": 9.960006713867188}, {"Bounds": [88.95396423339844, 522.7942047119141, 96.02555847167969, 533.9095611572266], "Font": {"alt_family_name": "Symbol", "embedded": true, "encoding": "Identity-H", "family_name": "Symbol", "font_type": "CIDFontType2", "italic": false, "monospaced": false, "name": "Symbol", "subset": false, "weight": 400}, "HasClip": false, "ObjectID": 382, "Page": 0, "Path": "//Document/L/LI[3]/Lbl", "Text": "\uf0b7 ", "TextSize": 9.960006713867188}, {"Bounds": [106.95167541503906, 522.7942047119141, 259.3197326660156, 533.9095611572266], "Font": {"alt_family_name": "Century Gothic", "embedded": true, "encoding": "WinAnsiEncoding", "family_name": "Century Gothic", "font_type": "TrueType", "italic": false, "monospaced": false, "name": "ABCDEE+Century Gothic,Bold", "subset": true, "weight": 700}, "HasClip": false, "ObjectID": 384, "Page": 0, "Path": "//Document/L/LI[3]/LBody/ParagraphSpan", "Text": "Ce plan repose sur trois piliers : ", "TextSize": 9.960006713867188}, {"Bounds": [124.94940185546875, 509.5971984863281, 133.4154052734375, 520.7125549316406], "Font": {"alt_family_name": "Courier New", "embedded": true, "encoding": "WinAnsiEncoding", "family_name": "Courier New", "font_type": "TrueType", "italic": false, "monospaced": false, "name": "ABCDEE+Courier New", "subset": true, "weight": 400}, "HasClip": false, "ObjectID": 396, "Page": 0, "Path": "//Document/L/LI[3]/LBody/L/LI/Lbl", "Text": "o ", "TextSize": 9.960006713867188}, {"Bounds": [142.94711303710938, 496.3802795410156, 526.8055267333984, 520.7125549316406], "Font": {"alt_family_name": "Century Gothic", "embedded": true, "encoding": "Identity-H", "family_name": "Century Gothic", "font_type": "CIDFontType2", "italic": false, "monospaced": false, "name": "ABCDEE+Century Gothic,Bold", "subset": true, "weight": 700}, "HasClip": false, "ObjectID": 397, "Page": 0, "Path": "//Document/L/LI[3]/LBody/L/LI/LBody", "Text": "Un nouveau r\u00f4le pour Carmila en tant qu\u2019incubateur et plateforme omnicanale pour ses commer\u00e7ants ", "TextSize": 9.960006713867188}, {"Bounds": [124.93943786621094, 483.08367919921875, 133.4054412841797, 494.19903564453125], "Font": {"alt_family_name": "Courier New", "embedded": true, "encoding": "WinAnsiEncoding", "family_name": "Courier New", "font_type": "TrueType", "italic": false, "monospaced": false, "name": "ABCDEE+Courier New", "subset": true, "weight": 400}, "HasClip": false, "ObjectID": 393, "Page": 0, "Path": "//Document/L/LI[3]/LBody/L/LI[2]/Lbl", "Text": "o ", "TextSize": 9.960006713867188}, {"Bounds": [142.93716430664062, 456.5701599121094, 527.3144378662109, 492.72496032714844], "Font": {"alt_family_name": "Century Gothic", "embedded": true, "encoding": "WinAnsiEncoding", "family_name": "Century Gothic", "font_type": "TrueType", "italic": false, "monospaced": false, "name": "ABCDEE+Century Gothic,Bold", "subset": true, "weight": 700}, "HasClip": false, "ObjectID": 394, "Page": 0, "Path": "//Document/L/LI[3]/LBody/L/LI[2]/LBody", "Text": "Une position de leader en mati\u00e8re de d\u00e9veloppement durable, notamment au travers de projets de mixit\u00e9 urbaine et de l\u2019engagement d\u2019atteindre z\u00e9ro \u00e9mission nette de carbone d\u2019ici 2030 ", "TextSize": 9.960006713867188}, {"Bounds": [124.93943786621094, 443.37315368652344, 133.4054412841797, 454.488525390625], "Font": {"alt_family_name": "Courier New", "embedded": true, "encoding": "WinAnsiEncoding", "family_name": "Courier New", "font_type": "TrueType", "italic": false, "monospaced": false, "name": "ABCDEE+Courier New", "subset": true, "weight": 400}, "HasClip": false, "ObjectID": 390, "Page": 0, "Path": "//Document/L/LI[3]/LBody/L/LI[3]/Lbl", "Text": "o ", "TextSize": 9.960006713867188}, {"Bounds": [142.93716430664062, 430.25584411621094, 527.3692626953125, 454.488525390625], "Font": {"alt_family_name": "Century Gothic", "embedded": true, "encoding": "Identity-H", "family_name": "Century Gothic", "font_type": "CIDFontType2", "italic": false, "monospaced": false, "name": "ABCDEE+Century Gothic,Bold", "subset": true, "weight": 700}, "HasClip": false, "ObjectID": 391, "Page": 0, "Path": "//Document/L/LI[3]/LBody/L/LI[3]/LBody", "Text": "L\u2019investissement dans de nouvelles lignes m\u00e9tiers : les infrastructures digitales et les nouveaux concepts retail ", "TextSize": 9.960006713867188}, {"Bounds": [88.94400024414062, 416.95924377441406, 96.01559448242188, 428.07460021972656], "Font": {"alt_family_name": "Symbol", "embedded": true, "encoding": "Identity-H", "family_name": "Symbol", "font_type": "CIDFontType2", "italic": false, "monospaced": false, "name": "Symbol", "subset": false, "weight": 400}, "HasClip": false, "ObjectID": 379, "Page": 0, "Path": "//Document/L/LI[4]/Lbl", "Text": "\uf0b7 ", "TextSize": 9.960006713867188}, {"Bounds": [106.94172668457031, 403.64271545410156, 527.3353576660156, 426.60052490234375], "Font": {"alt_family_name": "Century Gothic", "embedded": true, "encoding": "WinAnsiEncoding", "family_name": "Century Gothic", "font_type": "TrueType", "italic": false, "monospaced": false, "name": "ABCDEE+Century Gothic,Bold", "subset": true, "weight": 700}, "HasClip": false, "ObjectID": 380, "Page": 0, "Path": "//Document/L/LI[4]/LBody", "Text": "Carmila pr\u00e9voit que les nouvelles initiatives de croissance contribuent \u00e0 hauteur de 30 millions d\u2019euros additionnels au r\u00e9sultat r\u00e9current \u00e0 horizon 2026 ", "TextSize": 9.960006713867188}, {"Bounds": [88.94400024414062, 390.4457244873047, 96.01559448242188, 401.5610809326172], "Font": {"alt_family_name": "Symbol", "embedded": true, "encoding": "Identity-H", "family_name": "Symbol", "font_type": "CIDFontType2", "italic": false, "monospaced": false, "name": "Symbol", "subset": false, "weight": 400}, "HasClip": false, "ObjectID": 374, "Page": 0, "Path": "//Document/L/LI[5]/Lbl", "Text": "\uf0b7 ", "TextSize": 9.960006713867188}, {"Bounds": [106.94172668457031, 377.3483123779297, 526.8762512207031, 400.0870056152344], "Font": {"alt_family_name": "Century Gothic", "embedded": true, "encoding": "WinAnsiEncoding", "family_name": "Century Gothic", "font_type": "TrueType", "italic": false, "monospaced": false, "name": "ABCDEE+Century Gothic,Bold", "subset": true, "weight": 700}, "HasClip": true, "ObjectID": 375, "Page": 0, "Path": "//Document/L/LI[5]/LBody", "Text": "Carmila ambitionne une croissance annuelle moyenne de 10% de son r\u00e9sultat r\u00e9current par action en 2022 et 20231 ", "TextSize": 6.4799957275390625}, {"Bounds": [88.94400024414062, 363.99871826171875, 96.01559448242188, 375.11407470703125], "Font": {"alt_family_name": "Symbol", "embedded": true, "encoding": "Identity-H", "family_name": "Symbol", "font_type": "CIDFontType2", "italic": false, "monospaced": false, "name": "Symbol", "subset": false, "weight": 400}, "HasClip": false, "ObjectID": 371, "Page": 0, "Path": "//Document/L/LI[6]/Lbl", "Text": "\uf0b7 ", "TextSize": 9.960006713867188}, {"Bounds": [106.94172668457031, 350.78179931640625, 527.2238159179688, 375.11407470703125], "Font": {"alt_family_name": "Century Gothic", "embedded": true, "encoding": "Identity-H", "family_name": "Century Gothic", "font_type": "CIDFontType2", "italic": false, "monospaced": false, "name": "ABCDEE+Century Gothic,Bold", "subset": true, "weight": 700}, "HasClip": false, "ObjectID": 372, "Page": 0, "Path": "//Document/L/LI[6]/LBody", "Text": "Carmila annonce un programme de cessions de 200 millions d\u2019euros en 2022 et 2023. Une partie du produit de ces cessions sera allou\u00e9e aux rachats d\u2019actions ", "TextSize": 9.960006713867188}, {"Bounds": [88.95396423339844, 337.4851989746094, 96.02555847167969, 348.6005554199219], "Font": {"alt_family_name": "Symbol", "embedded": true, "encoding": "Identity-H", "family_name": "Symbol", "font_type": "CIDFontType2", "italic": false, "monospaced": false, "name": "Symbol", "subset": false, "weight": 400}, "HasClip": false, "ObjectID": 366, "Page": 0, "Path": "//Document/L/LI[7]/Lbl", "Text": "\uf0b7 ", "TextSize": 9.960006713867188}, {"Bounds": [106.94488525390625, 324.3813171386719, 527.2768249511719, 348.6005554199219], "Font": {"alt_family_name": "Century Gothic", "embedded": true, "encoding": "WinAnsiEncoding", "family_name": "Century Gothic", "font_type": "TrueType", "italic": false, "monospaced": false, "name": "ABCDEE+Century Gothic,Bold", "subset": true, "weight": 700}, "HasClip": false, "ObjectID": 367, "Page": 0, "Path": "//Document/L/LI[7]/LBody", "Text": "Carmila s\u2019engage \u00e0 maintenir un bilan solide et cible un ratio d\u2019endettement LTV2 de 40% sur la p\u00e9riode 2022-2026 ", "TextSize": 9.960006713867188}, {"Bounds": [88.94400024414062, 309.88328552246094, 96.78239440917969, 322.20391845703125], "Font": {"alt_family_name": "Symbol", "embedded": true, "encoding": "Identity-H", "family_name": "Symbol", "font_type": "CIDFontType2", "italic": false, "monospaced": false, "name": "Symbol", "subset": false, "weight": 400}, "HasClip": false, "ObjectID": 361, "Page": 0, "Path": "//Document/L/LI[8]/Lbl", "Text": "\uf0b7 ", "TextSize": 11.039993286132812}, {"Bounds": [106.94000244140625, 283.82432556152344, 527.0527954101562, 321.2340850830078], "Font": {"alt_family_name": "Century Gothic", "embedded": true, "encoding": "WinAnsiEncoding", "family_name": "Century Gothic", "font_type": "TrueType", "italic": false, "monospaced": false, "name": "ABCDEE+Century Gothic,Bold", "subset": true, "weight": 700}, "HasClip": true, "ObjectID": 362, "Page": 0, "Path": "//Document/L/LI[8]/LBody", "Text": "Carmila a l\u2019intention de proposer un dividende annuel d\u2019au moins 1 euro par action entre 2022 et 2026, pay\u00e9 en num\u00e9raire, avec une cible de taux de distribution de 75% du r\u00e9sultat net r\u00e9current3 ", "TextSize": 6.4799957275390625}, {"Bounds": [70.93403625488281, 137.43368530273438, 527.2812957763672, 254.36407470703125], "Font": {"alt_family_name": "Century Gothic", "embedded": true, "encoding": "WinAnsiEncoding", "family_name": "Century Gothic", "font_type": "TrueType", "italic": false, "monospaced": false, "name": "ABCDEE+Century Gothic,Bold", "subset": true, "weight": 700}, "HasClip": false, "Lang": "fr", "ObjectID": 310, "Page": 0, "Path": "//Document/P[2]", "Text": "Marie Cheval, Pr\u00e9sidente et Directrice G\u00e9n\u00e9rale de Carmila a comment\u00e9 : \u00ab La crise sanitaire a pouss\u00e9 Carmila \u00e0 acc\u00e9l\u00e9rer sa transformation et a \u00e9galement renforc\u00e9 son ambition. Ce nouveau plan strat\u00e9gique est centr\u00e9 sur la croissance et les investissements dans de nouvelles activit\u00e9s. Carmila cr\u00e9e une nouvelle ligne m\u00e9tier, Next Tower, pour investir dans les infrastructures digitales, et acc\u00e9l\u00e8re le d\u00e9veloppement de Carmila Retail Development. Carmila a pour ambition de renforcer son offre de services omnicanaux et de proposer une exp\u00e9rience client diff\u00e9renciante. C\u2019est le d\u00e9but d\u2019une nouvelle phase pour Carmila, ax\u00e9e sur le d\u00e9veloppement durable, avec des projets de mixit\u00e9 urbaine et un nouvel engagement d\u2019atteindre z\u00e9ro \u00e9mission nette de carbone d\u2019ici 2030. \u00bb ", "TextSize": 9.960006713867188, "attributes": {"LineHeight": 13.25, "SpaceAfter": 18, "TextAlign": "Justify"}}, {"Bounds": [70.94291687011719, 76.32672119140625, 523.0803070068359, 95.05992126464844], "Font": {"alt_family_name": "Century Gothic", "embedded": true, "encoding": "WinAnsiEncoding", "family_name": "Century Gothic", "font_type": "TrueType", "italic": false, "monospaced": false, "name": "ABCDEE+Century Gothic", "subset": true, "weight": 400}, "HasClip": false, "Lang": "fr", "ObjectID": 311, "Page": 0, "Path": "//Document/Footnote", "Text": "1 Le plan financier repose sur l\u2019absence d\u2019effet COVID majeur, par exemple de nouvelles fermetures de centres li\u00e9es au COVID, \u00e0 partir de 2022. ", "TextSize": 8.039993286132812, "attributes": {"LineHeight": 9.875}}, {"Bounds": [70.94400024414062, 66.48768615722656, 122.70439147949219, 74.19000244140625], "Font": {"alt_family_name": "Century Gothic", "embedded": true, "encoding": "WinAnsiEncoding", "family_name": "Century Gothic", "font_type": "TrueType", "italic": false, "monospaced": false, "name": "ABCDEE+Century Gothic", "subset": true, "weight": 400}, "HasClip": false, "Lang": "fr", "ObjectID": 312, "Page": 0, "Path": "//Document/Footnote[2]", "Text": "2 Droits inclus ", "TextSize": 8.039993286132812, "attributes": {"LineHeight": 6}}, {"Bounds": [70.94400024414062, 56.56727600097656, 275.0463562011719, 65.5399169921875], "Font": {"alt_family_name": "Century Gothic", "embedded": true, "encoding": "Identity-H", "family_name": "Century Gothic", "font_type": "CIDFontType2", "italic": false, "monospaced": false, "name": "ABCDEE+Century Gothic", "subset": true, "weight": 400}, "HasClip": false, "Lang": "fr", "ObjectID": 313, "Page": 0, "Path": "//Document/Footnote[3]", "Text": "3 Dividende soumis \u00e0 l\u2019approbation des actionnaires ", "TextSize": 8.039993286132812, "attributes": {"LineHeight": 6, "SpaceAfter": 14.375}}, {"Bounds": [70.94400024414062, 702.0683135986328, 403.37896728515625, 711.6100006103516], "Font": {"alt_family_name": "Century Gothic", "embedded": true, "encoding": "WinAnsiEncoding", "family_name": "Century Gothic", "font_type": "TrueType", "italic": false, "monospaced": false, "name": "ABCDEE+Century Gothic,Bold", "subset": true, "weight": 700}, "HasClip": false, "Lang": "fr", "ObjectID": 576, "Page": 1, "Path": "//Document/H1", "Text": "Un incubateur et une plateforme omnicanale pour les commer\u00e7ants ", "TextSize": 9.960006713867188, "attributes": {"LineHeight": 12}}, {"Bounds": [70.94400024414062, 669.5489196777344, 527.315185546875, 693.7616729736328], "Font": {"alt_family_name": "Century Gothic", "embedded": true, "encoding": "Identity-H", "family_name": "Century Gothic", "font_type": "CIDFontType2", "italic": false, "monospaced": false, "name": "ABCDEE+Century Gothic", "subset": true, "weight": 400}, "HasClip": false, "Lang": "fr", "ObjectID": 577, "Page": 1, "Path": "//Document/P[3]", "Text": "Carmila acc\u00e9l\u00e8re la transformation de son c\u0153ur de m\u00e9tier en transformant sa mani\u00e8re de travailler avec les commer\u00e7ants. ", "TextSize": 9.960006713867188, "attributes": {"LineHeight": 13.25, "SpaceAfter": 6}}, {"Bounds": [70.94400024414062, 557.6981201171875, 527.139892578125, 659.8877258300781], "Font": {"alt_family_name": "Century Gothic", "embedded": true, "encoding": "WinAnsiEncoding", "family_name": "Century Gothic", "font_type": "TrueType", "italic": false, "monospaced": false, "name": "ABCDEE+Century Gothic", "subset": true, "weight": 400}, "HasClip": false, "Lang": "fr", "ObjectID": 578, "Page": 1, "Path": "//Document/P[4]", "Text": "Afin de r\u00e9pondre aux nouvelles attentes des clients, les centres Carmila joueront un r\u00f4le d\u2019incubateur pour les nouvelles marques et les nouveaux concepts, en particulier pour les DNVB (\u00ab digital native vertical brands \u00bb, les marques n\u00e9es sur internet). L\u2019objectif est de renouveler le mix-merchandising des centres Carmila, notamment autour de la sant\u00e9, qui repr\u00e9sentera 15% des revenus locatifs d\u2019ici 2026. En proposant une large offre de formats adapt\u00e9s \u00e0 chaque besoin (\u00e9v\u00e9nements, boutiques \u00e9ph\u00e9m\u00e8res, specialty leasing\u2026), cette strat\u00e9gie permettra de g\u00e9n\u00e9rer des revenus additionnels et de soutenir la fr\u00e9quentation des centres Carmila. ", "TextSize": 9.960006713867188, "attributes": {"LineHeight": 13.25, "SpaceAfter": 6, "TextAlign": "Justify"}}, {"Bounds": [70.94400024414062, 511.9817199707031, 527.1857299804688, 548.0369262695312], "Font": {"alt_family_name": "Century Gothic", "embedded": true, "encoding": "WinAnsiEncoding", "family_name": "Century Gothic", "font_type": "TrueType", "italic": false, "monospaced": false, "name": "ABCDEE+Century Gothic", "subset": true, "weight": 400}, "HasClip": false, "Lang": "fr", "ObjectID": 579, "Page": 1, "Path": "//Document/P[5]", "Text": "Carmila acc\u00e9l\u00e8re le d\u00e9veloppement de sa plateforme de services aux commer\u00e7ants, notamment des services omnicanaux, en les regroupant sous une seule offre (Carmila Services Hub). ", "TextSize": 9.960006713867188, "attributes": {"LineHeight": 13.25, "SpaceAfter": 6, "TextAlign": "Justify"}}, {"Bounds": [70.94400024414062, 453.0683135986328, 526.9725799560547, 502.3205261230469], "Font": {"alt_family_name": "Century Gothic", "embedded": true, "encoding": "WinAnsiEncoding", "family_name": "Century Gothic", "font_type": "TrueType", "italic": false, "monospaced": false, "name": "ABCDEE+Century Gothic", "subset": true, "weight": 400}, "HasClip": false, "Lang": "fr", "ObjectID": 580, "Page": 1, "Path": "//Document/P[6]", "Text": "Gr\u00e2ce \u00e0 des partenariats avec un \u00e9cosyst\u00e8me de startups, Carmila renforce son soutien aux commer\u00e7ants \u00e0 chaque \u00e9tape du parcours client. Ces initiatives favoriseront le d\u00e9veloppement omnicanal des centres et des commer\u00e7ants, g\u00e9n\u00e9rant du trafic et des ventes additionnels. ", "TextSize": 9.960006713867188, "attributes": {"LineHeight": 13.25, "SpaceAfter": 5.875, "TextAlign": "Justify"}}, {"Bounds": [70.94400024414062, 407.3320007324219, 527.0522155761719, 444.8811950683594], "Font": {"alt_family_name": "Century Gothic", "embedded": true, "encoding": "WinAnsiEncoding", "family_name": "Century Gothic", "font_type": "TrueType", "italic": false, "monospaced": false, "name": "ABCDEE+Century Gothic", "subset": true, "weight": 400}, "HasClip": false, "Lang": "fr", "ObjectID": 581, "Page": 1, "Path": "//Document/P[7]", "Text": "Pour mettre en \u0153uvre cette strat\u00e9gie omnicanale, Carmila peut s\u2019appuyer sur son partenariat avec Carrefour, actionnaire strat\u00e9gique d\u00e9tenant 35% de son capital. Carrefour apporte une expertise technique importante \u00e0 Carmila et lui donne acc\u00e8s \u00e0 des leaders de la tech. ", "TextSize": 9.960006713867188, "attributes": {"LineHeight": 13.375, "SpaceAfter": 6, "TextAlign": "Justify"}}, {"Bounds": [70.94400024414062, 374.83251953125, 526.9197082519531, 397.6708068847656], "Font": {"alt_family_name": "Century Gothic", "embedded": true, "encoding": "WinAnsiEncoding", "family_name": "Century Gothic", "font_type": "TrueType", "italic": false, "monospaced": false, "name": "ABCDEE+Century Gothic", "subset": true, "weight": 400}, "HasClip": false, "Lang": "fr", "ObjectID": 582, "Page": 1, "Path": "//Document/P[8]", "Text": "Cette nouvelle approche g\u00e9n\u00e9rera une contribution additionnelle au r\u00e9sultat r\u00e9current de 10 millions d\u2019euros d\u2019ici 2026. ", "TextSize": 9.960006713867188, "attributes": {"LineHeight": 13.25, "SpaceAfter": 18}}, {"Bounds": [70.94400024414062, 335.2116394042969, 329.72479248046875, 344.7533264160156], "Font": {"alt_family_name": "Century Gothic", "embedded": true, "encoding": "WinAnsiEncoding", "family_name": "Century Gothic", "font_type": "TrueType", "italic": false, "monospaced": false, "name": "ABCDEE+Century Gothic,Bold", "subset": true, "weight": 700}, "HasClip": false, "Lang": "en", "ObjectID": 583, "Page": 1, "Path": "//Document/H1[2]", "Text": "Un leader dans la transformation durable des r\u00e9gions ", "TextSize": 9.960006713867188, "attributes": {"LineHeight": 12, "SpaceAfter": 6}}, {"Bounds": [70.94400024414062, 236.45823669433594, 527.3610229492188, 325.5504455566406], "Font": {"alt_family_name": "Century Gothic", "embedded": true, "encoding": "WinAnsiEncoding", "family_name": "Century Gothic", "font_type": "TrueType", "italic": false, "monospaced": false, "name": "ABCDEE+Century Gothic", "subset": true, "weight": 400}, "HasClip": false, "Lang": "fr", "ObjectID": 584, "Page": 1, "Path": "//Document/P[9]", "Text": "Le pipeline des projets de d\u00e9veloppement de Carmila a \u00e9t\u00e9 compl\u00e8tement repens\u00e9 autour de l\u2019excellence environnementale et de la mixit\u00e9 urbaine. Les cinq projets d\u2019extension majeurs repr\u00e9sentent 550 millions d\u2019euros d\u2019investissements pour un rendement de 6,6%. Ils reposent sur l\u2019extension du centre commercial et la cr\u00e9ation de logements, d\u2019espaces verts, de bureaux et d\u2019infrastructures d\u2019\u00e9nergie renouvelable, sans artificialisation nette des sols. Les travaux sur ces cinq projets d\u00e9buteront par Montesson en 2023. D\u2019un montant d\u2019investissement de 150 millions d\u2019euros, ce projet sera financ\u00e9 par la rotation d\u2019actifs. ", "TextSize": 9.960006713867188, "attributes": {"LineHeight": 13.25, "SpaceAfter": 6, "TextAlign": "Justify"}}, {"Bounds": [70.94400024414062, 204.05836486816406, 527.2554168701172, 228.3707275390625], "Font": {"alt_family_name": "Century Gothic", "embedded": true, "encoding": "WinAnsiEncoding", "family_name": "Century Gothic", "font_type": "TrueType", "italic": false, "monospaced": false, "name": "ABCDEE+Century Gothic", "subset": true, "weight": 400}, "HasClip": false, "Lang": "fr", "ObjectID": 585, "Page": 1, "Path": "//Document/P[10]", "Text": "Au-del\u00e0 de ces cinq projets d\u2019extension majeurs, Carmila r\u00e9alisera environ 60 projets de restructuration par an, pour un co\u00fbt annuel de 25 millions d\u2019euros avec un rendement de 10%. ", "TextSize": 9.960006713867188, "attributes": {"LineHeight": 13.25, "SpaceAfter": 6.125, "TextAlign": "Justify"}}, {"Bounds": [70.94400024414062, 131.92803955078125, 527.0532073974609, 194.3772430419922], "Font": {"alt_family_name": "Century Gothic", "embedded": true, "encoding": "WinAnsiEncoding", "family_name": "Century Gothic", "font_type": "TrueType", "italic": false, "monospaced": false, "name": "ABCDEE+Century Gothic", "subset": true, "weight": 400}, "HasClip": false, "Lang": "fr", "ObjectID": 586, "Page": 1, "Path": "//Document/P[11]", "Text": "Carmila lancera \u00e9galement des projets de mixit\u00e9 urbaine \u00e0 grande \u00e9chelle, qui red\u00e9finiront totalement la place du centre commercial dans la ville. Les sites en question, actuellement 100% retail, deviendront de nouveaux quartiers pens\u00e9s autour de l\u2019habitation, du travail, des services et des espaces verts. Les travaux d\u00e9buteront \u00e0 partir de 2025, pour des livraisons \u00e0 partir de 2030. ", "TextSize": 9.960006713867188, "attributes": {"LineHeight": 13.25, "SpaceAfter": 18, "TextAlign": "Justify"}}, {"Bounds": [246.05076599121094, 93.51231384277344, 248.8395538330078, 103.05400085449219], "Font": {"alt_family_name": "Century Gothic", "embedded": true, "encoding": "Identity-H", "family_name": "Century Gothic", "font_type": "CIDFontType2", "italic": false, "monospaced": false, "name": "ABCDEE+Century Gothic,Bold", "subset": true, "weight": 700}, "HasClip": false, "ObjectID": 589, "Page": 1, "Path": "//Document/H1[3]/NbspSpan", "Text": " ", "TextSize": 9.960006713867188}, {"Bounds": [70.94400024414062, 93.4127197265625, 398.24952697753906, 104.528076171875], "Font": {"alt_family_name": "Century Gothic", "embedded": true, "encoding": "Identity-H", "family_name": "Century Gothic", "font_type": "CIDFontType2", "italic": false, "monospaced": false, "name": "ABCDEE+Century Gothic,Bold", "subset": true, "weight": 700}, "HasClip": false, "Lang": "fr", "ObjectID": 587, "Page": 1, "Path": "//Document/H1[3]", "Text": "Un nouvel engagement sur le climat: z\u00e9ro \u00e9mission nette d\u2019ici 2030 ", "TextSize": 9.960006713867188, "attributes": {"LineHeight": 12, "SpaceAfter": 6.125}}, {"Bounds": [70.94400024414062, 60.992919921875, 526.9227600097656, 85.20567321777344], "Font": {"alt_family_name": "Century Gothic", "embedded": true, "encoding": "WinAnsiEncoding", "family_name": "Century Gothic", "font_type": "TrueType", "italic": false, "monospaced": false, "name": "ABCDEE+Century Gothic", "subset": true, "weight": 400}, "HasClip": false, "ObjectID": 762, "Page": 1, "Path": "//Document/P[12]/ParagraphSpan", "Text": "Carmila se fixe comme objectif z\u00e9ro \u00e9mission nette de carbone Scope 1 et 2 en 2030. D\u2019ici 2030, Carmila r\u00e9duira de 90% ses \u00e9missions par rapport \u00e0 2019 gr\u00e2ce \u00e0 une diminution de sa ", "TextSize": 9.960006713867188}, {"Bounds": [70.94400024414062, 635.7446746826172, 527.0871124267578, 713.0840759277344], "Font": {"alt_family_name": "Century Gothic", "embedded": true, "encoding": "Identity-H", "family_name": "Century Gothic", "font_type": "CIDFontType2", "italic": false, "monospaced": false, "name": "ABCDEE+Century Gothic", "subset": true, "weight": 400}, "HasClip": false, "ObjectID": 763, "Page": 2, "Path": "//Document/P[12]/ParagraphSpan[2]", "Text": "consommation d\u2019\u00e9nergie et \u00e0 l\u2019utilisation exclusive d\u2019\u00e9nergies renouvelables dans ses centres. Les 10% d\u2019\u00e9missions restant seront compens\u00e9s, en ligne avec les pr\u00e9conisations de la SBTi (\u201cScience Based Targets initiative\u201d). Cette compensation s\u2019effectuera via le financement de la transition \u00e9cologique d\u2019exploitations agricoles proches des centres Carmila, en partenariat avec la soci\u00e9t\u00e9 TerraTerre. Carmila continuera \u00e9galement de r\u00e9duire ses \u00e9missions Scope 3, avec comme ambition d\u2019atteindre la neutralit\u00e9 carbone en 2040. ", "TextSize": 9.960006713867188}, {"Bounds": [70.94400024414062, 597.448486328125, 523.3870239257812, 606.9901580810547], "Font": {"alt_family_name": "Century Gothic", "embedded": true, "encoding": "WinAnsiEncoding", "family_name": "Century Gothic", "font_type": "TrueType", "italic": false, "monospaced": false, "name": "ABCDEE+Century Gothic,Bold", "subset": true, "weight": 700}, "HasClip": false, "Lang": "fr", "ObjectID": 613, "Page": 2, "Path": "//Document/H1[4]", "Text": "Cr\u00e9ation de la nouvelle ligne m\u00e9tier Next Tower, pour investir dans les infrastructures digitales ", "TextSize": 9.960006713867188, "attributes": {"LineHeight": 12, "SpaceAfter": 6, "TextAlign": "Center"}}, {"Bounds": [70.94400024414062, 525.3081970214844, 527.0950927734375, 589.2314758300781], "Font": {"alt_family_name": "Century Gothic", "embedded": true, "encoding": "WinAnsiEncoding", "family_name": "Century Gothic", "font_type": "TrueType", "italic": false, "monospaced": false, "name": "ABCDEE+Century Gothic", "subset": true, "weight": 400}, "HasClip": false, "Lang": "fr", "ObjectID": 614, "Page": 2, "Path": "//Document/P[13]", "Text": "Avec Next Tower, Carmila annonce la cr\u00e9ation d\u2019une soci\u00e9t\u00e9 d\u2019antennes pour la t\u00e9l\u00e9phonie mobile, qui d\u00e9tiendra 180 millions d\u2019euros d\u2019actifs d\u2019ici 2026. Next Tower est un promoteur immobilier qui construit des tours 5G partag\u00e9es entre plusieurs op\u00e9rateurs mobiles sur les sites Carmila et Carrefour. Avec Next Tower, Carmila investira dans plusieurs types d\u2019infrastructures digitales, telles que les antennes mobiles, les data centres et les r\u00e9seaux de fibre optique. ", "TextSize": 9.960006713867188, "attributes": {"LineHeight": 13.25, "SpaceAfter": 6.125, "TextAlign": "Justify"}}, {"Bounds": [70.94400024414062, 466.17567443847656, 527.0870971679688, 515.5274810791016], "Font": {"alt_family_name": "Century Gothic", "embedded": true, "encoding": "WinAnsiEncoding", "family_name": "Century Gothic", "font_type": "TrueType", "italic": false, "monospaced": false, "name": "ABCDEE+Century Gothic", "subset": true, "weight": 400}, "HasClip": false, "Lang": "fr", "ObjectID": 615, "Page": 2, "Path": "//Document/P[14]", "Text": "Apr\u00e8s une phase de test concluante qui a d\u00e9but\u00e9 en 2019, Next Tower suivra un plan de d\u00e9veloppement ambitieux de 80 nouveaux sites par an, pour un total de 400 sites \u00e0 horizon 2026. En 2026, cette ligne m\u00e9tier g\u00e9n\u00e9rera une contribution au r\u00e9sultat r\u00e9current annuel de Carmila de 10 millions d\u2019euros. La croissance se poursuivra apr\u00e8s cette premi\u00e8re phase. ", "TextSize": 9.960006713867188, "attributes": {"LineHeight": 13.25, "SpaceAfter": 6, "TextAlign": "Justify"}}, {"Bounds": [70.94400024414062, 433.7758026123047, 526.8331451416016, 456.61407470703125], "Font": {"alt_family_name": "Century Gothic", "embedded": true, "encoding": "WinAnsiEncoding", "family_name": "Century Gothic", "font_type": "TrueType", "italic": false, "monospaced": false, "name": "ABCDEE+Century Gothic", "subset": true, "weight": 400}, "HasClip": false, "Lang": "fr", "ObjectID": 616, "Page": 2, "Path": "//Document/P[15]", "Text": "En contribuant \u00e0 r\u00e9duire la fracture num\u00e9rique, le projet Next Tower est enti\u00e8rement align\u00e9 avec l\u2019objectif de Carmila de participer \u00e0 la transformation durable des r\u00e9gions. ", "TextSize": 9.960006713867188, "attributes": {"LineHeight": 13.25, "SpaceAfter": 7.375}}, {"Bounds": [70.94400024414062, 414.55299377441406, 483.6864013671875, 425.6683654785156], "Font": {"alt_family_name": "Century Gothic", "embedded": true, "encoding": "WinAnsiEncoding", "family_name": "Century Gothic", "font_type": "TrueType", "italic": false, "monospaced": false, "name": "ABCDEE+Century Gothic", "subset": true, "weight": 400}, "HasClip": false, "Lang": "en", "ObjectID": 617, "Page": 2, "Path": "//Document/P[16]", "Text": "Next Tower requerra un investissement d\u2019environ 13 millions d\u2019euros par an d\u2019ici 2026. ", "TextSize": 9.960006713867188, "attributes": {"LineHeight": 12, "SpaceAfter": 18}}, {"Bounds": [70.93403625488281, 377.09344482421875, 368.97705078125, 386.63511657714844], "Font": {"alt_family_name": "Century Gothic", "embedded": true, "encoding": "WinAnsiEncoding", "family_name": "Century Gothic", "font_type": "TrueType", "italic": false, "monospaced": false, "name": "ABCDEE+Century Gothic,Bold", "subset": true, "weight": 700}, "HasClip": false, "Lang": "fr", "ObjectID": 618, "Page": 2, "Path": "//Document/H1[5]", "Text": "Acc\u00e9l\u00e9rer le d\u00e9veloppement de Carmila Retail Development ", "TextSize": 9.960006713867188, "attributes": {"LineHeight": 12, "SpaceAfter": 5}}, {"Bounds": [70.93403625488281, 332.4626770019531, 526.9835357666016, 368.3983612060547], "Font": {"alt_family_name": "Century Gothic", "embedded": true, "encoding": "WinAnsiEncoding", "family_name": "Century Gothic", "font_type": "TrueType", "italic": false, "monospaced": false, "name": "ABCDEE+Century Gothic", "subset": true, "weight": 400}, "HasClip": false, "Lang": "fr", "ObjectID": 619, "Page": 2, "Path": "//Document/P[17]", "Text": "Carmila Retail Development (CRD) constituera une nouvelle ligne m\u00e9tier avec un portefeuille de 40 millions d\u2019euros de participations minoritaires dans de nouveaux concepts retail, sous forme d\u2019investissements capital-risque. ", "TextSize": 9.960006713867188, "attributes": {"LineHeight": 13.25, "SpaceAfter": 6.125, "TextAlign": "Justify"}}, {"Bounds": [70.93403625488281, 286.74627685546875, 527.1667785644531, 322.6819610595703], "Font": {"alt_family_name": "Century Gothic", "embedded": true, "encoding": "WinAnsiEncoding", "family_name": "Century Gothic", "font_type": "TrueType", "italic": false, "monospaced": false, "name": "ABCDEE+Century Gothic", "subset": true, "weight": 400}, "HasClip": false, "Lang": "fr", "ObjectID": 620, "Page": 2, "Path": "//Document/P[18]", "Text": "CRD r\u00e9alise des investissements en capital dans de jeunes entreprises afin de tester de nouveaux concepts et de les d\u00e9ployer \u00e0 plus grande \u00e9chelle d\u00e8s lors qu\u2019ils ont d\u00e9montr\u00e9 leur fort potentiel en centre commercial. ", "TextSize": 9.960006713867188, "attributes": {"LineHeight": 13.25, "SpaceAfter": 6, "TextAlign": "Justify"}}, {"Bounds": [70.93403625488281, 241.0, 527.0472259521484, 277.0552062988281], "Font": {"alt_family_name": "Century Gothic", "embedded": true, "encoding": "WinAnsiEncoding", "family_name": "Century Gothic", "font_type": "TrueType", "italic": false, "monospaced": false, "name": "ABCDEE+Century Gothic", "subset": true, "weight": 400}, "HasClip": false, "Lang": "fr", "ObjectID": 621, "Page": 2, "Path": "//Document/P[19]", "Text": "CRD acquiert des participations de 30 \u00e0 40% dans de jeunes entreprises prometteuses et leur fournit une expertise et des services omnicanaux pour les aider \u00e0 r\u00e9ussir leur d\u00e9veloppement en centres commerciaux. ", "TextSize": 9.960006713867188, "attributes": {"LineHeight": 13.25, "SpaceAfter": 6, "TextAlign": "Justify"}}, {"Bounds": [70.93403625488281, 168.8896026611328, 526.8729553222656, 232.81288146972656], "Font": {"alt_family_name": "Century Gothic", "embedded": true, "encoding": "Identity-H", "family_name": "Century Gothic", "font_type": "CIDFontType2", "italic": false, "monospaced": false, "name": "ABCDEE+Century Gothic", "subset": true, "weight": 400}, "HasClip": false, "Lang": "fr", "ObjectID": 622, "Page": 2, "Path": "//Document/P[20]", "Text": "D\u2019ici 2026, CRD ambitionne d\u2019avoir un portefeuille de 20 marques, op\u00e9rant plus de 700 boutiques dans les centres Carmila et non-Carmila. Avec un cycle d\u2019investissement de 4 \u00e0 5 ans, Carmila a l\u2019intention de c\u00e9der les participations une fois que les entreprises auront atteint un certain niveau de maturit\u00e9. Cela permettra alors \u00e0 CRD d\u2019investir de nouveau dans de jeunes entreprises. ", "TextSize": 9.960006713867188, "attributes": {"LineHeight": 13.25, "SpaceAfter": 6.125, "TextAlign": "Justify"}}, {"Bounds": [70.93403625488281, 109.9761962890625, 527.3051605224609, 160.5829620361328], "Font": {"alt_family_name": "Century Gothic", "embedded": true, "encoding": "Identity-H", "family_name": "Century Gothic", "font_type": "CIDFontType2", "italic": false, "monospaced": false, "name": "ABCDEE+Century Gothic", "subset": true, "weight": 400}, "HasClip": false, "Lang": "fr", "ObjectID": 623, "Page": 2, "Path": "//Document/P[21]", "Text": "D\u2019ici 2026, CRD se fixe comme objectif une contribution annuelle au r\u00e9sultat r\u00e9current de Carmila de 10 millions d\u2019euros. En 2024 les commer\u00e7ants du portefeuille repr\u00e9senteront environ 15 millions d\u2019euros de loyers pour Carmila en tant que bailleur. Ces partenaires contribueront au renouv\u00e8lement du mix-merchandising dans les centres Carmila. ", "TextSize": 9.960006713867188, "attributes": {"LineHeight": 13.25, "SpaceAfter": 6.125, "TextAlign": "Justify"}}, {"Bounds": [70.92408752441406, 64.23988342285156, 527.138916015625, 100.17556762695312], "Font": {"alt_family_name": "Century Gothic", "embedded": true, "encoding": "WinAnsiEncoding", "family_name": "Century Gothic", "font_type": "TrueType", "italic": false, "monospaced": false, "name": "ABCDEE+Century Gothic", "subset": true, "weight": 400}, "HasClip": false, "Lang": "fr", "ObjectID": 624, "Page": 2, "Path": "//Document/P[22]", "Text": "Cette nouvelle phase pour Carmila Retail Development d\u00e9bute par des investissements de 15 millions d\u2019euros en 2021, de 10 millions d\u2019euros en 2022 et de 10 millions d\u2019euros en 2023, avec z\u00e9ro investissement net apr\u00e8s 2023. ", "TextSize": 9.960006713867188, "attributes": {"LineHeight": 13.25, "SpaceAfter": 18, "TextAlign": "Justify"}}, {"Bounds": [70.94400024414062, 682.6487274169922, 341.1886749267578, 693.7640838623047], "Font": {"alt_family_name": "Century Gothic", "embedded": true, "encoding": "Identity-H", "family_name": "Century Gothic", "font_type": "CIDFontType2", "italic": false, "monospaced": false, "name": "ABCDEE+Century Gothic,Bold", "subset": true, "weight": 700}, "HasClip": false, "Lang": "fr", "ObjectID": 625, "Page": 3, "Path": "//Document/H1[6]", "Text": "Apporter de la croissance \u00e0 un c\u0153ur de m\u00e9tier r\u00e9silient ", "TextSize": 9.960006713867188, "attributes": {"LineHeight": 12, "SpaceAfter": 6}}, {"Bounds": [70.94400024414062, 570.8975219726562, 527.2713317871094, 673.0871124267578], "Font": {"alt_family_name": "Century Gothic", "embedded": true, "encoding": "WinAnsiEncoding", "family_name": "Century Gothic", "font_type": "TrueType", "italic": false, "monospaced": false, "name": "ABCDEE+Century Gothic", "subset": true, "weight": 400}, "HasClip": false, "Lang": "fr", "ObjectID": 626, "Page": 3, "Path": "//Document/P[23]", "Text": "Carmila est confiant dans sa capacit\u00e9 \u00e0 maintenir un niveau de vacance bas et une base locative stable dans les ann\u00e9es \u00e0 venir, en s\u2019appuyant sur son mod\u00e8le d\u2019incubateur et des loyers mod\u00e9r\u00e9s (255 euros par m\u00e8tre carr\u00e9, au premier semestre 2021). Carmila est \u00e9galement confiant en ses valeurs d\u2019expertise et s\u2019attend \u00e0 une l\u00e9g\u00e8re augmentation de la valeur de son patrimoine \u00e0 p\u00e9rim\u00e8tre constant \u00e0 fin 2021. La performance de son c\u0153ur de m\u00e9tier devrait s\u2019am\u00e9liorer dans les trimestres \u00e0 venir en raison de l\u2019augmentation de la collecte des loyers et du maintien d\u2019une base locative stable. Cette am\u00e9lioration a commenc\u00e9 d\u00e8s le troisi\u00e8me trimestre 2021, le taux de collecte de loyer atteignant 92% au troisi\u00e8me trimestre \u00e0 date. ", "TextSize": 9.960006713867188, "attributes": {"LineHeight": 13.25, "SpaceAfter": 6, "TextAlign": "Justify"}}, {"Bounds": [70.94400024414062, 511.884521484375, 527.2613677978516, 562.7104034423828], "Font": {"alt_family_name": "Century Gothic", "embedded": true, "encoding": "Identity-H", "family_name": "Century Gothic", "font_type": "CIDFontType2", "italic": false, "monospaced": false, "name": "ABCDEE+Century Gothic", "subset": true, "weight": 400}, "HasClip": false, "Lang": "fr", "ObjectID": 627, "Page": 3, "Path": "//Document/P[24]", "Text": "En plus de la performance r\u00e9siliente de son c\u0153ur de m\u00e9tier, Carmila pr\u00e9voit que les trois nouvelles initiatives majeures, le mod\u00e8le d\u2019incubateur et les services aux commer\u00e7ants, Next Tower et Carmila Retail Development, apportent 30 millions d\u2019euros de r\u00e9sultat r\u00e9current annuel additionnel d\u2019ici 2026. ", "TextSize": 9.960006713867188, "attributes": {"LineHeight": 13.25, "SpaceAfter": 18, "TextAlign": "Justify"}}, {"Bounds": [70.94400024414062, 466.7458038330078, 526.8769226074219, 503.91651916503906], "Font": {"alt_family_name": "Century Gothic", "embedded": true, "encoding": "WinAnsiEncoding", "family_name": "Century Gothic", "font_type": "TrueType", "italic": false, "monospaced": false, "name": "ABCDEE+Century Gothic", "subset": true, "weight": 400}, "HasClip": false, "Lang": "fr", "ObjectID": 628, "Page": 3, "Path": "//Document/P[25]", "Text": "Carmila s\u2019attend \u00e0 une croissance lin\u00e9aire de la contribution de ses initiatives au r\u00e9sultat r\u00e9current sur la p\u00e9riode 2022-2026. Cela correspond \u00e0 une augmentation de +18% du r\u00e9sultat r\u00e9current par rapport au niveau de 2020. ", "TextSize": 9.960006713867188, "attributes": {"LineHeight": 13.125, "SpaceAfter": 18, "TextAlign": "Justify"}}, {"Bounds": [70.94400024414062, 428.330078125, 527.2006072998047, 437.87176513671875], "Font": {"alt_family_name": "Century Gothic", "embedded": true, "encoding": "WinAnsiEncoding", "family_name": "Century Gothic", "font_type": "TrueType", "italic": false, "monospaced": false, "name": "ABCDEE+Century Gothic,Bold", "subset": true, "weight": 700}, "HasClip": false, "Lang": "fr", "ObjectID": 629, "Page": 3, "Path": "//Document/H1[7]", "Text": "Un objectif de croissance du r\u00e9sultat r\u00e9current par action de 10% en moyenne en 2022 et 2023 ", "TextSize": 9.960006713867188, "attributes": {"LineHeight": 12, "SpaceAfter": 6, "TextAlign": "Center"}}, {"Bounds": [70.94400024414062, 342.9031524658203, 527.3599700927734, 418.66888427734375], "Font": {"alt_family_name": "Century Gothic", "embedded": true, "encoding": "WinAnsiEncoding", "family_name": "Century Gothic", "font_type": "TrueType", "italic": false, "monospaced": false, "name": "ABCDEE+Century Gothic", "subset": true, "weight": 400}, "HasClip": false, "Lang": "fr", "ObjectID": 630, "Page": 3, "Path": "//Document/P[26]", "Text": "Pendant la crise sanitaire, Carmila a d\u00e9montr\u00e9 la r\u00e9silience de son mod\u00e8le de centres commerciaux attenants aux hypermarch\u00e9s Carrefour. Carmila se fixe d\u00e9sormais comme objectif une croissance annuelle moyenne de 10% de son r\u00e9sultat r\u00e9current par action en 2022 et 2023. Cette croissance sera soutenue par la normalisation de la performance financi\u00e8re et les premiers impacts des nouvelles initiatives. Pour rappel, Carmila anticipe un r\u00e9sultat r\u00e9current par action stable en 2021 par rapport \u00e0 2020. ", "TextSize": 9.960006713867188, "attributes": {"LineHeight": 13.25, "SpaceAfter": 6, "TextAlign": "Justify"}}, {"Bounds": [70.94400024414062, 310.50328063964844, 527.2425079345703, 333.24195861816406], "Font": {"alt_family_name": "Century Gothic", "embedded": true, "encoding": "WinAnsiEncoding", "family_name": "Century Gothic", "font_type": "TrueType", "italic": false, "monospaced": false, "name": "ABCDEE+Century Gothic", "subset": true, "weight": 400}, "HasClip": false, "Lang": "fr", "ObjectID": 631, "Page": 3, "Path": "//Document/P[27]", "Text": "A partir de 2024, la croissance additionnelle proviendra majoritairement des nouvelles initiatives. ", "TextSize": 9.960006713867188, "attributes": {"LineHeight": 13.25, "SpaceAfter": 6.125}}, {"Bounds": [70.94400024414062, 225.04647827148438, 527.2972869873047, 302.19664001464844], "Font": {"alt_family_name": "Century Gothic", "embedded": true, "encoding": "WinAnsiEncoding", "family_name": "Century Gothic", "font_type": "TrueType", "italic": false, "monospaced": false, "name": "ABCDEE+Century Gothic", "subset": true, "weight": 400}, "HasClip": false, "Lang": "fr", "ObjectID": 632, "Page": 3, "Path": "//Document/P[28]", "Text": "Cette trajectoire financi\u00e8re repose sur l\u2019absence de nouvelles fermetures de centres li\u00e9es au COVID \u00e0 partir de 2022. Elle repose \u00e9galement sur le p\u00e9rim\u00e8tre actuel des centres Carmila, mais inclut les contributions de Carmila Retail Development et Next Tower. Elle inclut, par ailleurs, les co\u00fbts additionnels relatifs au projet de r\u00e9duction des \u00e9missions, largement entam\u00e9 en 2026. Enfin, Carmila se fixe l\u2019objectif d\u2019une r\u00e9duction absolue de la base de co\u00fbts en 2026 par rapport \u00e0 2021. ", "TextSize": 9.960006713867188, "attributes": {"LineHeight": 13.25, "SpaceAfter": 18, "TextAlign": "Justify"}}, {"Bounds": [70.94400024414062, 186.55108642578125, 285.35292053222656, 197.66644287109375], "Font": {"alt_family_name": "Century Gothic", "embedded": true, "encoding": "Identity-H", "family_name": "Century Gothic", "font_type": "CIDFontType2", "italic": false, "monospaced": false, "name": "ABCDEE+Century Gothic,Bold", "subset": true, "weight": 700}, "HasClip": false, "Lang": "fr", "ObjectID": 633, "Page": 3, "Path": "//Document/H1[8]", "Text": "Un nouveau programme de rotation d\u2019actifs ", "TextSize": 9.960006713867188, "attributes": {"LineHeight": 12, "SpaceAfter": 6.125}}, {"Bounds": [70.94400024414062, 127.73727416992188, 526.9128723144531, 178.3440399169922], "Font": {"alt_family_name": "Century Gothic", "embedded": true, "encoding": "Identity-H", "family_name": "Century Gothic", "font_type": "CIDFontType2", "italic": false, "monospaced": false, "name": "ABCDEE+Century Gothic", "subset": true, "weight": 400}, "HasClip": false, "Lang": "fr", "ObjectID": 634, "Page": 3, "Path": "//Document/P[29]", "Text": "Apr\u00e8s plusieurs ann\u00e9es d\u2019expansion de son r\u00e9seau et d\u2019acquisition de nouveaux sites, Carmila d\u00e9ploie une strat\u00e9gie de cession de sites arriv\u00e9s \u00e0 maturit\u00e9. Carmila cible un montant total de cessions de 200 millions d\u2019euros en 2022 et 2023 et souhaite prolonger ce plan de cession d\u2019actifs apr\u00e8s 2023. ", "TextSize": 9.960006713867188, "attributes": {"LineHeight": 13.25, "SpaceAfter": 6.125, "TextAlign": "Justify"}}, {"Bounds": [70.94400024414062, 82.00096130371094, 527.0222930908203, 117.95655822753906], "Font": {"alt_family_name": "Century Gothic", "embedded": true, "encoding": "WinAnsiEncoding", "family_name": "Century Gothic", "font_type": "TrueType", "italic": false, "monospaced": false, "name": "ABCDEE+Century Gothic", "subset": true, "weight": 400}, "HasClip": false, "Lang": "fr", "ObjectID": 635, "Page": 3, "Path": "//Document/P[30]", "Text": "Une partie du produit de ces cessions sera r\u00e9investie dans de nouveaux actifs et dans les projets d\u2019extension et de restructuration. L\u2019autre partie garantira la solidit\u00e9 financi\u00e8re de Carmila ou sera distribu\u00e9e aux actionnaires. ", "TextSize": 9.960006713867188, "attributes": {"LineHeight": 13.25, "SpaceAfter": 18, "TextAlign": "Justify"}}, {"Bounds": [70.94400024414062, 701.9687194824219, 309.41627502441406, 713.0840759277344], "Font": {"alt_family_name": "Century Gothic", "embedded": true, "encoding": "WinAnsiEncoding", "family_name": "Century Gothic", "font_type": "TrueType", "italic": false, "monospaced": false, "name": "ABCDEE+Century Gothic,Bold", "subset": true, "weight": 700}, "HasClip": false, "Lang": "en", "ObjectID": 636, "Page": 4, "Path": "//Document/H1[9]", "Text": "Carmila cible un ratio d\u2019endettement LTV de 40% ", "TextSize": 9.960006713867188, "attributes": {"LineHeight": 12, "SpaceAfter": 6.125}}, {"Bounds": [70.94400024414062, 669.5489196777344, 526.6438751220703, 693.7616729736328], "Font": {"alt_family_name": "Century Gothic", "embedded": true, "encoding": "Identity-H", "family_name": "Century Gothic", "font_type": "CIDFontType2", "italic": false, "monospaced": false, "name": "ABCDEE+Century Gothic", "subset": true, "weight": 400}, "HasClip": false, "Lang": "fr", "ObjectID": 637, "Page": 4, "Path": "//Document/P[31]", "Text": "Carmila s\u2019engage \u00e0 maintenir un bilan solide \u00e0 un niveau d\u2019endettement compatible avec sa notation financi\u00e8re BBB (perspective stable) de S&P. ", "TextSize": 9.960006713867188, "attributes": {"LineHeight": 13.25, "SpaceAfter": 18}}, {"Bounds": [70.94400024414062, 650.2464447021484, 498.6841735839844, 661.3618011474609], "Font": {"alt_family_name": "Century Gothic", "embedded": true, "encoding": "Identity-H", "family_name": "Century Gothic", "font_type": "CIDFontType2", "italic": false, "monospaced": false, "name": "ABCDEE+Century Gothic", "subset": true, "weight": 400}, "HasClip": false, "Lang": "fr", "ObjectID": 638, "Page": 4, "Path": "//Document/P[32]", "Text": "Carmila cible un ratio d\u2019endettement LTV de 40% (droits inclus) sur la p\u00e9riode 2022-2026. ", "TextSize": 9.960006713867188, "attributes": {"LineHeight": 12, "SpaceAfter": 18}}, {"Bounds": [70.94400024414062, 611.7311248779297, 419.45436096191406, 622.8464813232422], "Font": {"alt_family_name": "Century Gothic", "embedded": true, "encoding": "WinAnsiEncoding", "family_name": "Century Gothic", "font_type": "TrueType", "italic": false, "monospaced": false, "name": "ABCDEE+Century Gothic,Bold", "subset": true, "weight": 700}, "HasClip": false, "Lang": "fr", "ObjectID": 639, "Page": 4, "Path": "//Document/H1[10]", "Text": "Politique de dividende : 1 euro par action et taux de distribution de 75% ", "TextSize": 9.960006713867188, "attributes": {"LineHeight": 12, "SpaceAfter": 6}}, {"Bounds": [70.94400024414062, 566.1043548583984, 527.2165069580078, 603.6137237548828], "Font": {"alt_family_name": "Century Gothic", "embedded": true, "encoding": "Identity-H", "family_name": "Century Gothic", "font_type": "CIDFontType2", "italic": false, "monospaced": false, "name": "ABCDEE+Century Gothic", "subset": true, "weight": 400}, "HasClip": false, "Lang": "fr", "ObjectID": 640, "Page": 4, "Path": "//Document/P[33]", "Text": "Carmila a l\u2019intention de proposer un dividende annuel d\u2019au moins 1 euro par action, pay\u00e9 en num\u00e9raire, pour les dividendes vers\u00e9s entre 2022 et 2026, avec une cible de taux de distribution de 75% du r\u00e9sultat net r\u00e9current. Cette d\u00e9cision sera soumise \u00e0 l\u2019approbation des actionnaires. ", "TextSize": 9.960006713867188, "attributes": {"LineHeight": 13.25, "SpaceAfter": 18, "TextAlign": "Justify"}}, {"Bounds": [70.94400024414062, 527.5890350341797, 324.05747985839844, 538.7044067382812], "Font": {"alt_family_name": "Century Gothic", "embedded": true, "encoding": "Identity-H", "family_name": "Century Gothic", "font_type": "CIDFontType2", "italic": false, "monospaced": false, "name": "ABCDEE+Century Gothic,Bold", "subset": true, "weight": 700}, "HasClip": false, "Lang": "fr", "ObjectID": 641, "Page": 4, "Path": "//Document/H1[11]", "Text": "Rachats d\u2019actions financ\u00e9s par des cessions d\u2019actifs ", "TextSize": 9.960006713867188, "attributes": {"LineHeight": 12, "SpaceAfter": 6}}, {"Bounds": [70.94400024414062, 481.8726348876953, 527.3111267089844, 518.0274353027344], "Font": {"alt_family_name": "Century Gothic", "embedded": true, "encoding": "Identity-H", "family_name": "Century Gothic", "font_type": "CIDFontType2", "italic": false, "monospaced": false, "name": "ABCDEE+Century Gothic", "subset": true, "weight": 400}, "HasClip": false, "Lang": "fr", "ObjectID": 642, "Page": 4, "Path": "//Document/P[34]", "Text": "Carmila entend utiliser une partie du produit des cessions d\u2019actifs pour soutenir les distributions aux actionnaires. Si la valorisation des titres de Carmila reste significativement en dessous de son actif net tangible, cette distribution prendra la forme de rachats d\u2019actions. ", "TextSize": 9.960006713867188, "attributes": {"LineHeight": 13.25, "SpaceAfter": 18, "TextAlign": "Justify"}}, {"Bounds": [76.343994140625, 704.627685546875, 226.82713317871094, 712.3300018310547], "Font": {"alt_family_name": "Century Gothic", "embedded": true, "encoding": "WinAnsiEncoding", "family_name": "Century Gothic", "font_type": "TrueType", "italic": false, "monospaced": false, "name": "ABCDEE+Century Gothic,Bold", "subset": true, "weight": 700}, "HasClip": true, "Lang": "fr", "ObjectID": 643, "Page": 5, "Path": "//Document/H1[12]", "Text": "CONTACT INVESTISSEURS ET ANALYSTES ", "TextSize": 8.039993286132812, "attributes": {"LineHeight": 9.625}}, {"Bounds": [76.343994140625, 684.9476776123047, 226.498779296875, 703.6799163818359], "Font": {"alt_family_name": "Century Gothic", "embedded": true, "encoding": "WinAnsiEncoding", "family_name": "Century Gothic", "font_type": "TrueType", "italic": false, "monospaced": false, "name": "ABCDEE+Century Gothic", "subset": true, "weight": 400}, "HasClip": true, "Lang": "fr", "ObjectID": 644, "Page": 5, "Path": "//Document/P[35]", "Text": "Pierre-Yves Thirion \u2013 Directeur financier pierre_yves_thirion@carmila.com ", "TextSize": 8.039993286132812, "attributes": {"LineHeight": 9.875}}, {"Bounds": [76.343994140625, 675.1076812744141, 143.3814697265625, 682.8099975585938], "Font": {"alt_family_name": "Century Gothic", "embedded": true, "encoding": "WinAnsiEncoding", "family_name": "Century Gothic", "font_type": "TrueType", "italic": false, "monospaced": false, "name": "ABCDEE+Century Gothic", "subset": true, "weight": 400}, "HasClip": true, "Lang": "fr", "ObjectID": 645, "Page": 5, "Path": "//Document/P[36]", "Text": "+33 6 47 21 60 49 ", "TextSize": 8.039993286132812, "attributes": {"LineHeight": 9.625, "SpaceAfter": 9.75}}, {"Bounds": [76.343994140625, 655.46728515625, 273.00982666015625, 664.4399261474609], "Font": {"alt_family_name": "Century Gothic", "embedded": true, "encoding": "WinAnsiEncoding", "family_name": "Century Gothic", "font_type": "TrueType", "italic": false, "monospaced": false, "name": "ABCDEE+Century Gothic", "subset": true, "weight": 400}, "HasClip": true, "ObjectID": 720, "Page": 5, "Path": "//Document/P[37]/Sub", "Text": "Jonathan Kirk \u2013 Directeur des relations investisseurs ", "TextSize": 8.039993286132812, "attributes": {"Placement": "Block"}}, {"Bounds": [76.343994140625, 645.7076873779297, 186.15939331054688, 653.4100036621094], "Font": {"alt_family_name": "Century Gothic", "embedded": true, "encoding": "WinAnsiEncoding", "family_name": "Century Gothic", "font_type": "TrueType", "italic": false, "monospaced": false, "name": "ABCDEE+Century Gothic", "subset": true, "weight": 400}, "HasClip": true, "ObjectID": 723, "Page": 5, "Path": "//Document/P[37]/Sub[2]/StyleSpan", "Text": "jonathan_kirk@carmila.com ", "TextSize": 8.039993286132812, "attributes": {"TextDecorationColor": [0.2431339999999977, 0.2431339999999977, 1], "TextDecorationThickness": 0, "TextDecorationType": "Underline"}}, {"Bounds": [76.343994140625, 635.86767578125, 81.21626281738281, 643.5700073242188], "Font": {"alt_family_name": "Century Gothic", "embedded": true, "encoding": "WinAnsiEncoding", "family_name": "Century Gothic", "font_type": "TrueType", "italic": false, "monospaced": false, "name": "ABCDEE+Century Gothic", "subset": true, "weight": 400}, "HasClip": true, "ObjectID": 717, "Page": 5, "Path": "//Document/L[2]/LI/Lbl", "Text": "+", "TextSize": 8.039993286132812}, {"Bounds": [81.25639343261719, 635.86767578125, 143.3519287109375, 643.5700073242188], "Font": {"alt_family_name": "Century Gothic", "embedded": true, "encoding": "WinAnsiEncoding", "family_name": "Century Gothic", "font_type": "TrueType", "italic": false, "monospaced": false, "name": "ABCDEE+Century Gothic", "subset": true, "weight": 400}, "HasClip": true, "ObjectID": 718, "Page": 5, "Path": "//Document/L[2]/LI/LBody", "Text": "33 6 31 71 83 98 ", "TextSize": 8.039993286132812}, {"Bounds": [302.92999267578125, 704.627685546875, 370.9806213378906, 712.3300018310547], "Font": {"alt_family_name": "Century Gothic", "embedded": true, "encoding": "WinAnsiEncoding", "family_name": "Century Gothic", "font_type": "TrueType", "italic": false, "monospaced": false, "name": "ABCDEE+Century Gothic,Bold", "subset": true, "weight": 700}, "HasClip": true, "Lang": "fr", "ObjectID": 648, "Page": 5, "Path": "//Document/H1[13]", "Text": "CONTACT PRESSE ", "TextSize": 8.039993286132812, "attributes": {"LineHeight": 9.625}}, {"Bounds": [300.6000061035156, 684.8899993896484, 423.03953552246094, 694.6999969482422], "ClipBounds": [300.6000061035156, 684.8899993896484, 422.9700012207031, 694.6999969482422], "Font": {"alt_family_name": "Century Gothic", "embedded": true, "encoding": "WinAnsiEncoding", "family_name": "Century Gothic", "font_type": "TrueType", "italic": false, "monospaced": false, "name": "ABCDEE+Century Gothic", "subset": true, "weight": 400}, "HasClip": true, "ObjectID": 609, "Page": 5, "Path": "//Document/P[38]/StyleSpan/Reference", "Text": "morgan_lavielle@carmila.com ", "TextSize": 8.039993286132812}, {"Bounds": [300.6000061035156, 684.8899993896484, 475.0154266357422, 702.4900054931641], "ClipBounds": [300.6000061035156, 684.8899993896484, 422.9700012207031, 694.6999969482422], "Font": {"alt_family_name": "Century Gothic", "embedded": true, "encoding": "WinAnsiEncoding", "family_name": "Century Gothic", "font_type": "TrueType", "italic": false, "monospaced": false, "name": "ABCDEE+Century Gothic", "subset": true, "weight": 400}, "HasClip": true, "Lang": "en", "ObjectID": 649, "Page": 5, "Path": "//Document/P[38]", "Text": "Morgan Lavielle - Directeur Communication ", "TextSize": 8.039993286132812, "attributes": {"LineHeight": 9.875}}, {"Bounds": [302.92999267578125, 675.1076812744141, 369.95140075683594, 682.8099975585938], "Font": {"alt_family_name": "Century Gothic", "embedded": true, "encoding": "WinAnsiEncoding", "family_name": "Century Gothic", "font_type": "TrueType", "italic": false, "monospaced": false, "name": "ABCDEE+Century Gothic", "subset": true, "weight": 400}, "HasClip": true, "Lang": "fr", "ObjectID": 650, "Page": 5, "Path": "//Document/P[39]", "Text": "+33 6 87 77 48 80 ", "TextSize": 8.039993286132812, "attributes": {"LineHeight": 9.625}}, {"Bounds": [77.90400695800781, 605.7476806640625, 170.56500244140625, 613.4499969482422], "Font": {"alt_family_name": "Century Gothic", "embedded": true, "encoding": "WinAnsiEncoding", "family_name": "Century Gothic", "font_type": "TrueType", "italic": false, "monospaced": false, "name": "ABCDEE+Century Gothic,Bold", "subset": true, "weight": 700}, "HasClip": false, "Lang": "en", "ObjectID": 651, "Page": 5, "Path": "//Document/H1[14]", "Text": "CALENDRIER FINANCIER ", "TextSize": 8.039993286132812, "attributes": {"LineHeight": 9.625}}, {"Bounds": [77.90400695800781, 595.7861175537109, 84.65757751464844, 603.4884338378906], "Font": {"alt_family_name": "Century Gothic", "embedded": true, "encoding": "WinAnsiEncoding", "family_name": "Century Gothic", "font_type": "TrueType", "italic": false, "monospaced": false, "name": "ABCDEE+Century Gothic,Bold", "subset": true, "weight": 700}, "HasClip": false, "ObjectID": 707, "Page": 5, "Path": "//Document/L[3]/LI/Lbl", "Text": "7 ", "TextSize": 8.039993286132812}, {"Bounds": [84.74603271484375, 595.7861175537109, 266.7893524169922, 603.4884338378906], "Font": {"alt_family_name": "Century Gothic", "embedded": true, "encoding": "WinAnsiEncoding", "family_name": "Century Gothic", "font_type": "TrueType", "italic": false, "monospaced": false, "name": "ABCDEE+Century Gothic,Bold", "subset": true, "weight": 700}, "HasClip": false, "ObjectID": 708, "Page": 5, "Path": "//Document/L[3]/LI/LBody", "Text": "d\u00e9cembre 2021 : Carmila Capital Markets Day ", "TextSize": 8.039993286132812}, {"Bounds": [77.90400695800781, 585.1974334716797, 89.20820617675781, 592.8997650146484], "Font": {"alt_family_name": "Century Gothic", "embedded": true, "encoding": "WinAnsiEncoding", "family_name": "Century Gothic", "font_type": "TrueType", "italic": false, "monospaced": false, "name": "ABCDEE+Century Gothic,Bold", "subset": true, "weight": 700}, "HasClip": false, "ObjectID": 704, "Page": 5, "Path": "//Document/L[3]/LI[2]/Lbl", "Text": "16 ", "TextSize": 8.039993286132812}, {"Bounds": [89.16804504394531, 585.1170349121094, 339.11712646484375, 594.0896759033203], "Font": {"alt_family_name": "Century Gothic", "embedded": true, "encoding": "WinAnsiEncoding", "family_name": "Century Gothic", "font_type": "TrueType", "italic": false, "monospaced": false, "name": "ABCDEE+Century Gothic,Bold", "subset": true, "weight": 700}, "HasClip": false, "ObjectID": 705, "Page": 5, "Path": "//Document/L[3]/LI[2]/LBody", "Text": "f\u00e9vrier 2022 (apr\u00e8s cl\u00f4ture des march\u00e9s) : R\u00e9sultats annuels 2021 ", "TextSize": 8.039993286132812}, {"Bounds": [77.91203308105469, 574.6409149169922, 89.22589111328125, 582.3432464599609], "Font": {"alt_family_name": "Century Gothic", "embedded": true, "encoding": "WinAnsiEncoding", "family_name": "Century Gothic", "font_type": "TrueType", "italic": false, "monospaced": false, "name": "ABCDEE+Century Gothic,Bold", "subset": true, "weight": 700}, "HasClip": false, "ObjectID": 701, "Page": 5, "Path": "//Document/L[3]/LI[3]/Lbl", "Text": "17 ", "TextSize": 8.039993286132812}, {"Bounds": [89.19215393066406, 574.5605163574219, 268.06610107421875, 583.5331573486328], "Font": {"alt_family_name": "Century Gothic", "embedded": true, "encoding": "WinAnsiEncoding", "family_name": "Century Gothic", "font_type": "TrueType", "italic": false, "monospaced": false, "name": "ABCDEE+Century Gothic,Bold", "subset": true, "weight": 700}, "HasClip": false, "ObjectID": 702, "Page": 5, "Path": "//Document/L[3]/LI[3]/LBody", "Text": "f\u00e9vrier 2022 : R\u00e9union d'information financi\u00e8re ", "TextSize": 8.039993286132812}, {"Bounds": [77.91203308105469, 563.9638061523438, 89.34170532226562, 571.6661224365234], "Font": {"alt_family_name": "Century Gothic", "embedded": true, "encoding": "WinAnsiEncoding", "family_name": "Century Gothic", "font_type": "TrueType", "italic": false, "monospaced": false, "name": "ABCDEE+Century Gothic,Bold", "subset": true, "weight": 700}, "HasClip": false, "ObjectID": 698, "Page": 5, "Path": "//Document/L[3]/LI[4]/Lbl", "Text": "21 ", "TextSize": 8.039993286132812}, {"Bounds": [89.19215393066406, 563.8834075927734, 373.48008728027344, 572.8560333251953], "Font": {"alt_family_name": "Century Gothic", "embedded": true, "encoding": "WinAnsiEncoding", "family_name": "Century Gothic", "font_type": "TrueType", "italic": false, "monospaced": false, "name": "ABCDEE+Century Gothic,Bold", "subset": true, "weight": 700}, "HasClip": false, "ObjectID": 699, "Page": 5, "Path": "//Document/L[3]/LI[4]/LBody", "Text": "avril 2022 (apr\u00e8s cl\u00f4ture des march\u00e9s) : Information financi\u00e8re du T1 2022 ", "TextSize": 8.039993286132812}, {"Bounds": [77.92007446289062, 553.4072875976562, 89.34974670410156, 561.1096038818359], "Font": {"alt_family_name": "Century Gothic", "embedded": true, "encoding": "WinAnsiEncoding", "family_name": "Century Gothic", "font_type": "TrueType", "italic": false, "monospaced": false, "name": "ABCDEE+Century Gothic,Bold", "subset": true, "weight": 700}, "HasClip": false, "ObjectID": 695, "Page": 5, "Path": "//Document/L[3]/LI[5]/Lbl", "Text": "12 ", "TextSize": 8.039993286132812}, {"Bounds": [89.2001953125, 553.3268737792969, 212.78546142578125, 562.2995147705078], "Font": {"alt_family_name": "Century Gothic", "embedded": true, "encoding": "WinAnsiEncoding", "family_name": "Century Gothic", "font_type": "TrueType", "italic": false, "monospaced": false, "name": "ABCDEE+Century Gothic,Bold", "subset": true, "weight": 700}, "HasClip": false, "ObjectID": 696, "Page": 5, "Path": "//Document/L[3]/LI[5]/LBody", "Text": "mai 2022 : Assembl\u00e9e g\u00e9n\u00e9rale ", "TextSize": 8.039993286132812}, {"Bounds": [77.92007446289062, 532.2861938476562, 169.47158813476562, 539.988525390625], "Font": {"alt_family_name": "Century Gothic", "embedded": true, "encoding": "WinAnsiEncoding", "family_name": "Century Gothic", "font_type": "TrueType", "italic": false, "monospaced": false, "name": "ABCDEE+Century Gothic,Bold", "subset": true, "weight": 700}, "HasClip": false, "Lang": "fr", "ObjectID": 653, "Page": 5, "Path": "//Document/H1[15]", "Text": "\u00c0 PROPOS DE CARMILA ", "TextSize": 8.039993286132812, "attributes": {"LineHeight": 9.625}}, {"Bounds": [77.90400695800781, 432.3580017089844, 527.0040130615234, 529.3000030517578], "Font": {"alt_family_name": "Century Gothic", "embedded": true, "encoding": "WinAnsiEncoding", "family_name": "Century Gothic", "font_type": "TrueType", "italic": false, "monospaced": false, "name": "ABCDEE+Century Gothic", "subset": true, "weight": 400}, "HasClip": false, "Lang": "fr", "ObjectID": 654, "Page": 5, "Path": "//Document/P[40]/StyleSpan", "Text": "Troisi\u00e8me soci\u00e9t\u00e9 cot\u00e9e de centres commerciaux en Europe Continentale, Carmila a \u00e9t\u00e9 cr\u00e9\u00e9e par Carrefour et de grands investisseurs institutionnels en vue de transformer et valoriser les centres commerciaux attenants aux magasins Carrefour en France, Espagne et Italie. Au 30 juin 2021, son portefeuille \u00e9tait constitu\u00e9 de 214 centres commerciaux, leaders sur leur zone de chalandise, et valoris\u00e9s \u00e0 6,13 milliards d\u2019euros. Pla\u00e7ant la proximit\u00e9 au c\u0153ur de toutes ses actions, Carmila a pour ambition de simplifier la vie et d'am\u00e9liorer le quotidien des commer\u00e7ants et des clients au c\u0153ur de tous les territoires. Anim\u00e9es par une v\u00e9ritable culture commer\u00e7ante, ses \u00e9quipes int\u00e8grent l\u2019ensemble des expertises d\u00e9di\u00e9es \u00e0 l\u2019attractivit\u00e9 de ses actifs : op\u00e9rations, direction de centre, commercialisation, marketing digital local, new business et RSE. ", "TextSize": 9.0, "attributes": {"LineHeight": 11, "SpaceAfter": 11.125, "TextAlign": "Justify"}}, {"Bounds": [301.16700744628906, 399.21800231933594, 303.6599426269531, 407.8399963378906], "Font": {"alt_family_name": "Century Gothic", "embedded": true, "encoding": "WinAnsiEncoding", "family_name": "Century Gothic", "font_type": "TrueType", "italic": false, "monospaced": false, "name": "ABCDEE+Century Gothic", "subset": true, "weight": 400}, "HasClip": false, "ObjectID": 683, "Page": 5, "Path": "//Document/P[41]/NbspSpan", "Text": " ", "TextSize": 9.0}, {"Bounds": [77.90400695800781, 399.1280059814453, 526.6584167480469, 418.8800048828125], "Font": {"alt_family_name": "Century Gothic", "embedded": true, "encoding": "WinAnsiEncoding", "family_name": "Century Gothic", "font_type": "TrueType", "italic": false, "monospaced": false, "name": "ABCDEE+Century Gothic", "subset": true, "weight": 400}, "HasClip": false, "Lang": "fr", "ObjectID": 655, "Page": 5, "Path": "//Document/P[41]", "Text": "Carmila est cot\u00e9e au compartiment A sur Euronext-Paris sous le symbole CARM. Elle b\u00e9n\u00e9ficie du r\u00e9gime des soci\u00e9t\u00e9s d\u2019investissements immobiliers cot\u00e9es (\u00abSIIC \u00bb). ", "TextSize": 9.0, "attributes": {"LineHeight": 11}}, {"Bounds": [77.90400695800781, 366.09800720214844, 526.9266052246094, 396.8000030517578], "Font": {"alt_family_name": "Century Gothic", "embedded": true, "encoding": "WinAnsiEncoding", "family_name": "Century Gothic", "font_type": "TrueType", "italic": false, "monospaced": false, "name": "ABCDEE+Century Gothic", "subset": true, "weight": 400}, "HasClip": false, "Lang": "fr", "ObjectID": 656, "Page": 5, "Path": "//Document/P[42]/StyleSpan", "Text": "Le 18 septembre 2017, Carmila int\u00e9grait les indices FTSE EPRA/NAREIT Global Real Estate (EMEA Region). Le 24 septembre 2018, Carmila int\u00e9grait les indices Euronext CAC Small, CAC Mid & Small et CAC All-tradable. ", "TextSize": 9.0, "attributes": {"LineHeight": 11, "SpaceAfter": 18, "TextAlign": "Justify"}}, {"Bounds": [77.90400695800781, 335.8176727294922, 139.2974090576172, 343.52000427246094], "Font": {"alt_family_name": "Century Gothic", "embedded": true, "encoding": "WinAnsiEncoding", "family_name": "Century Gothic", "font_type": "TrueType", "italic": false, "monospaced": false, "name": "ABCDEE+Century Gothic,Bold", "subset": true, "weight": 700}, "HasClip": false, "Lang": "fr", "ObjectID": 657, "Page": 5, "Path": "//Document/H1[16]", "Text": "AVERTISSEMENT ", "TextSize": 8.039993286132812, "attributes": {"LineHeight": 9.625}}, {"Bounds": [77.90400695800781, 213.697998046875, 526.8959350585938, 332.8399963378906], "Font": {"alt_family_name": "Century Gothic", "embedded": true, "encoding": "WinAnsiEncoding", "family_name": "Century Gothic", "font_type": "TrueType", "italic": false, "monospaced": false, "name": "ABCDEE+Century Gothic", "subset": true, "weight": 400}, "HasClip": false, "Lang": "fr", "ObjectID": 658, "Page": 5, "Path": "//Document/P[43]/StyleSpan", "Text": "Certaines d\u00e9clarations figurant dans ce document ne se rapportent pas \u00e0 des faits historiquement av\u00e9r\u00e9s, mais constituent des projections, estimations et autres donn\u00e9es \u00e0 caract\u00e8re pr\u00e9visionnel bas\u00e9es sur l\u2019opinion des dirigeants. Ces d\u00e9clarations traduisent les opinions et hypoth\u00e8ses qui ont \u00e9t\u00e9 retenues \u00e0 la date \u00e0 laquelle elles ont \u00e9t\u00e9 faites. Elles sont sujettes \u00e0 des risques et incertitudes connus et inconnus \u00e0 raison desquels les r\u00e9sultats futurs, la performance ou les \u00e9v\u00e9nements \u00e0 venir peuvent significativement diff\u00e9rer de ceux qui sont indiqu\u00e9s ou induits dans ces d\u00e9clarations. Nous vous invitons \u00e0 vous r\u00e9f\u00e9rer au Document d\u2019enregistrement universel de Carmila le plus r\u00e9cent d\u00e9pos\u00e9 aupr\u00e8s de l\u2019Autorit\u00e9 des march\u00e9s financiers pour obtenir des informations compl\u00e9mentaires concernant ces facteurs, risques et incertitudes. Carmila n\u2019a aucunement l\u2019intention ni l\u2019obligation de mettre \u00e0 jour ou de modifier les d\u00e9clarations \u00e0 caract\u00e8re pr\u00e9visionnel susvis\u00e9es. Carmila ne peut donc \u00eatre tenue pour responsable des cons\u00e9quences pouvant r\u00e9sulter de l\u2019utilisation qui serait faite de ces d\u00e9clarations. ", "TextSize": 9.0, "attributes": {"LineHeight": 11, "SpaceAfter": 18, "TextAlign": "Justify"}}, {"Bounds": [96.86399841308594, 151.54100036621094, 500.9280548095703, 173.58200073242188], "Font": {"alt_family_name": "Century Gothic", "embedded": true, "encoding": "WinAnsiEncoding", "family_name": "Century Gothic", "font_type": "TrueType", "italic": false, "monospaced": false, "name": "ABCDEE+Century Gothic,Bold", "subset": true, "weight": 700}, "HasClip": false, "Lang": "fr", "ObjectID": 659, "Page": 5, "Path": "//Document/P[44]", "Text": "Ce communiqu\u00e9 de presse est disponible dans la section Finance, rubrique \u00ab Communiqu\u00e9s financiers \u00bb, du site de Carmila : ", "TextSize": 9.0, "attributes": {"LineHeight": 12, "TextAlign": "Center"}}, {"Bounds": [162.92999267578125, 138.94000244140625, 432.7233428955078, 150.85000610351562], "Font": {"alt_family_name": "Century Gothic", "embedded": true, "encoding": "WinAnsiEncoding", "family_name": "Century Gothic", "font_type": "TrueType", "italic": false, "monospaced": false, "name": "ABCDEE+Century Gothic,Bold", "subset": true, "weight": 700}, "HasClip": false, "ObjectID": 610, "Page": 5, "Path": "//Document/P[45]/StyleSpan/Reference", "Text": "https://www.carmila.com/finance/communiques-financiers/ ", "TextSize": 9.0}, {"Bounds": [162.92999267578125, 138.94000244140625, 432.7233428955078, 150.85000610351562], "Lang": "fr", "ObjectID": 660, "Page": 5, "Path": "//Document/P[45]", "attributes": {"LineHeight": 10.75, "SpaceAfter": 18, "TextAlign": "Center"}}], "pages": [{"boxes": {"CropBox": [0.0, 0.0, 595.3200073242188, 841.9199829101562], "MediaBox": [0.0, 0.0, 595.3200073242188, 841.9199829101562]}, "height": 841.9199829101562, "is_scanned": false, "page_number": 0, "rotation": 0, "width": 595.3200073242188}, {"boxes": {"CropBox": [0.0, 0.0, 595.3200073242188, 841.9199829101562], "MediaBox": [0.0, 0.0, 595.3200073242188, 841.9199829101562]}, "height": 841.9199829101562, "is_scanned": false, "page_number": 1, "rotation": 0, "width": 595.3200073242188}, {"boxes": {"CropBox": [0.0, 0.0, 595.3200073242188, 841.9199829101562], "MediaBox": [0.0, 0.0, 595.3200073242188, 841.9199829101562]}, "height": 841.9199829101562, "is_scanned": false, "page_number": 2, "rotation": 0, "width": 595.3200073242188}, {"boxes": {"CropBox": [0.0, 0.0, 595.3200073242188, 841.9199829101562], "MediaBox": [0.0, 0.0, 595.3200073242188, 841.9199829101562]}, "height": 841.9199829101562, "is_scanned": false, "page_number": 3, "rotation": 0, "width": 595.3200073242188}, {"boxes": {"CropBox": [0.0, 0.0, 595.3200073242188, 841.9199829101562], "MediaBox": [0.0, 0.0, 595.3200073242188, 841.9199829101562]}, "height": 841.9199829101562, "is_scanned": false, "page_number": 4, "rotation": 0, "width": 595.3200073242188}, {"boxes": {"CropBox": [0.0, 0.0, 595.3200073242188, 841.9199829101562], "MediaBox": [0.0, 0.0, 595.3200073242188, 841.9199829101562]}, "height": 841.9199829101562, "is_scanned": false, "page_number": 5, "rotation": 0, "width": 595.3200073242188}]}