{"version": {"json_export": "202", "page_segmentation": "5", "schema": "1.1.0", "structure": "1.1090.0", "table_structure": "5"}, "extended_metadata": {"ID_instance": "C5 2B 50 31 E6 B9 B2 11 0A 00 67 45 8B 6B C6 23 ", "ID_permanent": "42 46 20 31 37 20 34 44 20 33 31 20 45 36 20 42 39 20 42 32 20 31 31 20 30 41 20 30 30 20 36 37 20 34 35 20 38 42 20 36 42 20 43 36 20 32 33 20 ", "has_acroform": false, "has_embedded_files": false, "is_XFA": false, "is_certified": false, "is_encrypted": false, "is_digitally_signed": false, "language": "en-US", "page_count": 1, "pdf_version": "1.6", "pdfa_compliance_level": "", "pdfua_compliance_level": ""}, "elements": [{"Bounds": [56.94500732421875, 516.6920013427734, 385.61231994628906, 540.343994140625], "Font": {"alt_family_name": "Gotham", "embedded": true, "encoding": "Custom", "family_name": "Gotham", "font_type": "Type1", "italic": false, "monospaced": false, "name": "WRLDCP+Gotham-Bold", "subset": true, "weight": 700}, "HasClip": false, "Lang": "en", "ObjectID": 123, "Page": 0, "Path": "//Document/Sect/P", "Text": "2024 Climate Transition Action Plan1 ", "TextSize": 6.996002197265625, "attributes": {"LineHeight": 21.625, "SpaceAfter": 18}}, {"Bounds": [55.941497802734375, 242.33349609375, 761.2760925292969, 505.5644989013672], "ObjectID": 124, "Page": 0, "Path": "//Document/Sect/Table", "attributes": {"BBox": [53.637799999998606, 238.5309999999954, 761.6089999999967, 503.8399999999965], "NumCol": 10, "NumRow": 10, "Placement": "Block", "SpaceAfter": 7.5}}, {"Bounds": [55.941497802734375, 494.39549255371094, 106.01510620117188, 505.5644989013672], "ObjectID": 295, "Page": 0, "Path": "//Document/Sect/Table/TR/TH", "attributes": {"BBox": [53.99779999999919, 489.1999999999971, 129.95499999999447, 503.8399999999965], "BlockAlign": "Before", "BorderColor": [null, [0, 0.4156799999999947, 1], null, null], "BorderStyle": ["None", "Solid", "None", "None"], "BorderThickness": [0, 0.25, 0, 0], "ColIndex": 0, "Height": 14.625, "InlineAlign": "Start", "RowIndex": 0, "Width": 76}}, {"Bounds": [55.941497802734375, 494.39549255371094, 106.01510620117188, 505.5644989013672], "Font": {"alt_family_name": "Gotham", "embedded": true, "encoding": "Custom", "family_name": "Gotham", "font_type": "Type1", "italic": false, "monospaced": false, "name": "WRLDCP+Gotham-Bold", "subset": true, "weight": 700}, "HasClip": false, "Lang": "en", "ObjectID": 69, "Page": 0, "Path": "//Document/Sect/Table/TR/TH/P", "Text": "Categories ", "TextSize": 8.5, "attributes": {"LineHeight": 10.25}}, {"Bounds": [129.97650146484375, 494.39549255371094, 182.87213134765625, 505.5644989013672], "ObjectID": 296, "Page": 0, "Path": "//Document/Sect/Table/TR/TH[2]", "attributes": {"BBox": [129.95499999999447, 489.1999999999971, 280.90899999999965, 503.8399999999965], "BlockAlign": "Before", "BorderColor": [null, [0, 0.4156799999999947, 1], null, null], "BorderStyle": ["None", "Solid", "None", "None"], "BorderThickness": [0, 0.25, 0, 0], "ColIndex": 1, "Height": 14.625, "InlineAlign": "Start", "RowIndex": 0, "Width": 151}}, {"Bounds": [129.97650146484375, 494.39549255371094, 182.87213134765625, 505.5644989013672], "Font": {"alt_family_name": "Gotham", "embedded": true, "encoding": "Custom", "family_name": "Gotham", "font_type": "Type1", "italic": false, "monospaced": false, "name": "WRLDCP+Gotham-Bold", "subset": true, "weight": 700}, "HasClip": false, "Lang": "en", "ObjectID": 70, "Page": 0, "Path": "//Document/Sect/Table/TR/TH[2]/P", "Text": "Description ", "TextSize": 8.5, "attributes": {"LineHeight": 10.25}}, {"Bounds": [280.94500732421875, 494.3529968261719, 428.08653259277344, 505.5220031738281], "ObjectID": 297, "Page": 0, "Path": "//Document/Sect/Table/TR/TH[3]", "attributes": {"BBox": [280.90899999999965, 489.1999999999971, 761.6089999999967, 503.8399999999965], "BlockAlign": "Before", "BorderColor": [null, [0, 0.4156799999999947, 1], null, null], "BorderStyle": ["None", "Solid", "None", "None"], "BorderThickness": [0, 0.25, 0, 0], "ColIndex": 2, "ColSpan": 8, "Height": 14.625, "InlineAlign": "Start", "RowIndex": 0, "Width": 480.75}}, {"Bounds": [280.94500732421875, 494.3529968261719, 428.08653259277344, 505.5220031738281], "Font": {"alt_family_name": "Gotham", "embedded": true, "encoding": "Custom", "family_name": "Gotham", "font_type": "Type1", "italic": false, "monospaced": false, "name": "WRLDCP+Gotham-Bold", "subset": true, "weight": 700}, "HasClip": false, "Lang": "en", "ObjectID": 71, "Page": 0, "Path": "//Document/Sect/Table/TR/TH[3]/P", "Text": "Initiatives and indicative timeline ", "TextSize": 8.5, "attributes": {"LineHeight": 10.25}}, {"Bounds": [61.070098876953125, 466.27049255371094, 105.842041015625, 484.2534942626953], "ObjectID": 286, "Page": 0, "Path": "//Document/Sect/Table/TR[2]/TD", "attributes": {"BBox": [53.637799999998606, 454.7619999999879, 130.0749999999971, 489.79999999998836], "BlockAlign": "Middle", "BorderColor": [[0, 0.4156799999999947, 1], [0, 0, 0.5098109999999849], [0, 0, 0.5098109999999849], [0, 0, 0.5098109999999849]], "BorderStyle": "Solid", "BorderThickness": [0.25, 0.125, 0.375, 0.125], "ColIndex": 0, "Height": 35, "InlineAlign": "Start", "RowIndex": 1, "Width": 76.375}}, {"Bounds": [61.070098876953125, 466.27049255371094, 105.842041015625, 484.2534942626953], "Font": {"alt_family_name": "Gotham", "embedded": true, "encoding": "Custom", "family_name": "Gotham", "font_type": "Type1", "italic": false, "monospaced": false, "name": "WRLDCP+Gotham-Medium", "subset": true, "weight": 500}, "HasClip": false, "Lang": "en", "ObjectID": 72, "Page": 0, "Path": "//Document/Sect/Table/TR[2]/TD/P", "Text": "Operational efficiencies ", "TextSize": 7.0, "attributes": {"LineHeight": 9, "TextAlign": "Justify"}}, {"Bounds": [134.16409301757812, 457.4855041503906, 253.94451904296875, 484.15550231933594], "ObjectID": 287, "Page": 0, "Path": "//Document/Sect/Table/TR[2]/TD[2]", "attributes": {"BBox": [129.7149999999965, 454.7619999999879, 280.90899999999965, 489.79999999998836], "BlockAlign": "Middle", "BorderColor": [[0, 0.4156799999999947, 1], [0, 0, 0.5098109999999849], [0, 0, 0.5098109999999849], [0, 0.4156799999999947, 1]], "BorderStyle": "Solid", "BorderThickness": [0.25, 0.125, 0.125, 0], "ColIndex": 1, "Height": 35, "InlineAlign": "Start", "RowIndex": 1, "Width": 151.25}}, {"Bounds": [134.16409301757812, 457.4855041503906, 253.94451904296875, 484.15550231933594], "Font": {"alt_family_name": "Gotham", "embedded": true, "encoding": "WinAnsiEncoding", "family_name": "Gotham", "font_type": "Type1", "italic": false, "monospaced": false, "name": "WRLDCP+Gotham-Book", "subset": true, "weight": 400}, "HasClip": false, "Lang": "en", "ObjectID": 73, "Page": 0, "Path": "//Document/Sect/Table/TR[2]/TD[2]/P", "Text": "Broad range of initiatives designed to reduce Scope 1 and 2 emissions from our operations ", "TextSize": 7.0, "attributes": {"LineHeight": 9}}, {"Bounds": [359.17030334472656, 464.1264953613281, 761.2391052246094, 476.6315002441406], "ObjectID": 288, "Page": 0, "Path": "//Document/Sect/Table/TR[2]/TD[3]", "attributes": {"BBox": [280.78899999998976, 454.7619999999879, 761.7289999999921, 489.79999999998836], "BlockAlign": "Middle", "BorderColor": [[0, 0.4156799999999947, 1], [0, 0, 0.5098109999999849], [0, 0.4156799999999947, 1], [0, 0.4156799999999947, 1]], "BorderStyle": "Solid", "BorderThickness": [0.25, 0.125, 0, 0.125], "ColIndex": 2, "ColSpan": 8, "Height": 35, "InlineAlign": "Center", "RowIndex": 1, "Width": 481}}, {"Bounds": [359.17030334472656, 466.5323028564453, 679.3180999755859, 474.4163055419922], "Font": {"alt_family_name": "Gotham", "embedded": true, "encoding": "Custom", "family_name": "Gotham", "font_type": "Type1", "italic": false, "monospaced": false, "name": "WRLDCP+Gotham-Bold", "subset": true, "weight": 700}, "HasClip": false, "Lang": "en", "ObjectID": 74, "Page": 0, "Path": "//Document/Sect/Table/TR[2]/TD[3]/P", "Text": "Fuel, flare and vent reduction / electrification and renewable integration / fugitive emissions reduction ", "TextSize": 6.0, "attributes": {"LineHeight": 7.25}}, {"Bounds": [754.7371063232422, 464.1264953613281, 761.2391052246094, 476.6315002441406], "ObjectID": 75, "Page": 0, "Path": "//Document/Sect/Table/TR[2]/TD[3]/Figure", "attributes": {"BBox": [755.0089999999909, 464.24099999999453, 761.1289999999863, 476.3609999999899], "Placement": "Block", "SpaceAfter": 7.5, "StartIndent": 395.875}}, {"Bounds": [61.070098876953125, 431.3265075683594, 119.07571411132812, 449.3094940185547], "ObjectID": 252, "Page": 0, "Path": "//Document/Sect/Table/TR[3]/TD", "attributes": {"BBox": [53.637799999998606, 382.6449999999895, 130.0749999999971, 455.1219999999885], "BlockAlign": "Before", "BorderColor": [0, 0, 0.5098109999999849], "BorderStyle": "Solid", "BorderThickness": [0.125, 0.125, 0.375, 0.125], "ColIndex": 0, "Height": 72.5, "InlineAlign": "Start", "RowIndex": 2, "RowSpan": 2, "Width": 76.375}}, {"Bounds": [61.070098876953125, 431.3265075683594, 119.07571411132812, 449.3094940185547], "Font": {"alt_family_name": "Gotham", "embedded": true, "encoding": "Custom", "family_name": "Gotham", "font_type": "Type1", "italic": false, "monospaced": false, "name": "WRLDCP+Gotham-Medium", "subset": true, "weight": 500}, "HasClip": false, "Lang": "en", "ObjectID": 76, "Page": 0, "Path": "//Document/Sect/Table/TR[3]/TD/P", "Text": "Carbon capture and storage ", "TextSize": 7.0, "attributes": {"LineHeight": 9}}, {"Bounds": [134.16409301757812, 404.5375061035156, 251.9571533203125, 449.2115020751953], "ObjectID": 253, "Page": 0, "Path": "//Document/Sect/Table/TR[3]/TD[2]", "attributes": {"BBox": [129.7149999999965, 382.6449999999895, 280.90899999999965, 455.1219999999885], "BlockAlign": "Before", "BorderColor": [[0, 0, 0.5098109999999849], [0, 0, 0.5098109999999849], [0, 0, 0.5098109999999849], [0.8000029999999754, 0.8823549999999898, 1]], "BorderStyle": "Solid", "BorderThickness": [0.125, 0.125, 0.125, 0], "ColIndex": 1, "Height": 72.5, "InlineAlign": "Start", "RowIndex": 2, "RowSpan": 2, "Width": 151.25}}, {"Bounds": [134.16409301757812, 440.5455017089844, 222.20147705078125, 449.2115020751953], "Font": {"alt_family_name": "Gotham", "embedded": true, "encoding": "WinAnsiEncoding", "family_name": "Gotham", "font_type": "Type1", "italic": false, "monospaced": false, "name": "WRLDCP+Gotham-Book", "subset": true, "weight": 400}, "HasClip": false, "ObjectID": 77, "Page": 0, "Path": "//Document/Sect/Table/TR[3]/TD[2]/P/Sub", "Text": "Existing technology that ", "TextSize": 7.0, "attributes": {"Placement": "Block"}}, {"Bounds": [134.16409301757812, 404.5375061035156, 251.9571533203125, 440.2095031738281], "Font": {"alt_family_name": "Gotham", "embedded": true, "encoding": "WinAnsiEncoding", "family_name": "Gotham", "font_type": "Type1", "italic": false, "monospaced": false, "name": "WRLDCP+Gotham-Book", "subset": true, "weight": 400}, "HasClip": false, "ObjectID": 78, "Page": 0, "Path": "//Document/Sect/Table/TR[3]/TD[2]/P/Sub[2]", "Text": "will reduce emissions and pave the way for new revenue streams from future low carbon fuels and carbon solutions ", "TextSize": 7.0, "attributes": {"Placement": "Block"}}, {"Bounds": [298.3184051513672, 420.1990966796875, 333.9566955566406, 448.9642028808594], "ObjectID": 254, "Page": 0, "Path": "//Document/Sect/Table/TR[3]/TD[3]", "attributes": {"BBox": [280.90899999999965, 404.48399999999674, 358.6649999999936, 455.1219999999885], "BlockAlign": "Before", "BorderColor": [[0, 0, 0.5098109999999849], null, null, null], "BorderStyle": ["Solid", "None", "None", "None"], "BorderThickness": [0.125, 0, 0, 0], "ColIndex": 2, "Height": 50.625, "InlineAlign": "Start", "RowIndex": 2, "Width": 77.75}}, {"Bounds": [298.3184051513672, 420.1990966796875, 333.9566955566406, 448.9642028808594], "ObjectID": 79, "Page": 0, "Path": "//Document/Sect/Table/TR[3]/TD[3]/Figure", "attributes": {"BBox": [298.5479999999952, 420.3229999999894, 333.8259999999864, 448.7619999999879], "Placement": "Block", "SpaceAfter": 7.5}}, {"ObjectID": 255, "Path": "//Document/Sect/Table/TR[3]/TD[4]", "attributes": {"BBox": [358.6649999999936, 404.48399999999674, 396.82399999999325, 455.1219999999885], "BlockAlign": "Before", "BorderColor": [[0, 0, 0.5098109999999849], null, null, null], "BorderStyle": ["Solid", "None", "None", "None"], "BorderThickness": [0.125, 0, 0, 0], "ColIndex": 3, "Height": 50.625, "InlineAlign": "Center", "RowIndex": 2, "Width": 38.125}}, {"ObjectID": 256, "Path": "//Document/Sect/Table/TR[3]/TD[5]", "attributes": {"BBox": [396.82399999999325, 404.48399999999674, 463.06099999998696, 455.1219999999885], "BlockAlign": "Before", "BorderColor": [[0, 0, 0.5098109999999849], null, null, [0.1960749999999933, 0.1960749999999933, 0.6078489999999874]], "BorderStyle": ["Solid", "None", "None", "Solid"], "BorderThickness": [0.125, 0, 0, 0], "ColIndex": 4, "Height": 50.625, "InlineAlign": "Center", "RowIndex": 2, "Width": 66.25}}, {"ObjectID": 257, "Path": "//Document/Sect/Table/TR[3]/TD[6]", "attributes": {"BBox": [462.9409999999916, 404.48399999999674, 495.45999999999185, 455.1219999999885], "BlockAlign": "Before", "BorderColor": [[0, 0, 0.5098109999999849], [0.1960749999999933, 0.1960749999999933, 0.6078489999999874], [0.1960749999999933, 0.1960749999999933, 0.6078489999999874], null], "BorderStyle": ["Solid", "Solid", "Solid", "None"], "BorderThickness": [0.125, 0, 0, 0], "ColIndex": 5, "Height": 50.625, "InlineAlign": "Start", "RowIndex": 2, "Width": 32.5}}, {"ObjectID": 258, "Path": "//Document/Sect/Table/TR[3]/TD[7]", "attributes": {"BBox": [495.45999999999185, 404.48399999999674, 586.8959999999788, 455.1219999999885], "BlockAlign": "Before", "BorderColor": [[0, 0, 0.5098109999999849], [0.1960749999999933, 0.1960749999999933, 0.6078489999999874], null, null], "BorderStyle": ["Solid", "Solid", "None", "None"], "BorderThickness": [0.125, 0, 0, 0], "ColIndex": 6, "Height": 50.625, "InlineAlign": "Start", "RowIndex": 2, "Width": 91.375}}, {"ObjectID": 259, "Path": "//Document/Sect/Table/TR[3]/TD[8]", "attributes": {"BBox": [586.8959999999788, 404.48399999999674, 631.6539999999804, 455.1219999999885], "BlockAlign": "Before", "BorderColor": [[0, 0, 0.5098109999999849], [0.1960749999999933, 0.1960749999999933, 0.6078489999999874], null, null], "BorderStyle": ["Solid", "Solid", "None", "None"], "BorderThickness": [0.125, 0, 0, 0], "ColIndex": 7, "Height": 50.625, "InlineAlign": "Center", "RowIndex": 2, "Width": 44.75}}, {"Bounds": [643.6607971191406, 406.12669372558594, 671.61474609375, 414.0106964111328], "ObjectID": 260, "Page": 0, "Path": "//Document/Sect/Table/TR[3]/TD[9]", "attributes": {"BBox": [631.6539999999804, 404.48399999999674, 679.8919999999925, 455.1219999999885], "BlockAlign": "After", "BorderColor": [[0, 0, 0.5098109999999849], [0.1960749999999933, 0.1960749999999933, 0.6078489999999874], null, null], "BorderStyle": ["Solid", "Solid", "None", "None"], "BorderThickness": [0.125, 0, 0, 0], "ColIndex": 8, "Height": 50.625, "InlineAlign": "Center", "RowIndex": 2, "Width": 48.25}}, {"Bounds": [643.6607971191406, 406.12669372558594, 671.61474609375, 414.0106964111328], "Font": {"alt_family_name": "Gotham", "embedded": true, "encoding": "Custom", "family_name": "Gotham", "font_type": "Type1", "italic": false, "monospaced": false, "name": "WRLDCP+Gotham-Bold", "subset": true, "weight": 700}, "HasClip": false, "Lang": "en", "ObjectID": 264, "Page": 0, "Path": "//Document/Sect/Table/TR[3]/TD[9]/P", "Text": "Western ", "TextSize": 6.0, "attributes": {"LineHeight": 7.25}}, {"Bounds": [669.5807952880859, 406.12669372558594, 761.2760925292969, 448.96690368652344], "ObjectID": 261, "Page": 0, "Path": "//Document/Sect/Table/TR[3]/TD[10]", "attributes": {"BBox": [671.252999999997, 404.48399999999674, 761.7289999999921, 455.1219999999885], "BlockAlign": "After", "BorderColor": [[0, 0, 0.5098109999999849], [0.1960749999999933, 0.1960749999999933, 0.6078489999999874], null, [0.1960749999999933, 0.1960749999999933, 0.6078489999999874]], "BorderStyle": ["Solid", "Solid", "None", "Solid"], "BorderThickness": [0.125, 0, 0, 0.125], "ColIndex": 9, "Height": 50.625, "InlineAlign": "Start", "RowIndex": 2, "Width": 90.5}}, {"Bounds": [669.5807952880859, 406.12669372558594, 754.0652770996094, 446.5487060546875], "Font": {"alt_family_name": "Gotham", "embedded": true, "encoding": "Custom", "family_name": "Gotham", "font_type": "Type1", "italic": false, "monospaced": false, "name": "WRLDCP+Gotham-Bold", "subset": true, "weight": 700}, "HasClip": false, "Lang": "en", "ObjectID": 81, "Page": 0, "Path": "//Document/Sect/Table/TR[3]/TD[10]/P", "Text": "Moomba CCS Bayu-Undan CCS  Australian CCS (Reindeer) ", "TextSize": 6.0, "attributes": {"LineHeight": 16.25, "TextAlign": "End"}}, {"Bounds": [754.7373046875, 420.197998046875, 761.2760925292969, 448.96690368652344], "ObjectID": 82, "Page": 0, "Path": "//Document/Sect/Table/TR[3]/TD[10]/Figure", "attributes": {"BBox": [755.0089999999909, 420.3229999999894, 761.1289999999863, 448.7619999999879], "Placement": "Block", "SpaceAfter": 18, "StartIndent": 83.75}}, {"ObjectID": 231, "Path": "//Document/Sect/Table/TR[4]/TD", "attributes": {"BBox": [280.78899999998976, 382.6449999999895, 358.6649999999936, 404.48399999999674], "BlockAlign": "Before", "BorderColor": [null, [0, 0, 0.5098109999999849], [0.8000029999999754, 0.8823549999999898, 1], null], "BorderStyle": ["None", "Solid", "Solid", "None"], "BorderThickness": [0, 0.125, 0, 0], "ColIndex": 2, "Height": 21.875, "InlineAlign": "Start", "RowIndex": 3, "Width": 77.875}}, {"ObjectID": 232, "Path": "//Document/Sect/Table/TR[4]/TD[2]", "attributes": {"BBox": [358.6649999999936, 382.6449999999895, 396.82399999999325, 404.48399999999674], "BlockAlign": "Before", "BorderColor": [null, [0, 0, 0.5098109999999849], null, null], "BorderStyle": ["None", "Solid", "None", "None"], "BorderThickness": [0, 0.125, 0, 0], "ColIndex": 3, "Height": 21.875, "InlineAlign": "Center", "RowIndex": 3, "Width": 38.125}}, {"ObjectID": 233, "Path": "//Document/Sect/Table/TR[4]/TD[3]", "attributes": {"BBox": [396.82399999999325, 382.6449999999895, 463.06099999998696, 404.48399999999674], "BlockAlign": "Before", "BorderColor": [null, [0, 0, 0.5098109999999849], null, [0.8000029999999754, 0.8823549999999898, 1]], "BorderStyle": ["None", "Solid", "None", "Solid"], "BorderThickness": [0, 0.125, 0, 0], "ColIndex": 4, "Height": 21.875, "InlineAlign": "Center", "RowIndex": 3, "Width": 66.25}}, {"ObjectID": 234, "Path": "//Document/Sect/Table/TR[4]/TD[4]", "attributes": {"BBox": [462.9409999999916, 382.6449999999895, 495.45999999999185, 404.6039999999921], "BlockAlign": "Before", "BorderColor": [[0.1960749999999933, 0.1960749999999933, 0.6078489999999874], [0, 0, 0.5098109999999849], [0.8000029999999754, 0.8823549999999898, 1], null], "BorderStyle": ["Solid", "Solid", "Solid", "None"], "BorderThickness": [0, 0.125, 0, 0], "ColIndex": 5, "Height": 22, "InlineAlign": "Start", "RowIndex": 3, "Width": 32.5}}, {"ObjectID": 235, "Path": "//Document/Sect/Table/TR[4]/TD[5]", "attributes": {"BBox": [495.45999999999185, 382.6449999999895, 586.8959999999788, 404.6039999999921], "BlockAlign": "Before", "BorderColor": [[0.1960749999999933, 0.1960749999999933, 0.6078489999999874], [0, 0, 0.5098109999999849], null, null], "BorderStyle": ["Solid", "Solid", "None", "None"], "BorderThickness": [0, 0.125, 0, 0], "ColIndex": 6, "Height": 22, "InlineAlign": "Start", "RowIndex": 3, "Width": 91.375}}, {"ObjectID": 236, "Path": "//Document/Sect/Table/TR[4]/TD[6]", "attributes": {"BBox": [586.8959999999788, 382.6449999999895, 631.6539999999804, 404.6039999999921], "BlockAlign": "Before", "BorderColor": [[0.1960749999999933, 0.1960749999999933, 0.6078489999999874], [0, 0, 0.5098109999999849], null, null], "BorderStyle": ["Solid", "Solid", "None", "None"], "BorderThickness": [0, 0.125, 0, 0], "ColIndex": 7, "Height": 22, "InlineAlign": "Center", "RowIndex": 3, "Width": 44.75}}, {"Bounds": [675.8448028564453, 387.6667022705078, 761.2393035888672, 400.1717071533203], "ObjectID": 237, "Page": 0, "Path": "//Document/Sect/Table/TR[4]/TD[7]", "attributes": {"BBox": [631.6539999999804, 382.6449999999895, 761.6089999999967, 404.6039999999921], "BlockAlign": "Middle", "BorderColor": [[0.1960749999999933, 0.1960749999999933, 0.6078489999999874], [0, 0, 0.5098109999999849], null, null], "BorderStyle": ["Solid", "Solid", "None", "None"], "BorderThickness": [0, 0.125, 0, 0], "ColIndex": 8, "ColSpan": 2, "Height": 22, "InlineAlign": "Start", "RowIndex": 3, "Width": 130}}, {"Bounds": [675.8448028564453, 389.62669372558594, 693.8651733398438, 397.5106964111328], "Font": {"alt_family_name": "Gotham", "embedded": true, "encoding": "Custom", "family_name": "Gotham", "font_type": "Type1", "italic": false, "monospaced": false, "name": "WRLDCP+Gotham-Bold", "subset": true, "weight": 700}, "HasClip": false, "Lang": "en", "ObjectID": 83, "Page": 0, "Path": "//Document/Sect/Table/TR[4]/TD[7]/P", "Text": "Other", "TextSize": 6.0, "attributes": {"LineHeight": 7.25}}, {"Bounds": [693.6828002929688, 389.62669372558594, 754.0811614990234, 397.5106964111328], "Font": {"alt_family_name": "Gotham", "embedded": true, "encoding": "Custom", "family_name": "Gotham", "font_type": "Type1", "italic": false, "monospaced": false, "name": "WRLDCP+Gotham-Bold", "subset": true, "weight": 700}, "HasClip": false, "Lang": "en", "ObjectID": 84, "Page": 0, "Path": "//Document/Sect/Table/TR[4]/TD[7]/P[2]", "Text": " CCS opportunities ", "TextSize": 6.0, "attributes": {"LineHeight": 7.25}}, {"Bounds": [754.7373046875, 387.6667022705078, 761.2393035888672, 400.1717071533203], "ObjectID": 85, "Page": 0, "Path": "//Document/Sect/Table/TR[4]/TD[7]/Figure", "attributes": {"BBox": [755.0089999999909, 387.8039999999892, 761.1289999999863, 399.92399999999907], "Placement": "Block", "SpaceAfter": 7.5, "StartIndent": 79.25}}, {"Bounds": [61.070098876953125, 370.20249938964844, 123.83995056152344, 379.1835021972656], "ObjectID": 207, "Page": 0, "Path": "//Document/Sect/Table/TR[5]/TD", "attributes": {"BBox": [53.637799999998606, 345.20599999999104, 130.0749999999971, 383.0049999999901], "BlockAlign": "Before", "BorderColor": [0, 0, 0.5098109999999849], "BorderStyle": "Solid", "BorderThickness": [0.125, 0.125, 0.375, 0.125], "ColIndex": 0, "Height": 37.75, "InlineAlign": "Start", "RowIndex": 4, "Width": 76.375}}, {"Bounds": [61.070098876953125, 370.20249938964844, 123.83995056152344, 379.1835021972656], "Font": {"alt_family_name": "Gotham", "embedded": true, "encoding": "Custom", "family_name": "Gotham", "font_type": "Type1", "italic": false, "monospaced": false, "name": "WRLDCP+Gotham-Medium", "subset": true, "weight": 500}, "HasClip": false, "Lang": "en", "ObjectID": 86, "Page": 0, "Path": "//Document/Sect/Table/TR[5]/TD/P", "Text": "Carbon solutions ", "TextSize": 7.0, "attributes": {"LineHeight": 8.375}}, {"Bounds": [134.16409301757812, 352.4154968261719, 271.85154724121094, 379.0854949951172], "ObjectID": 208, "Page": 0, "Path": "//Document/Sect/Table/TR[5]/TD[2]", "attributes": {"BBox": [129.7149999999965, 345.20599999999104, 280.90899999999965, 383.0049999999901], "BlockAlign": "Middle", "BorderColor": [[0, 0, 0.5098109999999849], [0, 0, 0.5098109999999849], [0, 0, 0.5098109999999849], [0, 0.4156799999999947, 1]], "BorderStyle": ["Solid", "Solid", "Solid", "Double"], "BorderThickness": [0.125, 0.125, 0.125, 0], "ColIndex": 1, "Height": 37.75, "InlineAlign": "Start", "RowIndex": 4, "Width": 151.25}}, {"Bounds": [134.16409301757812, 352.4154968261719, 271.85154724121094, 379.0854949951172], "Font": {"alt_family_name": "Gotham", "embedded": true, "encoding": "WinAnsiEncoding", "family_name": "Gotham", "font_type": "Type1", "italic": false, "monospaced": false, "name": "WRLDCP+Gotham-Book", "subset": true, "weight": 400}, "HasClip": false, "Lang": "en", "ObjectID": 87, "Page": 0, "Path": "//Document/Sect/Table/TR[5]/TD[2]/P", "Text": "Opportunities to address emissions that cannot be avoided or reduced by Santos, our customers and third parties ", "TextSize": 7.0, "attributes": {"LineHeight": 9}}, {"ObjectID": 209, "Path": "//Document/Sect/Table/TR[5]/TD[3]", "attributes": {"BBox": [280.78899999998976, 345.20599999999104, 396.82399999999325, 383.0049999999901], "BlockAlign": "Before", "BorderColor": [[0, 0, 0.5098109999999849], [0, 0, 0.5098109999999849], [0, 0.4156799999999947, 1], null], "BorderStyle": ["Solid", "Solid", "Double", "None"], "BorderThickness": [0.125, 0.125, 0, 0], "ColIndex": 2, "ColSpan": 2, "Height": 37.75, "InlineAlign": "Start", "RowIndex": 4, "Width": 116}}, {"ObjectID": 210, "Path": "//Document/Sect/Table/TR[5]/TD[4]", "attributes": {"BBox": [396.82399999999325, 345.20599999999104, 463.06099999998696, 383.0049999999901], "BlockAlign": "Before", "BorderColor": [[0, 0, 0.5098109999999849], [0, 0, 0.5098109999999849], null, null], "BorderStyle": ["Solid", "Solid", "None", "None"], "BorderThickness": [0.125, 0.125, 0, 0], "ColIndex": 4, "Height": 37.75, "InlineAlign": "Center", "RowIndex": 4, "Width": 66.25}}, {"ObjectID": 211, "Path": "//Document/Sect/Table/TR[5]/TD[5]", "attributes": {"BBox": [463.06099999998696, 345.20599999999104, 495.45999999999185, 383.0049999999901], "BlockAlign": "Before", "BorderColor": [[0, 0, 0.5098109999999849], [0, 0, 0.5098109999999849], null, null], "BorderStyle": ["Solid", "Solid", "None", "None"], "BorderThickness": [0.125, 0.125, 0, 0], "ColIndex": 5, "Height": 37.75, "InlineAlign": "Start", "RowIndex": 4, "Width": 32.375}}, {"Bounds": [485.33189392089844, 368.5438995361328, 559.6524505615234, 376.4279022216797], "ObjectID": 212, "Page": 0, "Path": "//Document/Sect/Table/TR[5]/TD[6]", "attributes": {"BBox": [485.25999999999476, 345.20599999999104, 586.8959999999788, 383.0049999999901], "BlockAlign": "Before", "BorderColor": [[0, 0, 0.5098109999999849], [0, 0, 0.5098109999999849], null, null], "BorderStyle": ["Solid", "Solid", "None", "None"], "BorderThickness": [0.125, 0.125, 0, 0], "ColIndex": 6, "Height": 37.75, "InlineAlign": "Start", "RowIndex": 4, "Width": 101.625}}, {"Bounds": [485.33189392089844, 368.5438995361328, 559.6524505615234, 376.4279022216797], "Font": {"alt_family_name": "Gotham", "embedded": true, "encoding": "Custom", "family_name": "Gotham", "font_type": "Type1", "italic": false, "monospaced": false, "name": "WRLDCP+Gotham-Bold", "subset": true, "weight": 700}, "HasClip": false, "Lang": "en", "ObjectID": 88, "Page": 0, "Path": "//Document/Sect/Table/TR[5]/TD[6]/P", "Text": "Nature-based solutions ", "TextSize": 6.0, "attributes": {"LineHeight": 7.25}}, {"ObjectID": 213, "Path": "//Document/Sect/Table/TR[5]/TD[7]", "attributes": {"BBox": [586.8959999999788, 345.20599999999104, 631.6539999999804, 383.0049999999901], "BlockAlign": "Before", "BorderColor": [[0, 0, 0.5098109999999849], [0, 0, 0.5098109999999849], null, null], "BorderStyle": ["Solid", "Solid", "None", "None"], "BorderThickness": [0.125, 0.125, 0, 0], "ColIndex": 7, "Height": 37.75, "InlineAlign": "Center", "RowIndex": 4, "Width": 44.75}}, {"Bounds": [664.9299011230469, 352.25390625, 754.0844268798828, 360.1378936767578], "ObjectID": 214, "Page": 0, "Path": "//Document/Sect/Table/TR[5]/TD[8]", "attributes": {"BBox": [631.6539999999804, 345.20599999999104, 761.7289999999921, 383.0049999999901], "BlockAlign": "After", "BorderColor": [[0, 0, 0.5098109999999849], [0, 0, 0.5098109999999849], null, [0, 0.4156799999999947, 1]], "BorderStyle": ["Solid", "Solid", "None", "Solid"], "BorderThickness": [0.125, 0.125, 0, 0.125], "ColIndex": 8, "ColSpan": 2, "Height": 37.75, "InlineAlign": "End", "RowIndex": 4, "Width": 130.125}}, {"Bounds": [664.9299011230469, 352.25390625, 754.0844268798828, 360.1378936767578], "Font": {"alt_family_name": "Gotham", "embedded": true, "encoding": "Custom", "family_name": "Gotham", "font_type": "Type1", "italic": false, "monospaced": false, "name": "WRLDCP+Gotham-Bold", "subset": true, "weight": 700}, "HasClip": false, "Lang": "en", "ObjectID": 89, "Page": 0, "Path": "//Document/Sect/Table/TR[5]/TD[8]/P", "Text": "Technology-based solutions ", "TextSize": 6.0, "attributes": {"LineHeight": 7.25}}, {"Bounds": [61.070098876953125, 323.37249755859375, 105.16549682617188, 341.3554992675781], "ObjectID": 180, "Page": 0, "Path": "//Document/Sect/Table/TR[6]/TD", "attributes": {"BBox": [53.637799999998606, 307.7679999999964, 130.0749999999971, 345.5659999999916], "BlockAlign": "Before", "BorderColor": [0, 0, 0.5098109999999849], "BorderStyle": "Solid", "BorderThickness": [0.125, 0.125, 0.375, 0.125], "ColIndex": 0, "Height": 37.75, "InlineAlign": "Start", "RowIndex": 5, "Width": 76.375}}, {"Bounds": [61.070098876953125, 323.37249755859375, 105.16549682617188, 341.3554992675781], "Font": {"alt_family_name": "Gotham", "embedded": true, "encoding": "Custom", "family_name": "Gotham", "font_type": "Type1", "italic": false, "monospaced": false, "name": "WRLDCP+Gotham-Medium", "subset": true, "weight": 500}, "HasClip": false, "Lang": "en", "ObjectID": 90, "Page": 0, "Path": "//Document/Sect/Table/TR[6]/TD/P", "Text": "Low carbon fuels hubs ", "TextSize": 7.0, "attributes": {"LineHeight": 9}}, {"Bounds": [134.16409301757812, 314.5874938964844, 262.2654571533203, 341.25750732421875], "ObjectID": 181, "Page": 0, "Path": "//Document/Sect/Table/TR[6]/TD[2]", "attributes": {"BBox": [129.7149999999965, 307.7679999999964, 280.90899999999965, 345.5659999999916], "BlockAlign": "Middle", "BorderColor": [[0, 0, 0.5098109999999849], [0, 0, 0.5098109999999849], [0, 0, 0.5098109999999849], [0.8000029999999754, 0.8823549999999898, 1]], "BorderStyle": "Solid", "BorderThickness": [0.125, 0.125, 0.125, 0], "ColIndex": 1, "Height": 37.75, "InlineAlign": "Start", "RowIndex": 5, "Width": 151.25}}, {"Bounds": [134.16409301757812, 314.5874938964844, 262.2654571533203, 341.25750732421875], "Font": {"alt_family_name": "Gotham", "embedded": true, "encoding": "WinAnsiEncoding", "family_name": "Gotham", "font_type": "Type1", "italic": false, "monospaced": false, "name": "WRLDCP+Gotham-Book", "subset": true, "weight": 400}, "HasClip": false, "Lang": "en", "ObjectID": 91, "Page": 0, "Path": "//Document/Sect/Table/TR[6]/TD[2]/P", "Text": "Leverage decarbonisation hubs as a platform for low carbon fuels (will be demand led) ", "TextSize": 7.0, "attributes": {"LineHeight": 9}}, {"ObjectID": 182, "Path": "//Document/Sect/Table/TR[6]/TD[3]", "attributes": {"BBox": [280.78899999998976, 307.7679999999964, 358.6649999999936, 345.5659999999916], "BlockAlign": "Before", "BorderColor": [[0, 0, 0.5098109999999849], [0, 0, 0.5098109999999849], [0.8000029999999754, 0.8823549999999898, 1], null], "BorderStyle": ["Solid", "Solid", "Solid", "None"], "BorderThickness": [0.125, 0.125, 0, 0], "ColIndex": 2, "Height": 37.75, "InlineAlign": "Start", "RowIndex": 5, "Width": 77.875}}, {"ObjectID": 183, "Path": "//Document/Sect/Table/TR[6]/TD[4]", "attributes": {"BBox": [358.6649999999936, 307.7679999999964, 396.82399999999325, 345.5659999999916], "BlockAlign": "Before", "BorderColor": [[0, 0, 0.5098109999999849], [0, 0, 0.5098109999999849], null, null], "BorderStyle": ["Solid", "Solid", "None", "None"], "BorderThickness": [0.125, 0.125, 0, 0], "ColIndex": 3, "Height": 37.75, "InlineAlign": "Center", "RowIndex": 5, "Width": 38.125}}, {"ObjectID": 184, "Path": "//Document/Sect/Table/TR[6]/TD[5]", "attributes": {"BBox": [396.82399999999325, 307.7679999999964, 463.06099999998696, 345.5659999999916], "BlockAlign": "Before", "BorderColor": [[0, 0, 0.5098109999999849], [0, 0, 0.5098109999999849], null, null], "BorderStyle": ["Solid", "Solid", "None", "None"], "BorderThickness": [0.125, 0.125, 0, 0], "ColIndex": 4, "Height": 37.75, "InlineAlign": "Center", "RowIndex": 5, "Width": 66.25}}, {"ObjectID": 185, "Path": "//Document/Sect/Table/TR[6]/TD[6]", "attributes": {"BBox": [463.06099999998696, 307.7679999999964, 495.45999999999185, 345.5659999999916], "BlockAlign": "Before", "BorderColor": [[0, 0, 0.5098109999999849], [0, 0, 0.5098109999999849], null, null], "BorderStyle": ["Solid", "Solid", "None", "None"], "BorderThickness": [0.125, 0.125, 0, 0], "ColIndex": 5, "Height": 37.75, "InlineAlign": "Start", "RowIndex": 5, "Width": 32.375}}, {"ObjectID": 186, "Path": "//Document/Sect/Table/TR[6]/TD[7]", "attributes": {"BBox": [495.45999999999185, 307.7679999999964, 586.8959999999788, 345.5659999999916], "BlockAlign": "Before", "BorderColor": [[0, 0, 0.5098109999999849], [0, 0, 0.5098109999999849], null, null], "BorderStyle": ["Solid", "Solid", "None", "None"], "BorderThickness": [0.125, 0.125, 0, 0], "ColIndex": 6, "Height": 37.75, "InlineAlign": "Start", "RowIndex": 5, "Width": 91.375}}, {"ObjectID": 187, "Path": "//Document/Sect/Table/TR[6]/TD[8]", "attributes": {"BBox": [586.8959999999788, 307.7679999999964, 631.6539999999804, 345.5659999999916], "BlockAlign": "Before", "BorderColor": [[0, 0, 0.5098109999999849], [0, 0, 0.5098109999999849], null, null], "BorderStyle": ["Solid", "Solid", "None", "None"], "BorderThickness": [0.125, 0.125, 0, 0], "ColIndex": 7, "Height": 37.75, "InlineAlign": "Center", "RowIndex": 5, "Width": 44.75}}, {"Bounds": [661.8627014160156, 314.12489318847656, 754.3001251220703, 338.44859313964844], "ObjectID": 188, "Page": 0, "Path": "//Document/Sect/Table/TR[6]/TD[9]", "attributes": {"BBox": [631.6539999999804, 307.7679999999964, 761.6089999999967, 345.5659999999916], "BlockAlign": "Middle", "BorderColor": [[0, 0, 0.5098109999999849], [0, 0, 0.5098109999999849], null, null], "BorderStyle": ["Solid", "Solid", "None", "None"], "BorderThickness": [0.125, 0.125, 0, 0], "ColIndex": 8, "ColSpan": 2, "Height": 37.75, "InlineAlign": "End", "RowIndex": 5, "Width": 130}}, {"Bounds": [661.8627014160156, 314.4071960449219, 754.1014404296875, 338.44859313964844], "Font": {"alt_family_name": "Gotham", "embedded": true, "encoding": "Custom", "family_name": "Gotham", "font_type": "Type1", "italic": false, "monospaced": false, "name": "WRLDCP+Gotham-Bold", "subset": true, "weight": 700}, "HasClip": false, "Lang": "en", "ObjectID": 92, "Page": 0, "Path": "//Document/Sect/Table/TR[6]/TD[9]/P", "Text": "Hydrogen and ammonia hubs e-methanation", "TextSize": 6.0, "attributes": {"LineHeight": 16.25, "TextAlign": "End"}}, {"Bounds": [718.5760955810547, 314.12489318847656, 754.3001251220703, 322.00889587402344], "Font": {"alt_family_name": "Gotham", "embedded": true, "encoding": "Custom", "family_name": "Gotham", "font_type": "Type1", "italic": false, "monospaced": false, "name": "WRLDCP+Gotham-Bold", "subset": true, "weight": 700}, "HasClip": false, "Lang": "en", "ObjectID": 93, "Page": 0, "Path": "//Document/Sect/Table/TR[6]/TD[9]/P[2]", "Text": "e-methane ", "TextSize": 6.0, "attributes": {"LineHeight": 7.25}}, {"Bounds": [61.070098876953125, 294.3715057373047, 109.06704711914062, 303.3524932861328], "ObjectID": 171, "Page": 0, "Path": "//Document/Sect/Table/TR[7]/TD", "attributes": {"BBox": [53.637799999998606, 292.7679999999964, 130.0749999999971, 308.127999999997], "BlockAlign": "Middle", "BorderColor": [[0, 0, 0.5098109999999849], null, [0, 0, 0.5098109999999849], [0, 0, 0.5098109999999849]], "BorderStyle": ["Solid", "None", "Solid", "Solid"], "BorderThickness": [0.125, 0, 0.375, 0.125], "ColIndex": 0, "Height": 15.375, "InlineAlign": "Start", "RowIndex": 6, "Width": 76.375}}, {"Bounds": [61.070098876953125, 294.3715057373047, 109.06704711914062, 303.3524932861328], "Font": {"alt_family_name": "Gotham", "embedded": true, "encoding": "Custom", "family_name": "Gotham", "font_type": "Type1", "italic": false, "monospaced": false, "name": "WRLDCP+Gotham-Medium", "subset": true, "weight": 500}, "HasClip": false, "Lang": "en", "ObjectID": 94, "Page": 0, "Path": "//Document/Sect/Table/TR[7]/TD/P", "Text": "Supply chain ", "TextSize": 7.0, "attributes": {"LineHeight": 8.375}}, {"Bounds": [134.16409301757812, 294.5885009765625, 270.9962158203125, 303.25450134277344], "ObjectID": 172, "Page": 0, "Path": "//Document/Sect/Table/TR[7]/TD[2]", "attributes": {"BBox": [129.7149999999965, 292.7679999999964, 280.90899999999965, 308.127999999997], "BlockAlign": "Middle", "BorderColor": [[0, 0, 0.5098109999999849], null, [0, 0, 0.5098109999999849], [0, 0.4156799999999947, 1]], "BorderStyle": ["Solid", "None", "Solid", "Solid"], "BorderThickness": [0.125, 0, 0.125, 0], "ColIndex": 1, "Height": 15.375, "InlineAlign": "Start", "RowIndex": 6, "Width": 151.25}}, {"Bounds": [134.16409301757812, 294.5885009765625, 270.9962158203125, 303.25450134277344], "Font": {"alt_family_name": "Gotham", "embedded": true, "encoding": "WinAnsiEncoding", "family_name": "Gotham", "font_type": "Type1", "italic": false, "monospaced": false, "name": "WRLDCP+Gotham-Book", "subset": true, "weight": 400}, "HasClip": false, "Lang": "en", "ObjectID": 95, "Page": 0, "Path": "//Document/Sect/Table/TR[7]/TD[2]/P", "Text": "Working with customers and suppliers ", "TextSize": 7.0, "attributes": {"LineHeight": 8.375}}, {"ObjectID": 173, "Path": "//Document/Sect/Table/TR[7]/TD[3]", "attributes": {"BBox": [280.78899999998976, 292.7679999999964, 761.7289999999921, 308.127999999997], "BlockAlign": "Before", "BorderColor": [[0, 0, 0.5098109999999849], [0, 0.4156799999999947, 1], [0, 0.4156799999999947, 1], [0, 0.4156799999999947, 1]], "BorderStyle": "Solid", "BorderThickness": [0.125, 0, 0, 0.125], "ColIndex": 2, "ColSpan": 8, "Height": 15.375, "InlineAlign": "Start", "RowIndex": 6, "Width": 481}}, {"Bounds": [61.070098876953125, 285.3695068359375, 110.80503845214844, 294.3504943847656], "ObjectID": 141, "Page": 0, "Path": "//Document/Sect/Table/TR[8]/TD", "attributes": {"BBox": [53.637799999998606, 273.208999999988, 130.0749999999971, 292.7679999999964], "BlockAlign": "Before", "BorderColor": [null, [0, 0, 0.5098109999999849], [0, 0, 0.5098109999999849], [0, 0, 0.5098109999999849]], "BorderStyle": ["None", "Solid", "Solid", "Solid"], "BorderThickness": [0, 0.125, 0.375, 0.125], "ColIndex": 0, "Height": 19.5, "InlineAlign": "Start", "RowIndex": 7, "Width": 76.375}}, {"Bounds": [61.070098876953125, 285.3695068359375, 110.80503845214844, 294.3504943847656], "Font": {"alt_family_name": "Gotham", "embedded": true, "encoding": "Custom", "family_name": "Gotham", "font_type": "Type1", "italic": false, "monospaced": false, "name": "WRLDCP+Gotham-Medium", "subset": true, "weight": 500}, "HasClip": false, "Lang": "en", "ObjectID": 96, "Page": 0, "Path": "//Document/Sect/Table/TR[8]/TD/P", "Text": "collaboration ", "TextSize": 7.0, "attributes": {"LineHeight": 8.375}}, {"Bounds": [134.16409301757812, 276.5845031738281, 278.1081085205078, 294.25250244140625], "ObjectID": 142, "Page": 0, "Path": "//Document/Sect/Table/TR[8]/TD[2]", "attributes": {"BBox": [129.7149999999965, 273.208999999988, 280.90899999999965, 292.7679999999964], "BlockAlign": "Before", "BorderColor": [null, [0, 0, 0.5098109999999849], [0, 0, 0.5098109999999849], null], "BorderStyle": ["None", "Solid", "Solid", "None"], "BorderThickness": [0, 0.125, 0.125, 0], "ColIndex": 1, "Height": 19.5, "InlineAlign": "Start", "RowIndex": 7, "Width": 151.25}}, {"Bounds": [134.16409301757812, 276.5845031738281, 278.1081085205078, 294.25250244140625], "Font": {"alt_family_name": "Gotham", "embedded": true, "encoding": "WinAnsiEncoding", "family_name": "Gotham", "font_type": "Type1", "italic": false, "monospaced": false, "name": "WRLDCP+Gotham-Book", "subset": true, "weight": 400}, "HasClip": false, "Lang": "en", "ObjectID": 97, "Page": 0, "Path": "//Document/Sect/Table/TR[8]/TD[2]/P", "Text": "to cultivate demand for low carbon fuels and carbon solutions ", "TextSize": 7.0, "attributes": {"LineHeight": 9}}, {"Bounds": [281.2442932128906, 274.2592010498047, 346.21839904785156, 282.9252014160156], "ObjectID": 143, "Page": 0, "Path": "//Document/Sect/Table/TR[8]/TD[3]", "attributes": {"BBox": [280.90899999999965, 273.208999999988, 358.6649999999936, 292.88799999999173], "BlockAlign": "After", "BorderColor": [[0, 0.4156799999999947, 1], [0, 0, 0.5098109999999849], null, null], "BorderStyle": ["Solid", "Solid", "None", "None"], "BorderThickness": [0, 0.125, 0, 0], "ColIndex": 2, "Height": 19.625, "InlineAlign": "Start", "RowIndex": 7, "Width": 77.75}}, {"Bounds": [281.2442932128906, 274.2592010498047, 346.21839904785156, 282.9252014160156], "Font": {"alt_family_name": "Gotham", "embedded": true, "encoding": "WinAnsiEncoding", "family_name": "Gotham", "font_type": "Type1", "italic": false, "monospaced": false, "name": "WRLDCP+Gotham-Book", "subset": true, "weight": 400}, "HasClip": false, "Lang": "en", "ObjectID": 98, "Page": 0, "Path": "//Document/Sect/Table/TR[8]/TD[3]/P", "Text": "2020 2022 ", "TextSize": 7.0, "attributes": {"LineHeight": 8.375}}, {"Bounds": [371.9573059082031, 274.2592010498047, 391.99134826660156, 282.9252014160156], "ObjectID": 144, "Page": 0, "Path": "//Document/Sect/Table/TR[8]/TD[4]", "attributes": {"BBox": [358.6649999999936, 273.208999999988, 396.82399999999325, 292.88799999999173], "BlockAlign": "After", "BorderColor": [[0, 0.4156799999999947, 1], [0, 0, 0.5098109999999849], null, null], "BorderStyle": ["Solid", "Solid", "None", "None"], "BorderThickness": [0, 0.125, 0, 0], "ColIndex": 3, "Height": 19.625, "InlineAlign": "Center", "RowIndex": 7, "Width": 38.125}}, {"Bounds": [371.9573059082031, 274.2592010498047, 391.99134826660156, 282.9252014160156], "Font": {"alt_family_name": "Gotham", "embedded": true, "encoding": "WinAnsiEncoding", "family_name": "Gotham", "font_type": "Type1", "italic": false, "monospaced": false, "name": "WRLDCP+Gotham-Book", "subset": true, "weight": 400}, "HasClip": false, "Lang": "en", "ObjectID": 99, "Page": 0, "Path": "//Document/Sect/Table/TR[8]/TD[4]/P", "Text": "2024 ", "TextSize": 7.0, "attributes": {"LineHeight": 8.375}}, {"Bounds": [417.87730407714844, 274.2592010498047, 438.12843322753906, 282.9252014160156], "ObjectID": 145, "Page": 0, "Path": "//Document/Sect/Table/TR[8]/TD[5]", "attributes": {"BBox": [396.82399999999325, 273.208999999988, 463.06099999998696, 292.88799999999173], "BlockAlign": "After", "BorderColor": [[0, 0.4156799999999947, 1], [0, 0, 0.5098109999999849], null, null], "BorderStyle": ["Solid", "Solid", "None", "None"], "BorderThickness": [0, 0.125, 0, 0], "ColIndex": 4, "Height": 19.625, "InlineAlign": "Center", "RowIndex": 7, "Width": 66.25}}, {"Bounds": [417.87730407714844, 274.2592010498047, 438.12843322753906, 282.9252014160156], "Font": {"alt_family_name": "Gotham", "embedded": true, "encoding": "WinAnsiEncoding", "family_name": "Gotham", "font_type": "Type1", "italic": false, "monospaced": false, "name": "WRLDCP+Gotham-Book", "subset": true, "weight": 400}, "HasClip": false, "Lang": "en", "ObjectID": 100, "Page": 0, "Path": "//Document/Sect/Table/TR[8]/TD[5]/P", "Text": "2026 ", "TextSize": 7.0, "attributes": {"LineHeight": 8.375}}, {"Bounds": [463.4893035888672, 274.2592010498047, 483.6283264160156, 282.9252014160156], "ObjectID": 146, "Page": 0, "Path": "//Document/Sect/Table/TR[8]/TD[6]", "attributes": {"BBox": [463.06099999998696, 273.208999999988, 495.45999999999185, 292.88799999999173], "BlockAlign": "After", "BorderColor": [[0, 0.4156799999999947, 1], [0, 0, 0.5098109999999849], null, null], "BorderStyle": ["Solid", "Solid", "None", "None"], "BorderThickness": [0, 0.125, 0, 0], "ColIndex": 5, "Height": 19.625, "InlineAlign": "Start", "RowIndex": 7, "Width": 32.375}}, {"Bounds": [463.4893035888672, 274.2592010498047, 483.6283264160156, 282.9252014160156], "Font": {"alt_family_name": "Gotham", "embedded": true, "encoding": "WinAnsiEncoding", "family_name": "Gotham", "font_type": "Type1", "italic": false, "monospaced": false, "name": "WRLDCP+Gotham-Book", "subset": true, "weight": 400}, "HasClip": false, "Lang": "en", "ObjectID": 101, "Page": 0, "Path": "//Document/Sect/Table/TR[8]/TD[6]/P", "Text": "2028 ", "TextSize": 7.0, "attributes": {"LineHeight": 8.375}}, {"Bounds": [509.4373016357422, 274.2592010498047, 575.2660217285156, 282.9252014160156], "ObjectID": 147, "Page": 0, "Path": "//Document/Sect/Table/TR[8]/TD[7]", "attributes": {"BBox": [495.45999999999185, 273.208999999988, 586.8959999999788, 292.88799999999173], "BlockAlign": "After", "BorderColor": [[0, 0.4156799999999947, 1], [0, 0, 0.5098109999999849], null, null], "BorderStyle": ["Solid", "Solid", "None", "None"], "BorderThickness": [0, 0.125, 0, 0], "ColIndex": 6, "Height": 19.625, "InlineAlign": "Start", "RowIndex": 7, "Width": 91.375}}, {"Bounds": [509.4373016357422, 274.2592010498047, 575.2660217285156, 282.9252014160156], "Font": {"alt_family_name": "Gotham", "embedded": true, "encoding": "WinAnsiEncoding", "family_name": "Gotham", "font_type": "Type1", "italic": false, "monospaced": false, "name": "WRLDCP+Gotham-Book", "subset": true, "weight": 400}, "HasClip": false, "Lang": "en", "ObjectID": 102, "Page": 0, "Path": "//Document/Sect/Table/TR[8]/TD[7]/P", "Text": "2030 2032 ", "TextSize": 7.0, "attributes": {"LineHeight": 8.375}}, {"Bounds": [600.7032928466797, 274.2592010498047, 621.2538452148438, 282.9252014160156], "ObjectID": 148, "Page": 0, "Path": "//Document/Sect/Table/TR[8]/TD[8]", "attributes": {"BBox": [586.8959999999788, 273.208999999988, 631.6539999999804, 292.88799999999173], "BlockAlign": "After", "BorderColor": [[0, 0.4156799999999947, 1], [0, 0, 0.5098109999999849], null, null], "BorderStyle": ["Solid", "Solid", "None", "None"], "BorderThickness": [0, 0.125, 0, 0], "ColIndex": 7, "Height": 19.625, "InlineAlign": "Center", "RowIndex": 7, "Width": 44.75}}, {"Bounds": [600.7032928466797, 274.2592010498047, 621.2538452148438, 282.9252014160156], "Font": {"alt_family_name": "Gotham", "embedded": true, "encoding": "WinAnsiEncoding", "family_name": "Gotham", "font_type": "Type1", "italic": false, "monospaced": false, "name": "WRLDCP+Gotham-Book", "subset": true, "weight": 400}, "HasClip": false, "Lang": "en", "ObjectID": 103, "Page": 0, "Path": "//Document/Sect/Table/TR[8]/TD[8]/P", "Text": "2034 ", "TextSize": 7.0, "attributes": {"LineHeight": 8.375}}, {"Bounds": [647.3372955322266, 274.2592010498047, 667.6618499755859, 282.9252014160156], "ObjectID": 149, "Page": 0, "Path": "//Document/Sect/Table/TR[8]/TD[9]", "attributes": {"BBox": [631.6539999999804, 273.208999999988, 679.8919999999925, 292.88799999999173], "BlockAlign": "After", "BorderColor": [[0, 0.4156799999999947, 1], [0, 0, 0.5098109999999849], null, null], "BorderStyle": ["Solid", "Solid", "None", "None"], "BorderThickness": [0, 0.125, 0, 0], "ColIndex": 8, "Height": 19.625, "InlineAlign": "Center", "RowIndex": 7, "Width": 48.25}}, {"Bounds": [647.3372955322266, 274.2592010498047, 667.6618499755859, 282.9252014160156], "Font": {"alt_family_name": "Gotham", "embedded": true, "encoding": "WinAnsiEncoding", "family_name": "Gotham", "font_type": "Type1", "italic": false, "monospaced": false, "name": "WRLDCP+Gotham-Book", "subset": true, "weight": 400}, "HasClip": false, "Lang": "en", "ObjectID": 104, "Page": 0, "Path": "//Document/Sect/Table/TR[8]/TD[9]/P", "Text": "2036 ", "TextSize": 7.0, "attributes": {"LineHeight": 8.375}}, {"Bounds": [692.1233062744141, 274.2592010498047, 759.9113159179688, 282.9252014160156], "ObjectID": 150, "Page": 0, "Path": "//Document/Sect/Table/TR[8]/TD[10]", "attributes": {"BBox": [679.8919999999925, 273.208999999988, 761.6089999999967, 292.88799999999173], "BlockAlign": "After", "BorderColor": [[0, 0.4156799999999947, 1], [0, 0, 0.5098109999999849], null, null], "BorderStyle": ["Solid", "Solid", "None", "None"], "BorderThickness": [0, 0.125, 0, 0], "ColIndex": 9, "Height": 19.625, "InlineAlign": "Start", "RowIndex": 7, "Width": 81.75}}, {"Bounds": [692.1233062744141, 274.2592010498047, 759.9113159179688, 282.9252014160156], "Font": {"alt_family_name": "Gotham", "embedded": true, "encoding": "WinAnsiEncoding", "family_name": "Gotham", "font_type": "Type1", "italic": false, "monospaced": false, "name": "WRLDCP+Gotham-Book", "subset": true, "weight": 400}, "HasClip": false, "Lang": "en", "ObjectID": 105, "Page": 0, "Path": "//Document/Sect/Table/TR[8]/TD[10]/P", "Text": "2038 2040 ", "TextSize": 7.0, "attributes": {"LineHeight": 8.375}}, {"Bounds": [273.7091064453125, 259.27349853515625, 545.1774139404297, 268.47149658203125], "ObjectID": 138, "Page": 0, "Path": "//Document/Sect/Table/TR[9]/TD", "attributes": {"BBox": [53.637799999998606, 255.92999999999302, 761.9689999999828, 273.5689999999886], "BlockAlign": "Middle", "BorderColor": [0, 0, 0.5098109999999849], "BorderStyle": "Solid", "BorderThickness": [0.125, 0.125, 0.375, 0.375], "ColIndex": 0, "ColSpan": 10, "Height": 17.625, "InlineAlign": "Center", "RowIndex": 8, "Width": 708.375}}, {"Bounds": [273.7091064453125, 259.27349853515625, 545.1774139404297, 268.47149658203125], "Font": {"alt_family_name": "Gotham", "embedded": true, "encoding": "Custom", "family_name": "Gotham", "font_type": "Type1", "italic": false, "monospaced": false, "name": "WRLDCP+Gotham-Bold", "subset": true, "weight": 700}, "HasClip": false, "Lang": "en", "ObjectID": 106, "Page": 0, "Path": "//Document/Sect/Table/TR[9]/TD/P", "Text": "            Efficient capital allocation aligned with climate transition initiatives ", "TextSize": 7.0, "attributes": {"LineHeight": 8.375}}, {"Bounds": [280.6531066894531, 242.33349609375, 538.0747528076172, 251.531494140625], "ObjectID": 135, "Page": 0, "Path": "//Document/Sect/Table/TR[10]/TD", "attributes": {"BBox": [53.637799999998606, 238.17099999999482, 761.9689999999828, 256.2899999999936], "BlockAlign": "Middle", "BorderColor": [0, 0, 0.5098109999999849], "BorderStyle": "Solid", "BorderThickness": [0.125, 0.375, 0.375, 0.375], "ColIndex": 0, "ColSpan": 10, "Height": 18.125, "InlineAlign": "Center", "RowIndex": 9, "Width": 708.375}}, {"Bounds": [280.6531066894531, 242.33349609375, 538.0747528076172, 251.531494140625], "Font": {"alt_family_name": "Gotham", "embedded": true, "encoding": "Custom", "family_name": "Gotham", "font_type": "Type1", "italic": false, "monospaced": false, "name": "WRLDCP+Gotham-Bold", "subset": true, "weight": 700}, "HasClip": false, "Lang": "en", "ObjectID": 107, "Page": 0, "Path": "//Document/Sect/Table/TR[10]/TD/P", "Text": "           Supporting a reliable and just transition to a lower carbon future ", "TextSize": 7.0, "attributes": {"LineHeight": 8.375}}, {"Bounds": [73.65370178222656, 209.9582061767578, 201.57546997070312, 218.62420654296875], "Font": {"alt_family_name": "Gotham", "embedded": true, "encoding": "WinAnsiEncoding", "family_name": "Gotham", "font_type": "Type1", "italic": false, "monospaced": false, "name": "WRLDCP+Gotham-Book", "subset": true, "weight": 400}, "HasClip": false, "Lang": "en", "ObjectID": 108, "Page": 0, "Path": "//Document/Sect/Footnote", "Text": "Studies/Research and development ", "TextSize": 7.0}, {"Bounds": [226.5084991455078, 209.9582061767578, 333.00830078125, 218.62420654296875], "Font": {"alt_family_name": "Gotham", "embedded": true, "encoding": "WinAnsiEncoding", "family_name": "Gotham", "font_type": "Type1", "italic": false, "monospaced": false, "name": "WRLDCP+Gotham-Book", "subset": true, "weight": 400}, "HasClip": false, "Lang": "en", "ObjectID": 109, "Page": 0, "Path": "//Document/Sect/P[2]", "Text": "Front-end engineering design ", "TextSize": 7.0}, {"Bounds": [359.1672058105469, 209.9582061767578, 450.09373474121094, 218.62420654296875], "Font": {"alt_family_name": "Gotham", "embedded": true, "encoding": "WinAnsiEncoding", "family_name": "Gotham", "font_type": "Type1", "italic": false, "monospaced": false, "name": "WRLDCP+Gotham-Book", "subset": true, "weight": 400}, "HasClip": false, "Lang": "en", "ObjectID": 110, "Page": 0, "Path": "//Document/Sect/P[3]", "Text": "Final investment decision ", "TextSize": 7.0, "attributes": {"LineHeight": 8.375, "TextAlign": "Center"}}, {"Bounds": [463.6199951171875, 207.87600708007812, 505.0635528564453, 220.41500854492188], "ObjectID": 111, "Page": 0, "Path": "//Document/Sect/Figure", "attributes": {"BBox": [463.900999999998, 207.93199999999342, 502.8999999999942, 220.17099999999482], "Placement": "Block"}}, {"Bounds": [463.6199951171875, 207.87600708007812, 505.0635528564453, 220.41500854492188], "Font": {"alt_family_name": "Gotham", "embedded": true, "encoding": "WinAnsiEncoding", "family_name": "Gotham", "font_type": "Type1", "italic": false, "monospaced": false, "name": "WRLDCP+Gotham-Book", "subset": true, "weight": 400}, "HasClip": false, "ObjectID": 111, "Page": 0, "Path": "//Document/Sect/Figure", "Text": "Online ", "TextSize": 7.0, "attributes": {"BBox": [463.900999999998, 207.93199999999342, 502.8999999999942, 220.17099999999482], "Placement": "Block"}}, {"Bounds": [534.5478973388672, 209.9582061767578, 567.4968719482422, 218.62420654296875], "Font": {"alt_family_name": "Gotham", "embedded": true, "encoding": "WinAnsiEncoding", "family_name": "Gotham", "font_type": "Type1", "italic": false, "monospaced": false, "name": "WRLDCP+Gotham-Book", "subset": true, "weight": 400}, "HasClip": false, "Lang": "en", "ObjectID": 112, "Page": 0, "Path": "//Document/Sect/P[4]", "Text": "Ongoing ", "TextSize": 7.0, "attributes": {"SpaceAfter": 18}}, {"Bounds": [57.015899658203125, 150.59950256347656, 691.7748565673828, 183.9965057373047], "Font": {"alt_family_name": "Gotham", "embedded": true, "encoding": "WinAnsiEncoding", "family_name": "Gotham", "font_type": "Type1", "italic": false, "monospaced": false, "name": "WRLDCP+Gotham-Book", "subset": true, "weight": 400}, "HasClip": false, "Lang": "en", "ObjectID": 113, "Page": 0, "Path": "//Document/Sect/Footnote[2]", "Text": "1 Our Climate Transition Action Plan includes current projections that are necessarily based on assumptions, contingencies and commercial judgement. The estimates included do not take into account customer demand or any future sell-downs and acquisitions, partnering arrangements and infrastructure funding. Our Climate Transition Action Plan is over a forward-looking period of approximately 20 years. It is important to recognise that markets are dynamic, emerging and still evolving, based on factors including developments in technology, science, markets, policy and experience over time. ", "TextSize": 6.5}, {"Bounds": [67.01289367675781, 139.3155059814453, 336.46617126464844, 147.3625030517578], "Font": {"alt_family_name": "Gotham", "embedded": true, "encoding": "WinAnsiEncoding", "family_name": "Gotham", "font_type": "Type1", "italic": false, "monospaced": false, "name": "WRLDCP+Gotham-Book", "subset": true, "weight": 400}, "HasClip": false, "Lang": "en", "ObjectID": 114, "Page": 0, "Path": "//Document/Sect/P[5]", "Text": "Note: Future dates are target dates based on current understanding, not forecasts. ", "TextSize": 6.5, "attributes": {"LineHeight": 7.75}}], "pages": [{"boxes": {"CropBox": [0.0, 0.0, 841.8900146484375, 595.2760009765625], "MediaBox": [0.0, 0.0, 841.8900146484375, 595.2760009765625]}, "height": 595.2760009765625, "is_scanned": false, "page_number": 0, "rotation": 0, "width": 841.8900146484375}]}